Customer ID,Recency,Frequency,Monetary_Total,Monetary_Average,Total_Quantity,Average_Basket_Size,Average_Order_Value,Unique_Products,Average_Purchase_Gap,Customer_Lifespan_Days,Country,Return_Rate,Price_Sensitivity,Historical_Revenue,Predicted_CLV,Engagement_Score,Churn
12346,133,17,-51.74000000000524,-1.1008510638298987,53,1.127659574468085,-3.043529411765014,30,24.5625,400,United Kingdom,27.659574468085108,603.3887382978722,-51.74000000000524,-47.0950124688327,28.875689859528165,1
12347,54,4,2434.96,19.636774193548387,1626,13.112903225806452,608.74,90,52.0,157,Iceland,0.0,4.6017464135851025,2434.96,5625.065822784811,32.61052096198418,0
12348,56,4,1709.4,35.612500000000004,2497,52.020833333333336,427.35,25,63.0,189,Finland,0.0,92.67146595744681,1709.4,3283.847368421053,32.42848748373415,1
12349,215,4,2646.99,24.73822429906542,988,9.233644859813085,661.7475,92,108.66666666666667,327,Italy,4.672897196261682,935.3264287779932,2646.99,2945.5833841463414,22.798975424650006,1
12350,118,1,334.4,19.670588235294115,197,11.588235294117647,334.4,17,0.0,0,Norway,0.0,87.13757352941178,334.4,122055.99999999999,28.23129725597506,1
12351,183,1,300.93,14.33,261,12.428571428571429,300.93,21,0.0,0,Unspecified,0.0,7.48434619047619,300.93,109839.45,24.260278568841414,1
12352,70,10,944.98,14.317878787878788,376,5.696969696969697,94.498,38,14.333333333333334,130,Norway,15.151515151515152,6988.804676200468,944.98,2632.959541984733,32.107658249775376,1
12353,12,2,406.76,16.948333333333334,212,8.833333333333334,203.38,23,204.0,204,Bahrain,0.0,6.435005797101448,406.76,724.2312195121951,34.808083360291384,1
12354,40,1,1079.4,18.610344827586207,530,9.137931034482758,1079.4,58,0.0,0,Spain,0.0,18.859960798548098,1079.4,366939.9750000006,33.054741174299245,1
12355,22,2,947.61,27.074571428571428,543,15.514285714285714,473.805,35,353.0,353,Bahrain,0.0,8.306593781512603,947.61,977.0555084745763,34.24225852529339,1
12356,53,5,6313.38,45.09557142857143,3411,24.364285714285714,1262.676,104,44.25,179,Portugal,0.0,17.01264069886947,6313.38,12802.131666666668,33.091442228771236,1
12357,196,2,12079.99,73.2120606060606,3879,23.509090909090908,6039.995,165,0.0,0,Switzerland,0.0,4352.686082867701,12079.99,366939.9750000006,24.539114713509605,1
12358,183,3,2719.01,46.879482758620696,831,14.327586206896552,906.3366666666667,52,177.5,356,Austria,0.0,31.26129452510587,2719.01,2779.9401960784317,24.65902395115329,0
12359,48,11,4819.97,22.008995433789956,1519,6.936073059360731,438.1790909090909,192,49.0,494,Cyprus,2.73972602739726,370.1572345481964,4819.97,3554.119292929293,33.870347470685495,0
12360,8,7,2634.41,19.659776119402984,1727,12.888059701492537,376.3442857142857,108,75.33333333333333,455,Austria,0.7462686567164178,57.57700561665357,2634.41,2108.683442982456,35.73380638028611,0
12361,95,4,511.25,17.629310344827587,235,8.10344827586207,127.8125,18,131.0,394,Belgium,0.0,20.779913793103447,511.25,472.4208860759494,29.948564444709376,1
12362,33,4,1099.44,18.634576271186443,503,8.525423728813559,274.86,52,170.66666666666666,512,Belgium,3.389830508474576,281.34335523085906,1099.44,782.2526315789474,33.78225442634248,0
12363,50,1,299.1,18.69375,282,17.625,299.1,16,0.0,0,Unspecified,0.0,8.047625,299.1,109171.50000000001,32.37978552520256,0
12365,99,3,320.69,13.94304347826087,173,7.521739130434782,106.89666666666666,22,0.0,0,Cyprus,4.3478260869565215,8399.359817786562,320.69,117051.85,29.589120905366695,1
12366,441,1,500.24,166.74666666666667,296,98.66666666666667,500.24,3,0.0,0,Cyprus,0.0,0.0,500.24,182587.6,8.525826400832988,1
12368,436,1,917.6999999999999,50.98333333333333,330,18.333333333333332,917.6999999999999,18,0.0,0,Cyprus,0.0,16.914779411764705,917.6999999999999,334960.5,8.86556011043075,1
12369,221,3,1791.15,19.25967741935484,1241,13.344086021505376,597.0500000000001,90,113.5,228,Austria,0.0,49.04570970079477,1791.15,2854.8897379912664,22.262477709539123,1
12370,82,6,3577.28,20.67791907514451,2224,12.855491329479769,596.2133333333334,150,78.6,394,Cyprus,0.0,35.2615500470493,3577.28,3305.587848101266,31.194483166178042,1
12371,217,3,2179.42,20.95596153846154,845,8.125,726.4733333333334,91,117.5,235,Switzerland,0.0,41.720083859223315,2179.42,3370.7131355932206,22.538750179595706,1
12372,20,2,914.9200000000001,23.45948717948718,592,15.179487179487179,457.46000000000004,32,83.0,83,Denmark,0.0,15.951325641025637,914.9200000000001,3975.545238095239,34.361658358771564,1
12373,119,3,1127.65,22.110784313725492,516,10.117647058823529,375.8833333333334,36,180.5,362,Austria,0.0,83.39273137254902,1127.65,1133.8629476584024,28.434776916129522,1
12374,229,3,2246.29,44.9258,1020,20.4,748.7633333333333,47,83.0,166,Austria,0.0,30.53903432653061,2246.29,4909.5559880239525,21.811673102551705,1
12376,197,2,503.15,38.70384615384615,240,18.46153846153846,251.575,11,28.0,28,Switzerland,0.0,202.95689102564106,503.15,6332.749999999999,23.521784159033135,1
12377,123,4,3426.32,22.54157894736842,2105,13.848684210526315,856.58,129,91.0,274,Switzerland,0.0,22.598668804461486,3426.32,4547.6610909090905,28.479955955044016,1
12378,370,1,1407.7,17.167073170731708,787,9.597560975609756,1407.7,82,0.0,0,Switzerland,0.0,48.91687342667872,1407.7,366939.9750000006,12.935339558050911,0
12379,230,2,767.98,18.73121951219512,408,9.951219512195122,383.99,37,112.0,112,Belgium,0.0,10.455630975609756,767.98,2480.643362831858,21.52900786893757,0
12380,189,10,5167.44,29.030561797752807,2199,12.353932584269662,516.7439999999999,119,31.0,281,Belgium,2.8089887640449436,25596.441036031225,5167.44,6688.353191489362,25.19148840282452,0
12382,490,1,-18.38,-18.38,-1,-1.0,-18.38,1,0.0,0,Netherlands,100.0,0.0,-18.38,-6708.7,5.4915338962226246,1
12383,46,5,1739.86,18.31431578947368,1509,15.884210526315789,347.972,82,28.0,113,Belgium,1.0526315789473684,13.803775856662932,1739.86,5570.604385964912,33.141006665964106,0
12385,187,2,1923.4,29.142424242424244,611,9.257575757575758,961.7,65,0.0,0,Belgium,1.5151515151515151,12.355725524475524,1923.4,366939.9750000006,24.24960153047964,1
12386,145,2,401.9,40.19,354,35.4,200.95,10,29.0,29,Australia,0.0,4.831476666666667,401.9,4889.783333333333,26.68802379056589,1
12387,223,1,143.94,15.993333333333332,134,14.88888888888889,143.94,9,0.0,0,Australia,0.0,28.546919444444445,143.94,52538.1,21.80530829842785,1
12388,83,5,1886.7,23.292592592592595,870,10.74074074074074,377.34000000000003,52,76.25,307,Australia,0.0,2.8557025000000005,1886.7,2235.862012987013,30.89428381614357,0
12389,210,3,1433.33,29.251632653061222,614,12.53061224489796,477.77666666666664,41,126.0,253,Australia,0.0,3.588912499999999,1433.33,2059.7064960629923,22.90447141337167,1
12391,272,6,2259.58,12.553222222222221,903,5.016666666666667,376.59666666666664,159,39.6,198,Cyprus,3.3333333333333335,76.63138021104909,2259.58,4144.455778894472,19.486125732553855,1
12392,399,1,234.75000000000003,33.53571428571429,73,10.428571428571429,234.75000000000003,7,0.0,0,Australia,0.0,10.521428571428569,234.75000000000003,85683.75000000001,11.067998722468715,1
12393,53,6,1855.25,21.32471264367816,1011,11.620689655172415,309.2083333333333,53,36.0,182,Australia,5.747126436781609,4.430136995455756,1855.25,3700.362021857923,32.82269027417485,1
12394,25,1,381.08,18.146666666666665,182,8.666666666666666,381.08,21,0.0,0,Belgium,0.0,11.522296190476188,381.08,139094.19999999998,33.912808836747054,1
12395,19,11,3254.46,19.487784431137726,2574,15.41317365269461,295.86,117,38.7,390,Belgium,1.1976047904191618,16.384136627948923,3254.46,3038.050895140665,35.511483583733,0
12396,482,1,931.43,14.329692307692307,591,9.092307692307692,931.43,65,0.0,0,RSA,0.0,4.726146490384612,931.43,339971.94999999995,6.058391439869737,1
12399,21,5,1622.6000000000001,17.44731182795699,1878,20.193548387096776,324.52000000000004,55,107.5,431,Belgium,0.0,10.569144553529684,1622.6000000000001,1370.9467592592594,34.6575721768039,0
12400,222,1,205.25,18.65909090909091,91,8.272727272727273,205.25,11,0.0,0,Australia,0.0,1.9425454545454546,205.25,74916.25,21.871422742941103,1
12401,111,1,84.3,16.86,11,2.2,84.3,5,0.0,0,Belgium,0.0,22.1045,84.3,30769.5,28.637988699405355,1
12402,131,7,1244.15,17.52323943661972,583,8.211267605633802,177.7357142857143,43,57.333333333333336,347,Belgium,1.4084507042253522,16.008890342052318,1244.15,1304.9274425287356,28.109809370989442,1
12403,329,1,591.6600000000001,147.91500000000002,164,41.0,591.6600000000001,4,0.0,0,Denmark,0.0,52.518825,591.6600000000001,215955.90000000002,15.370984795057092,1
12404,490,1,63.24,63.24,1,1.0,63.24,1,0.0,0,Finland,0.0,0.0,63.24,23082.600000000002,5.498275944473569,1
12406,196,4,2791.46,45.023548387096774,1574,25.387096774193548,697.865,44,102.66666666666667,308,Denmark,1.6129032258064515,3.637261475409836,2791.46,3297.355663430421,23.97086022477286,0
12407,43,2,495.96,18.36888888888889,419,15.518518518518519,247.98,23,28.0,28,Belgium,0.0,17.281548717948716,495.96,6242.255172413793,32.92289964593092,0
12408,53,9,2245.33,22.68010101010101,1135,11.464646464646465,249.4811111111111,66,31.25,253,Belgium,9.090909090909092,22.78631020408164,2245.33,3226.5568897637795,33.15341947395684,0
12409,228,6,12033.539999999999,76.16164556962025,7484,47.36708860759494,2005.59,125,35.75,144,Switzerland,1.89873417721519,16.63516752801741,12033.539999999999,30291.324827586202,22.979685805705827,0
12410,109,4,1001.46,23.844285714285714,339,8.071428571428571,250.365,36,66.66666666666667,201,Switzerland,4.761904761904762,69.86843902439026,1001.46,1809.568811881188,29.134356354932503,1
12411,217,1,346.9,15.768181818181818,138,6.2727272727272725,346.9,22,0.0,0,Australia,0.0,6.859025974025974,346.9,126618.49999999999,22.18837374820055,1
12412,210,5,1354.15,19.345000000000002,1162,16.6,270.83000000000004,50,33.75,137,Denmark,5.714285714285714,13.489332525879918,1354.15,3581.628623188406,23.09693589130774,0
12413,44,5,741.3,17.23953488372093,234,5.441860465116279,148.26,37,41.25,166,France,4.651162790697675,43.143220265780734,741.3,1620.2065868263473,33.18062284170963,1
12414,25,8,692.41,18.713783783783782,301,8.135135135135135,86.55125,21,35.0,246,Austria,24.324324324324326,1335.0035503002998,692.41,1023.196963562753,34.63504300883414,1
12415,11,16,69834.04,142.51844897959182,45862,93.59591836734694,4364.6275,295,21.133333333333333,324,Australia,0.6122448979591837,262.0184221063394,69834.04,78428.99876923076,41.99706253405145,0
12416,464,1,202.56,18.414545454545454,132,12.0,202.56,11,0.0,0,Australia,0.0,0.3294072727272727,202.56,73934.4,7.097085767040061,1
12417,33,21,4520.64,17.728,1870,7.333333333333333,215.26857142857145,195,24.9,508,Belgium,3.5294117647058822,32.00285464566928,4520.64,3241.7163064833007,35.756397737640825,0
12418,221,4,1348.37,19.541594202898548,680,9.855072463768115,337.0925,61,71.66666666666667,216,Switzerland,1.4492753623188406,8.508199658994032,1348.37,2267.9956221198154,22.325405287464537,0
12419,193,2,503.01,20.1204,231,9.24,251.505,23,27.0,27,Spain,0.0,62.03744066666667,503.01,6557.094642857142,23.765972838828144,1
12421,127,4,444.01,13.8753125,268,8.375,111.0025,27,61.666666666666664,186,Spain,3.125,66.98880796370969,444.01,866.6505347593584,27.98940827247971,0
12422,132,19,3554.29,23.695266666666665,2334,15.56,187.0678947368421,113,22.823529411764707,396,Switzerland,2.666666666666667,7729.452432398203,3554.29,3267.798110831234,29.43361341143837,0
12423,8,7,2129.85,16.258396946564886,1384,10.564885496183207,304.2642857142857,112,43.666666666666664,265,Belgium,0.0,15.91153625367,2129.85,2922.5385338345864,35.69212826382573,0
12424,230,5,1528.82,22.81820895522388,1275,19.029850746268657,305.764,61,77.0,309,Australia,7.462686567164178,3.8017913613749426,1528.82,1800.062258064516,21.890362917892805,0
12425,238,2,903.61,15.31542372881356,607,10.288135593220339,451.805,55,18.0,18,Portugal,6.779661016949152,2.6162898305084754,903.61,17358.823684210525,21.0518108111212,1
12426,2,3,1311.41,15.992804878048782,577,7.036585365853658,437.1366666666667,73,234.0,468,Germany,6.097560975609756,11.829183815115927,1311.41,1020.6069296375266,35.592813166884156,1
12427,159,2,246.55,18.965384615384615,70,5.384615384615385,123.275,10,19.0,19,Germany,23.076923076923077,22.596923076923076,246.55,4499.5375,25.820490576200925,1
12428,50,8,6236.2300000000005,25.984291666666667,2741,11.420833333333333,779.5287500000001,228,5.428571428571429,41,Finland,2.083333333333333,338.8127138005581,6236.2300000000005,54195.80833333334,33.56672706129556,0
12429,35,7,4123.09,42.07234693877551,1865,19.03061224489796,589.0128571428571,86,52.833333333333336,318,Denmark,1.0204081632653061,16.44348606143488,4123.09,4717.642163009405,34.20842400895254,0
12431,0,23,7025.9,24.227241379310342,2944,10.151724137931035,305.47391304347826,198,22.40909090909091,501,Australia,1.3793103448275863,9.429166614962408,7025.9,5108.473107569721,38.176996454949204,0
12433,174,6,7052.99,24.574878048780487,6044,21.05923344947735,1175.4983333333332,164,21.8,110,Norway,0.34843205574912894,83.783040710509,7052.99,23192.264414414414,25.864981256093987,1
12434,57,4,542.59,13.56475,194,4.85,135.6475,34,43.333333333333336,131,Australia,10.0,9.155021538461536,542.59,1500.3435606060605,32.271055539326035,1
12435,75,5,10075.03,106.05294736842106,3782,39.810526315789474,2015.006,81,117.0,469,Denmark,0.0,14.086305890257563,10075.03,7824.225425531915,32.05906406385128,1
12437,6,37,9418.53,20.564475982532752,6292,13.737991266375547,254.5548648648649,228,14.444444444444445,538,France,4.148471615720524,19.311541027968605,9418.53,6378.039795918368,39.40136907804138,0
12439,490,3,1089.18,14.71864864864865,448,6.054054054054054,363.06,69,21.5,43,Cyprus,4.054054054054054,7.070621417993334,1089.18,9035.243181818181,5.782026533204586,1
12440,265,3,768.15,21.947142857142858,308,8.8,256.05,21,130.0,260,Austria,8.571428571428571,81.3310078991597,768.15,1074.2327586206895,19.491772262239692,1
12441,174,1,173.55,15.77727272727273,121,11.0,173.55,11,0.0,0,France,0.0,24.59226909090909,173.55,63345.75000000001,24.799207161587663,1
12443,540,1,485.31,23.11,182,8.666666666666666,485.31,21,0.0,0,Norway,0.0,77.13639476190477,485.31,177138.15,2.4806370956617214,1
12445,208,2,293.08000000000004,13.956190476190478,142,6.761904761904762,146.54000000000002,20,20.0,20,Spain,4.761904761904762,2.3953290476190476,293.08000000000004,5094.009523809525,22.832881097430075,1
12447,51,1,476.49,18.326538461538462,190,7.3076923076923075,476.49,26,0.0,0,Belgium,0.0,10.833457384615382,476.49,173918.85,32.333388391611884,1
12449,218,2,768.6,76.86,729,72.9,384.3,10,28.0,28,Denmark,0.0,29.36546777777778,768.6,9673.758620689656,22.261659815332905,0
12450,207,5,469.07,14.6584375,307,9.59375,93.814,25,18.25,75,Spain,9.375,6.0759254032258045,469.07,2252.770394736842,23.206975904573756,0
12451,26,6,8920.83,25.200084745762712,6876,19.423728813559322,1486.805,259,61.8,311,Switzerland,0.5649717514124294,8.049499931979316,8920.83,10436.227403846155,35.05467928200834,0
12454,203,7,4292.71,102.20738095238096,2232,53.142857142857146,613.2442857142858,10,47.333333333333336,286,Spain,40.476190476190474,1133.5351210220674,4292.71,5459.369860627177,23.966024855511236,1
12455,103,6,5111.99,28.558603351955306,2736,15.28491620111732,851.9983333333333,156,84.6,426,Cyprus,0.0,18.481981225284038,5111.99,4369.733840749414,30.03920337237972,0
12456,62,1,940.1700000000001,22.9309756097561,445,10.853658536585366,940.1700000000001,41,0.0,0,Switzerland,0.0,42.95952024390244,940.1700000000001,343162.05000000005,31.700139030193508,0
12457,41,7,1396.8799999999999,26.86307692307692,534,10.26923076923077,199.5542857142857,37,39.8,201,Switzerland,9.615384615384617,85.70197903469081,1396.8799999999999,2524.065346534653,33.61693080557539,0
12458,92,3,1272.01,19.569384615384614,750,11.538461538461538,424.00333333333333,58,101.0,203,Switzerland,0.0,61.93063975961539,1272.01,2275.9002450980392,30.095053118334466,1
12459,413,1,454.36,19.754782608695653,258,11.217391304347826,454.36,23,0.0,0,Spain,0.0,38.07308458498024,454.36,165841.4,10.231438289433996,1
12460,264,1,326.65,18.147222222222222,170,9.444444444444445,326.65,18,0.0,0,Belgium,0.0,17.30528104575163,326.65,119227.24999999999,19.317348170233593,1
12462,102,2,741.3100000000001,16.847954545454545,283,6.431818181818182,370.65500000000003,40,8.0,8,Spain,9.090909090909092,24.320542230443976,741.3100000000001,30064.238888888893,29.34121266414847,1
12463,7,4,636.55,15.525609756097559,351,8.560975609756097,159.1375,32,13.666666666666666,42,Belgium,7.317073170731707,17.243534878048777,636.55,5403.273255813953,35.33131995979844,0
12464,8,4,544.8499999999999,36.32333333333333,54,3.6,136.21249999999998,6,35.666666666666664,108,Belgium,0.0,28.914952380952375,544.8499999999999,1824.4977064220182,35.26269521332065,0
12466,490,1,56.73,56.73,1,1.0,56.73,1,0.0,0,France,0.0,0.0,56.73,20706.449999999997,5.497738199630226,1
12467,194,2,0.0,0.0,0,0.0,0.0,9,37.0,37,USA,50.0,1.6128653594771243,0.0,0.0,23.663372695804213,1
12468,124,8,3121.1,23.11925925925926,1947,14.422222222222222,390.1375,113,52.714285714285715,373,Germany,8.148148148148149,12.274575234936426,3121.1,3045.9933155080216,28.791703788776477,0
12469,330,2,3070.54,40.40184210526316,2552,33.578947368421055,1535.27,76,14.0,14,Thailand,0.0,7.893161175438596,3070.54,74716.47333333333,15.6141998847437,1
12470,497,1,211.95,9.215217391304348,95,4.130434782608695,211.95,23,0.0,0,Unspecified,0.0,15.547233201581026,211.95,77361.75,5.083209393567615,1
12471,12,105,26918.13,27.355823170731707,11369,11.553861788617887,256.36314285714286,190,4.805825242718447,532,Germany,13.211382113821138,18.542266525134607,26918.13,18433.616228893057,47.24675547895966,0
12472,62,30,11995.17,16.036323529411764,7681,10.268716577540108,399.839,328,15.89655172413793,476,Germany,14.43850267379679,9.899638453099389,11995.17,9178.694025157232,35.49888616844566,0
12474,8,39,7472.39,15.470786749482402,4660,9.648033126293996,191.5997435897436,262,11.842105263157896,466,Germany,9.316770186335404,24.68226812711011,7472.39,5840.304817987152,39.31751713391919,0
12475,217,1,426.26,17.0504,236,9.44,426.26,25,0.0,0,Germany,0.0,11.949132333333331,426.26,155584.9,22.194929113909875,1
12476,11,28,9489.99,24.147557251908395,4013,10.211195928753181,338.92821428571426,273,10.74074074074074,298,Germany,6.870229007633588,19.764958709819798,9489.99,11584.770401337793,38.20649918757397,0
12477,47,6,11629.4,31.011733333333332,3831,10.216,1938.2333333333333,249,76.6,383,Germany,0.5333333333333333,8.906838827807489,11629.4,11053.986979166666,33.99636372197446,0
12480,75,6,3740.7400000000002,22.266309523809525,2002,11.916666666666666,623.4566666666667,120,47.4,240,Germany,1.7857142857142856,13.756281722269746,3740.7400000000002,5665.436099585063,31.63533586266715,0
12481,12,15,9545.38,32.35722033898305,5660,19.1864406779661,636.3586666666666,207,28.357142857142858,402,Germany,1.3559322033898304,325.1345729205578,9545.38,8645.31935483871,36.85649216254306,0
12482,257,32,21893.53,105.76584541062802,27039,130.6231884057971,684.1728125,42,6.896551724137931,204,Sweden,1.4492753623188406,14322.768820590025,21893.53,38981.16317073171,24.610762425836047,1
12483,13,21,3434.0,35.402061855670105,1472,15.175257731958762,163.52380952380952,48,23.2,471,Sweden,6.185567010309279,188.9845449097938,3434.0,2655.5296610169494,36.887639349337874,0
12484,85,10,2909.1,12.432051282051281,1699,7.260683760683761,290.90999999999997,184,50.55555555555556,459,Spain,3.418803418803419,14.001796663732073,2909.1,2308.307608695652,31.354149331214426,0
12485,337,1,708.1,20.826470588235296,414,12.176470588235293,708.1,34,0.0,0,Sweden,0.0,5.783932976827093,708.1,258456.5,14.89220258769483,1
12486,239,1,1037.28,21.168979591836734,523,10.673469387755102,1037.28,49,0.0,0,Sweden,0.0,35.71256539115645,1037.28,366939.9750000006,20.902299791419804,1
12487,538,2,259.79999999999995,86.59999999999998,144,48.0,129.89999999999998,3,0.0,0,Sweden,33.33333333333333,0.7433333333333333,259.79999999999995,94826.99999999999,2.683611926580214,1
12489,144,1,334.93,22.328666666666667,105,7.0,334.93,15,0.0,0,France,0.0,29.183531428571424,334.93,122249.45,26.644039448207568,1
12490,22,14,5596.43,20.131043165467627,3550,12.76978417266187,399.745,136,39.84615384615385,523,France,0.3597122302158274,21.426704708724007,5596.43,3898.276622137405,35.82029436415477,0
12492,211,1,452.0,20.545454545454547,252,11.454545454545455,452.0,22,0.0,0,Germany,0.0,17.155844155844154,452.0,164980.0,22.563355678715254,0
12493,0,2,215.55,16.58076923076923,87,6.6923076923076925,107.775,12,4.0,4,France,7.6923076923076925,43.689166666666665,215.55,15735.15,35.52488959343043,0
12494,4,12,1231.16,15.389500000000002,537,6.7125,102.59666666666668,54,37.4,379,France,10.0,19.526952848101264,1231.16,1182.5615789473686,36.35960655055829,0
12495,442,2,323.4,17.021052631578947,126,6.631578947368421,161.7,17,5.0,5,Sweden,10.526315789473683,76.04055555555557,323.4,19673.5,8.54967133147772,1
12496,428,2,45.34,4.534000000000001,30,3.0,22.67,10,0.0,0,Spain,0.0,1.1095122222222225,45.34,16549.100000000002,9.381403625327586,1
12497,208,3,5168.650000000001,117.4693181818182,4448,101.0909090909091,1722.8833333333334,31,140.5,281,Germany,2.272727272727273,34.52341395348838,5168.650000000001,6689.919326241135,23.3351197794404,1
12499,368,1,393.72,14.582222222222223,302,11.185185185185185,393.72,27,0.0,0,Germany,0.0,12.457249857549858,393.72,143707.80000000002,12.973681997162885,1
12500,74,16,2876.2400000000002,26.38752293577982,1597,14.65137614678899,179.76500000000001,67,26.8,406,Germany,5.5045871559633035,23.96308076792389,2876.2400000000002,2579.4289926289925,32.62000059702421,0
12501,123,2,2089.68,13.0605,1722,10.7625,1044.84,149,21.0,21,Germany,6.875000000000001,7.44922836477987,2089.68,34669.69090909091,28.170540646984787,1
12502,25,3,1842.65,23.930519480519482,434,5.636363636363637,614.2166666666667,61,45.5,91,Spain,0.0,33.562069104579635,1842.65,7310.513586956523,34.23254372441901,0
12503,145,2,0.0,0.0,560,186.66666666666666,0.0,3,246.0,246,Spain,33.33333333333333,353209.6533333334,0.0,0.0,26.654825687257205,1
12504,225,2,297.0,27.0,368,33.45454545454545,148.5,8,179.0,179,Germany,0.0,47.777727272727276,297.0,602.25,21.795353862925566,1
12505,109,3,908.0,19.319148936170212,313,6.659574468085107,302.6666666666667,43,53.0,107,Italy,10.638297872340425,25.32651711378353,908.0,3068.7037037037035,29.02713380084822,1
12506,40,1,73.5,3.1956521739130435,23,1.0,73.5,23,0.0,0,France,0.0,4.353843873517787,73.5,26827.5,32.97165092269884,1
12507,106,2,985.41,24.03439024390244,581,14.170731707317072,492.705,40,286.0,286,Spain,0.0,37.89801219512194,985.41,1253.2217770034842,29.11717578650122,0
12509,92,1,176.5,25.214285714285715,55,7.857142857142857,176.5,7,0.0,0,France,0.0,38.448928571428574,176.5,64422.5,29.80555584623151,1
12510,133,15,3387.81,22.5854,1959,13.06,225.85399999999998,94,28.928571428571427,410,Spain,6.0,12070.145359391492,3387.81,3008.6390510948904,28.96080167025941,0
12511,222,2,3065.77,15.802938144329897,1748,9.010309278350515,1532.885,190,14.0,14,Greece,2.0618556701030926,11.322327260830082,3065.77,74600.40333333334,22.20721246234342,1
12514,75,2,1597.76,19.02095238095238,840,10.0,798.88,76,374.0,374,Italy,0.0,7.940666551921973,1597.76,1555.1530666666665,31.0603095615141,1
12515,161,1,383.7,23.98125,131,8.1875,383.7,16,0.0,0,Italy,0.0,73.79995833333334,383.7,140050.5,25.610216953522407,1
12516,238,2,1336.56,27.845,1077,22.4375,668.28,38,168.0,168,Germany,0.0,11.897421232269501,1336.56,2886.6532544378697,21.08757373430481,0
12519,272,2,354.35,14.764583333333334,205,8.541666666666666,177.175,22,12.0,12,Germany,8.333333333333332,13.096572282608696,354.35,9949.057692307693,18.930738269573578,1
12520,12,4,1645.81,15.674380952380952,936,8.914285714285715,411.4525,94,22.666666666666668,68,Germany,2.857142857142857,17.72813736263737,1645.81,8706.096376811594,35.109437451874136,0
12523,60,21,2955.67,15.890698924731183,1646,8.849462365591398,140.7461904761905,127,23.7,484,France,5.913978494623656,20.46776089508862,2955.67,2224.370206185567,33.97877503744795,0
12524,12,15,9439.02,46.72782178217822,5597,27.707920792079207,629.268,130,32.785714285714285,464,Germany,0.9900990099009901,19.208950664991878,9439.02,7409.123225806452,36.847706518681626,0
12525,299,8,835.1800000000001,10.846493506493507,487,6.324675324675325,104.39750000000001,56,34.57142857142857,244,France,22.07792207792208,11.72799586466165,835.1800000000001,1244.2477551020409,17.91911949636842,1
12527,102,4,671.72,23.162758620689655,513,17.689655172413794,167.93,24,77.33333333333333,234,Germany,0.0,13.149407142857145,671.72,1043.3097872340425,29.534469303843007,1
12528,67,3,765.46,16.640434782608697,356,7.739130434782608,255.15333333333334,38,26.5,53,Germany,4.3478260869565215,24.32435096618357,765.46,5173.9425925925925,31.57946214836551,0
12529,330,2,311.78000000000003,13.555652173913044,190,8.26086956521739,155.89000000000001,21,5.0,5,France,8.695652173913043,7.280526482213438,311.78000000000003,18966.61666666667,15.3863183234502,1
12530,41,9,2871.23,23.729173553719008,2125,17.56198347107438,319.02555555555557,76,50.625,408,Germany,1.6528925619834711,29.00977019283747,2871.23,2562.344621026895,33.937721358239344,0
12531,488,2,1773.83,15.291637931034483,1059,9.129310344827585,886.915,110,5.0,5,Germany,5.172413793103448,6.663030187406296,1773.83,107907.99166666667,5.8611782394775,1
12533,426,6,1149.99,12.777666666666667,568,6.311111111111111,191.665,63,23.4,119,Germany,20.0,13.055757752808988,1149.99,3497.88625,9.992760985110987,1
12537,216,1,732.94,17.04511627906977,449,10.44186046511628,732.94,43,0.0,0,Sweden,0.0,36.98890631229236,732.94,267523.10000000003,22.28131183065216,1
12538,186,1,276.5,21.26923076923077,145,11.153846153846153,276.5,13,0.0,0,Spain,0.0,17.341614102564105,276.5,100922.5,24.075110396978044,1
12539,70,7,8448.24,18.286233766233767,4088,8.848484848484848,1206.8914285714286,248,75.33333333333333,454,Spain,0.21645021645021645,6357.923499240311,8448.24,6777.15956043956,32.42894178144535,1
12540,0,24,14877.08,30.993916666666667,7161,14.91875,619.8783333333333,229,22.956521739130434,539,Spain,0.4166666666666667,35.5631281680585,14877.08,10055.804074074073,38.92502913593028,0
12541,88,1,312.4,18.376470588235293,288,16.941176470588236,312.4,17,0.0,0,Spain,0.0,42.855213235294116,312.4,114025.99999999999,30.06098182379739,0
12542,292,4,423.38,9.408444444444445,514,11.422222222222222,105.845,39,51.666666666666664,156,Spain,13.333333333333334,13.589684040404045,423.38,984.2910828025476,17.914444101505637,1
12543,256,1,980.25,22.796511627906977,688,16.0,980.25,43,0.0,0,Spain,0.0,20.061651052048724,980.25,357791.25,19.859737910494133,1
12545,67,1,628.15,18.474999999999998,346,10.176470588235293,628.15,34,0.0,0,Spain,0.0,26.45557263814617,628.15,229274.75,31.36911496979422,1
12547,5,3,383.58,18.265714285714285,309,14.714285714285714,127.86,13,150.5,302,Spain,0.0,93.37973333333333,383.58,462.06831683168315,35.333021540108966,1
12549,383,6,1575.68,32.15673469387755,1366,27.877551020408163,262.61333333333334,38,24.0,121,USA,0.0,1.0639734693877552,1575.68,4714.124590163935,12.653076836432989,1
12551,165,1,168.0,16.8,100,10.0,168.0,10,0.0,0,Spain,0.0,0.10233333333333333,168.0,61320.0,25.348199264973612,1
12553,12,11,2594.89,17.53304054054054,1297,8.763513513513514,235.8990909090909,91,21.5,218,France,2.7027027027027026,19.241011785254635,2594.89,4324.816666666667,35.88435161994308,0
12554,256,1,468.5,18.01923076923077,240,9.23076923076923,468.5,26,0.0,0,Spain,0.0,29.61519338461538,468.5,171002.5,19.81746587922213,1
12555,490,1,129.23,129.23,1,1.0,129.23,1,0.0,0,Spain,0.0,0.0,129.23,47168.95,5.503726909483123,1
12557,64,6,10959.800000000001,322.34705882352944,3956,116.3529411764706,1826.6333333333334,15,92.8,466,Spain,0.0,0.9237137254901963,10959.800000000001,8566.010706638117,32.90320178595101,0
12559,118,3,536.21,24.37318181818182,281,12.772727272727273,178.73666666666668,21,4.0,8,Germany,4.545454545454546,22.44384935064935,536.21,21746.294444444444,28.446972321243067,1
12561,110,1,238.85,14.928125,177,11.0625,238.85,16,0.0,0,Germany,0.0,6.984186250000001,238.85,87180.25,28.711805037803902,1
12562,6,3,1630.14,27.169,731,12.183333333333334,543.38,43,118.0,236,France,0.0,16.80192370056497,1630.14,2510.553164556962,35.37494094325514,0
12563,216,1,249.24,19.172307692307694,113,8.692307692307692,249.24,13,0.0,0,Italy,0.0,53.559764102564095,249.24,90972.6,22.24135681057152,1
12564,69,1,456.9,21.757142857142856,133,6.333333333333333,456.9,21,0.0,0,France,0.0,27.036904761904758,456.9,166768.5,31.232869102007083,1
12565,89,2,131.17,13.116999999999999,75,7.5,65.585,9,7.0,7,Saudi Arabia,10.0,1.918587777777778,131.17,5984.631249999999,30.08446412773517,1
12567,9,10,6220.82,21.231467576791808,2626,8.96245733788396,622.082,218,51.111111111111114,465,France,0.6825938566552902,21.226609168264055,6220.82,4872.530686695279,36.267511628867844,0
12568,452,1,70.0,14.0,48,9.6,70.0,5,0.0,0,Germany,0.0,61.392529999999994,70.0,25550.0,7.818736659942862,1
12569,26,6,1140.6200000000001,25.92318181818182,486,11.045454545454545,190.10333333333335,29,6.0,33,Germany,2.272727272727273,27.070183509513743,1140.6200000000001,12244.89117647059,34.412011416013726,0
12570,490,1,77.52,77.52,1,1.0,77.52,1,0.0,0,Spain,0.0,0.0,77.52,28294.8,5.499455513807352,1
12573,35,5,717.41,6.028655462184874,479,4.025210084033613,143.482,107,58.75,237,France,0.0,2.875315724255804,717.41,1100.2296218487395,33.72810000801003,1
12574,123,1,218.45,19.85909090909091,61,5.545454545454546,218.45,11,0.0,0,France,0.0,23.1505,218.45,79734.25,27.916469145104845,1
12575,265,2,622.8199999999999,16.389999999999997,315,8.289473684210526,311.40999999999997,34,69.0,69,France,0.0,17.683370199146516,622.8199999999999,3247.561428571428,19.380265096016515,1
12576,26,7,1198.54,13.619772727272727,830,9.431818181818182,171.22,74,43.57142857142857,308,Poland,4.545454545454546,19.70387753396029,1198.54,1415.7511326860842,34.51629826322667,0
12577,167,6,1186.3899999999999,5.417305936073059,856,3.9086757990867578,197.73166666666665,195,75.2,376,France,0.0,1.6879431318336047,1186.3899999999999,1148.6269230769228,25.80773354243743,1
12578,124,6,3386.6,24.71970802919708,1886,13.766423357664234,564.4333333333333,110,25.0,126,Italy,6.569343065693431,16.578329454701592,3386.6,9733.141732283464,28.614629882147884,1
12580,54,2,1052.9,18.153448275862072,569,9.810344827586206,526.45,52,329.0,329,Germany,0.0,9.782366273442225,1052.9,1164.5712121212123,32.29735383045573,1
12582,46,4,1980.4,19.22718446601942,985,9.563106796116505,495.1,88,112.66666666666667,338,Finland,0.0,34.03093672187321,1980.4,2132.2890855457226,33.06137347865042,1
12583,8,19,9326.09,31.50706081081081,5498,18.574324324324323,490.8468421052632,102,29.11111111111111,532,France,0.6756756756756757,18.83539283096654,9326.09,6386.534427767355,37.48058836825217,0
12584,78,2,453.73,23.880526315789474,82,4.315789473684211,226.865,18,9.0,9,Italy,5.263157894736842,35.556180701754386,453.73,16561.145,30.782659188943086,0
12585,42,4,1982.81,20.441340206185565,1258,12.969072164948454,495.7025,77,38.666666666666664,117,Germany,10.309278350515463,18.232756829896907,1982.81,6133.268220338982,33.30577279582646,1
12586,176,4,1848.73,22.008690476190477,606,7.214285714285714,462.1825,76,117.66666666666667,354,Italy,1.1904761904761905,17.98243046471601,1848.73,1900.8069014084506,25.11398921902068,1
12588,207,4,724.08,19.054736842105264,381,10.026315789473685,181.02,27,66.0,198,Finland,5.263157894736842,111.76706031294452,724.08,1328.086432160804,23.128537981143808,1
12589,222,9,2447.49,13.827627118644067,1063,6.005649717514125,271.9433333333333,100,34.25,275,France,18.07909604519774,12457.632317552647,2447.49,3236.716847826087,22.852658157653238,0
12590,19,4,9856.36,140.80514285714287,4281,61.15714285714286,2464.09,70,131.66666666666666,395,Germany,2.857142857142857,3867.3118305590065,9856.36,9084.776262626263,35.360302220147226,0
12591,125,3,1338.95,19.69044117647059,653,9.602941176470589,446.31666666666666,63,45.5,91,Italy,0.0,36.578070127304656,1338.95,5312.138586956522,28.085930541441808,1
12592,21,7,946.8199999999999,12.624266666666665,1747,23.293333333333333,135.26,40,50.833333333333336,305,Germany,4.0,18843.645999387383,946.8199999999999,1129.3767973856209,34.80075576786772,1
12593,26,1,236.0,21.454545454545453,100,9.090909090909092,236.0,11,0.0,0,France,0.0,23.526909090909093,236.0,86140.0,33.83977474775964,0
12594,0,13,3471.28,22.54077922077922,1861,12.084415584415584,267.02153846153846,72,37.5,454,Italy,1.948051948051948,30.90540857737034,3471.28,2784.653186813187,36.88834967839897,0
12595,312,1,299.02,15.737894736842104,271,14.263157894736842,299.02,19,0.0,0,Germany,0.0,18.469927485380122,299.02,109142.29999999999,16.384662921855,1
12596,50,1,269.95,17.996666666666666,156,10.4,269.95,15,0.0,0,Spain,0.0,49.22041238095239,269.95,98531.75,32.37737765082722,1
12597,76,1,516.15,17.205,230,7.666666666666667,516.15,30,0.0,0,Spain,0.0,32.038922413793095,516.15,188394.75,30.81041289615713,0
12598,28,10,2677.33,21.248650793650793,1562,12.396825396825397,267.733,97,47.111111111111114,428,France,3.968253968253968,11.54627434285715,2677.33,2277.914801864802,34.81485793820437,0
12599,16,9,1728.0,17.28,1661,16.61,192.0,39,45.5,369,France,0.0,24.726820717171712,1728.0,1704.6486486486488,35.369538777385664,0
12600,12,22,3596.21,34.24961904761905,936,8.914285714285715,163.4640909090909,41,24.666666666666668,528,Germany,7.6190476190476195,32.619434468864476,3596.21,2481.316918714556,37.06159091347065,0
12601,0,6,605.66,19.537419354838708,266,8.580645161290322,100.94333333333333,21,41.8,211,Germany,3.225806451612903,77.8693606451613,605.66,1042.763679245283,35.95512375886144,0
12604,69,1,178.5,17.85,137,13.7,178.5,10,0.0,0,France,0.0,28.244555555555557,178.5,65152.5,31.20987245617196,1
12605,173,5,1225.45,15.512025316455697,925,11.708860759493671,245.09,63,23.0,93,Germany,3.79746835443038,11.276777896786756,1225.45,4758.396276595745,25.345157157634926,1
12606,490,1,21.0,21.0,1,1.0,21.0,1,0.0,0,Spain,0.0,0.0,21.0,7665.0,5.494786798208929,1
12608,212,1,415.79,25.986875,323,20.1875,415.79,16,0.0,0,United Kingdom,0.0,0.7155666666666666,415.79,151763.35,22.499314566854526,1
12609,126,8,2578.94,19.537424242424244,1127,8.537878787878787,322.3675,95,57.0,401,Germany,0.7575757575757576,19.305675566736067,2578.94,2341.574875621891,28.62481968138192,0
12613,5,11,4817.36,18.744591439688715,3200,12.45136186770428,437.9418181818182,174,52.4,527,Germany,3.8910505836575875,10.654836238448443,4817.36,3330.1825757575757,36.49528450228342,1
12614,85,1,315.6,15.780000000000001,76,3.8,315.6,20,0.0,0,Germany,0.0,7.162526315789472,315.6,115194.00000000001,30.244396336210045,1
12615,221,7,3273.69,18.92306358381503,1919,11.092485549132949,467.67,148,53.666666666666664,324,France,4.624277456647398,13.89759417260385,3273.69,3676.6056923076926,22.782949755033595,0
12616,60,5,617.5,16.68918918918919,298,8.054054054054054,123.5,26,33.75,135,France,10.81081081081081,18.384425675675676,617.5,1657.2610294117646,32.19359562656674,1
12619,42,3,771.8,35.08181818181818,652,29.636363636363637,257.26666666666665,21,163.0,326,Germany,0.0,27.476151731601735,771.8,861.4892966360856,33.106237376968316,0
12620,12,1,561.66,17.02,434,13.151515151515152,561.66,33,0.0,0,France,0.0,5.450053030303028,561.66,205005.9,34.72137606109076,1
12621,8,32,17846.9,34.05896946564886,10055,19.188931297709924,557.715625,244,14.64516129032258,468,Germany,1.9083969465648856,15.086481028053072,17846.9,13889.378464818763,39.47796427623877,0
12622,40,1,180.1,16.37272727272727,69,6.2727272727272725,180.1,11,0.0,0,Germany,0.0,34.90800909090909,180.1,65736.5,32.98045639125497,1
12623,84,9,3639.84,20.799085714285717,1965,11.228571428571428,404.4266666666667,112,52.25,420,Germany,1.1428571428571428,14.76807755008211,3639.84,3155.680760095012,31.376058143845828,1
12625,19,5,5095.38,27.10308510638298,3274,17.414893617021278,1019.076,145,95.5,384,Germany,2.6595744680851063,12.636475830583686,5095.38,4830.684935064935,35.06653397894464,1
12626,119,4,1166.55,17.411194029850744,426,6.358208955223881,291.6375,57,4.666666666666667,14,Germany,11.940298507462686,15.254227725011305,1166.55,28386.05,28.53749265628865,0
12629,193,2,1558.22,34.62711111111111,722,16.044444444444444,779.11,40,37.0,37,Sweden,0.0,74.09242676767676,1558.22,14967.113157894737,23.853136239157465,1
12631,239,6,2811.77,18.140451612903227,1357,8.754838709677419,468.62833333333333,105,43.333333333333336,261,Finland,1.935483870967742,5.140257628822788,2811.77,3917.160496183206,21.54639023953237,1
12632,328,4,738.88,19.44421052631579,668,17.57894736842105,184.72,32,14.333333333333334,44,Germany,7.894736842105263,21.430104196301567,738.88,5993.137777777777,15.742703116925357,1
12633,4,7,5184.13,18.383439716312058,2989,10.599290780141844,740.59,209,54.5,328,Germany,1.773049645390071,14.597100559046966,5184.13,5751.390425531915,36.188620876708825,0
12634,343,2,490.0,24.5,337,16.85,245.0,20,12.0,12,USA,0.0,828.1188092105265,490.0,13757.692307692309,14.607389017661248,1
12635,200,2,1241.23,15.913205128205128,777,9.961538461538462,620.615,77,64.0,64,Germany,0.0,11.30257311022311,1241.23,6969.983846153846,23.39960152027228,0
12636,546,1,141.0,141.0,1,1.0,141.0,1,0.0,0,USA,0.0,0.0,141.0,51465.0,2.085895726748237,1
12637,47,10,4599.41,12.071942257217847,2334,6.125984251968504,459.941,228,30.0,304,France,1.0498687664041995,7.557541642492059,4599.41,5504.211967213115,33.81367614975744,0
12638,447,1,249.8,27.755555555555556,86,9.555555555555555,249.8,9,0.0,0,Sweden,0.0,168.91611111111112,249.8,91177.0,8.138838965628352,1
12639,46,3,1312.37,20.50578125,631,9.859375,437.45666666666665,58,194.5,389,Sweden,0.0,69.67760493551586,1312.37,1228.2437179487179,32.906689779460216,1
12643,28,11,5902.58,140.53761904761905,3443,81.97619047619048,536.5981818181818,14,38.6,390,France,9.523809523809524,646.5984441927992,5902.58,5510.081074168798,35.18077541132596,0
12644,238,5,1337.63,14.539456521739131,676,7.3478260869565215,267.526,76,65.5,263,Germany,13.043478260869565,11.144539178213092,1337.63,1849.374810606061,21.386169582088517,0
12645,27,7,2542.62,20.34096,1492,11.936,363.2314285714286,91,63.57142857142857,449,Germany,1.6,13.143203509677416,2542.62,2062.347333333333,34.56627310064671,0
12647,7,40,15293.48,31.598099173553717,5890,12.169421487603305,382.337,224,12.552631578947368,495,Germany,3.71900826446281,189.77334774866117,15293.48,11254.274596774194,40.124114354854136,0
12648,242,4,778.95,17.310000000000002,354,7.866666666666666,194.7375,32,88.66666666666667,266,Germany,2.2222222222222223,14.871210909090907,778.95,1064.8567415730338,20.996318265214132,0
12649,20,8,2009.99,18.61101851851852,1560,14.444444444444445,251.24875,86,68.57142857142857,483,Germany,3.7037037037037033,17.49379261855313,2009.99,1515.798243801653,35.04912923584969,0
12651,142,5,365.3,11.415625,262,8.1875,73.06,30,32.25,130,France,6.25,2.9272479838709677,365.3,1017.820610687023,27.166658170463098,1
12652,130,3,1011.58,18.732962962962965,533,9.87037037037037,337.1933333333333,51,55.5,112,France,5.555555555555555,10.557205730258561,1011.58,3267.4929203539828,27.7536385266116,1
12653,104,2,2730.08,46.272542372881354,1048,17.76271186440678,1365.04,55,230.0,230,Israel,0.0,7.193018527177089,2730.08,4313.762770562771,29.383390700588293,0
12654,5,3,337.75,15.352272727272727,151,6.863636363636363,112.58333333333333,19,48.5,97,Germany,0.0,22.26140692640693,337.75,1257.9464285714287,35.329235849452985,1
12655,231,1,261.35,16.334375,80,5.0,261.35,16,0.0,0,France,0.0,19.513739583333333,261.35,95392.75000000001,21.326606215873273,1
12656,11,7,3959.41,25.38083333333333,1803,11.557692307692308,565.63,118,59.333333333333336,359,France,1.9230769230769231,15.602351199338303,3959.41,4014.4018055555553,35.66010503237853,0
12661,244,1,162.0,14.727272727272727,216,19.636363636363637,162.0,11,0.0,0,Sweden,0.0,0.2061818181818181,162.0,59130.0,20.52474882465165,1
12662,47,15,4182.31,17.211152263374487,2083,8.572016460905349,278.8206666666667,116,26.5,378,Germany,2.05761316872428,18.589837836275198,4182.31,4027.818337730871,34.27673492026296,0
12663,432,3,204.0,18.545454545454547,169,15.363636363636363,68.0,9,21.5,43,Germany,9.090909090909092,39.72568181818182,204.0,1692.2727272727275,9.249811643934505,1
12664,40,4,2491.7400000000002,146.5729411764706,609,35.8235294117647,622.9350000000001,5,164.33333333333334,494,Finland,0.0,251.56037205882348,2491.7400000000002,1837.3436363636365,33.46991200903604,0
12665,132,5,301.45,14.354761904761904,157,7.476190476190476,60.29,13,85.5,344,Germany,19.047619047619047,34.56890476190476,301.45,318.9253623188406,27.771884586148435,1
12666,167,2,1020.98,30.938787878787878,314,9.515151515151516,510.49,31,34.0,34,Israel,6.0606060606060606,15.354273484848482,1020.98,10647.362857142858,25.39606024740567,1
12668,56,10,10465.55,20.931099999999997,4725,9.45,1046.5549999999998,258,42.4,428,Germany,0.4,49.267971004408835,10465.55,8904.255827505827,33.7487857439824,1
12669,56,3,1136.3,16.004225352112677,848,11.943661971830986,378.76666666666665,70,3.5,7,France,1.4084507042253522,35715.97477665996,1136.3,51843.6875,32.28164527732099,0
12670,7,4,1790.6299999999999,30.872931034482757,718,12.379310344827585,447.65749999999997,44,155.0,466,France,0.0,19.833172928009677,1790.6299999999999,1399.528800856531,35.42665030830923,1
12671,414,1,2622.481,58.27735555555556,1460,32.44444444444444,2622.481,45,0.0,0,Germany,0.0,5.939740436363638,2622.481,366939.9750000006,10.349481298659429,1
12672,137,3,410.5,16.42,131,5.24,136.83333333333334,22,132.5,265,France,12.0,10.457708333333331,410.5,563.2800751879699,27.276637151421454,1
12673,134,2,840.4,15.28,520,9.454545454545455,420.2,52,75.0,75,Germany,0.0,9.134931447811447,840.4,4036.1315789473683,27.39579583136477,1
12674,15,1,586.74,34.514117647058825,222,13.058823529411764,586.74,17,0.0,0,France,0.0,39.575311029411765,586.74,214160.1,34.54029755853521,0
12675,361,4,933.55,8.189035087719297,334,2.9298245614035086,233.3875,111,7.666666666666667,24,Italy,1.7543859649122806,17.041938612016764,933.55,13629.83,13.744131407750082,1
12676,68,8,2149.1,26.208536585365852,1552,18.926829268292682,268.6375,56,31.571428571428573,222,Sweden,1.2195121951219512,109.90454388738333,2149.1,3517.585201793722,32.130217194103814,0
12677,363,3,389.3,16.92608695652174,174,7.565217391304348,129.76666666666668,14,88.0,176,France,8.695652173913043,24.717480237154152,389.3,802.7937853107345,13.477572172743777,1
12678,57,15,20214.71,75.4280223880597,13846,51.66417910447761,1347.6473333333333,166,31.785714285714285,451,France,1.1194029850746268,344.3151270333725,20214.71,16323.825553097344,34.99055695590841,0
12679,13,3,869.13,18.492127659574468,392,8.340425531914894,289.71,43,38.5,77,France,6.382978723404255,14.785469195189638,869.13,4067.082692307692,34.88472888714398,1
12681,6,44,23843.079999999998,20.01937867338371,13889,11.661628883291351,541.8881818181818,410,11.767441860465116,527,France,2.18303946263644,12.295287330750929,23843.079999999998,16482.432196969698,41.289396073164404,0
12682,0,33,15859.59,22.592008547008547,7182,10.23076923076923,480.5936363636364,251,16.53125,546,France,0.4273504273504274,15.711357626874088,15859.59,10582.724588665447,39.901709693887504,0
12683,19,19,7480.25,23.597003154574132,4631,14.608832807570979,393.69736842105266,183,28.166666666666668,514,France,1.5772870662460567,15.991117300243593,7480.25,5301.53640776699,36.65656596987568,0
12684,5,3,917.1,20.84318181818182,888,20.181818181818183,305.7,32,8.0,16,France,0.0,17.03547626849894,917.1,19690.676470588234,35.377091836394726,0
12686,179,1,89.14,12.734285714285715,107,15.285714285714286,89.14,7,0.0,0,France,0.0,42.431447619047624,89.14,32536.1,24.48698434601069,1
12687,288,2,2138.91,16.97547619047619,1403,11.134920634920634,1069.455,126,0.0,0,Sweden,0.0,616.7317783428576,2138.91,366939.9750000006,18.10134711422206,1
12690,13,1,389.01,24.313125,106,6.625,389.01,16,0.0,0,France,0.0,22.002822916666666,389.01,141988.65,34.64606461030135,1
12691,126,4,540.8,24.58181818181818,202,9.181818181818182,135.2,17,34.0,102,France,0.0,32.23846320346321,540.8,1916.4271844660193,28.05845346769063,0
12692,445,1,110.95,8.534615384615385,36,2.769230769230769,110.95,13,0.0,0,France,0.0,4.359423076923077,110.95,40496.75,8.249469675823995,1
12693,19,9,1425.23,19.003066666666665,491,6.546666666666667,158.35888888888888,59,38.25,310,Germany,4.0,21.85346025225225,1425.23,1672.697588424437,35.16137891586083,0
12694,223,2,969.78,20.633617021276596,844,17.95744680851064,484.89,46,5.0,5,France,2.127659574468085,10.086940980573543,969.78,58994.95,21.973027560402684,0
12695,18,4,914.27,24.059736842105263,267,7.026315789473684,228.5675,31,151.33333333333334,454,France,0.0,55.80096166429589,914.27,733.4253846153847,34.68270976411463,0
12696,242,3,801.15,16.023,563,11.26,267.05,44,123.5,247,Finland,2.0,104.2444744897959,801.15,1179.1118951612902,20.898649561910347,1
12698,398,1,339.75,21.234375,111,6.9375,339.75,16,0.0,0,Germany,0.0,25.656333333333336,339.75,124008.75,11.137722087443663,1
12699,225,1,638.11,15.563658536585367,373,9.097560975609756,638.11,41,0.0,0,Germany,0.0,16.812945975609757,638.11,232910.15,21.724028048714022,1
12700,23,2,1056.43,16.76873015873016,777,12.333333333333334,528.215,62,0.0,0,France,1.5873015873015872,13.470723092677934,1056.43,366939.9750000006,34.19019731122529,0
12701,50,5,1985.78,17.267652173913042,1295,11.26086956521739,397.156,92,97.0,390,Germany,0.0,16.587690953470638,1985.78,1853.7332480818413,32.917120125584894,1
12703,441,5,617.48,9.959354838709677,378,6.096774193548387,123.49600000000001,44,12.5,51,Germany,14.516129032258066,20.20033093601269,617.48,4334.234615384616,8.93352071443559,1
12705,9,12,7866.61,18.16769053117783,4855,11.212471131639722,655.5508333333333,254,48.36363636363637,535,Germany,5.080831408775981,7.252578060046191,7866.61,5356.9265858208955,36.60246362176877,0
12706,490,1,-91.89,-91.89,-1,-1.0,-91.89,1,0.0,0,Finland,100.0,0.0,-91.89,-33539.85,5.485461757446259,1
12707,99,1,603.42,18.285454545454545,256,7.757575757575758,603.42,33,0.0,0,France,0.0,10.311510416666666,603.42,220248.3,29.413470246610725,1
12708,8,21,3616.22,15.388170212765957,1847,7.859574468085106,172.20095238095237,100,25.5,520,Germany,5.957446808510639,21.759567259501736,3616.22,2533.4362763915547,37.20794155402811,0
12709,22,39,23923.73,59.95922305764411,11104,27.829573934837093,613.4289743589743,154,13.486486486486486,515,Germany,15.037593984962406,145.63366459868257,23923.73,16922.793507751936,39.821744581995745,0
12710,9,1,718.96,16.34,386,8.772727272727273,718.96,44,0.0,0,Germany,0.0,10.38451855179704,718.96,262420.4,34.91751967954937,0
12711,419,2,1339.05,22.3175,770,12.833333333333334,669.525,56,65.0,65,Germany,0.0,10.384463954802259,1339.05,7405.352272727273,10.037718365451125,1
12712,8,22,4418.13,19.99153846153846,1721,7.787330316742081,200.82409090909093,119,24.80952380952381,530,Germany,7.239819004524888,22.091098983957213,4418.13,3036.9443502824856,37.37368412873701,0
12714,14,9,11146.77,20.835084112149534,6937,12.966355140186916,1238.53,365,65.5,528,France,0.0,9.068241078091637,11146.77,7691.060586011342,36.269656564329544,0
12717,53,2,887.6700000000001,18.886595744680854,356,7.574468085106383,443.83500000000004,43,344.0,344,Greece,0.0,122.38318029602219,887.6700000000001,939.1291304347826,32.3447554152438,0
12720,0,24,4179.03,13.883820598006643,3190,10.598006644518273,174.12625,189,13.304347826086957,314,Germany,6.976744186046512,14.03353293687707,4179.03,4842.368095238095,38.04133924018149,0
12721,54,7,2385.52,15.291794871794872,1346,8.628205128205128,340.7885714285714,123,37.166666666666664,225,France,7.6923076923076925,18.16299037220844,2385.52,3852.7203539823013,32.90494453756554,0
12724,140,4,1441.01,16.563333333333333,1049,12.057471264367816,360.2525,69,67.33333333333333,203,France,0.0,15.339697219994658,1441.01,2578.2776960784313,27.278112564668067,0
12725,179,4,2266.76,21.384528301886796,1142,10.773584905660377,566.69,92,70.66666666666667,213,Italy,0.0,459.45177481581334,2266.76,3866.2028037383184,24.965369523867825,1
12726,22,8,2516.78,23.969333333333335,2972,28.304761904761904,314.5975,47,58.0,409,France,0.0,21.090553516483517,2516.78,2240.548048780488,34.968891434664734,0
12727,77,9,3673.15,23.545833333333334,1966,12.602564102564102,408.1277777777778,107,47.75,385,France,1.282051282051282,17.226740392886693,3673.15,3473.315414507772,31.806160073612805,0
12728,65,4,851.15,17.732291666666665,380,7.916666666666667,212.7875,39,41.666666666666664,126,France,0.0,29.089497473404247,851.15,2446.218503937008,31.808143000059477,1
12730,329,1,829.25,17.643617021276597,234,4.9787234042553195,829.25,47,0.0,0,Germany,0.0,13.978055041628123,829.25,302676.25,15.390610416766746,1
12731,20,12,15023.89,61.07272357723577,7230,29.390243902439025,1251.9908333333333,106,39.18181818181818,435,France,0.8130081300813009,11.296091801891494,15023.89,12577.339105504587,36.522124995127676,0
12733,42,6,2326.82,14.363086419753088,885,5.462962962962963,387.80333333333334,117,90.6,455,USA,3.0864197530864197,9.400344409937885,2326.82,1862.4765350877192,33.5331939926956,1
12734,160,3,639.65,33.66578947368421,265,13.947368421052632,213.21666666666667,17,19.5,39,France,0.0,15.62173567251462,639.65,5836.80625,25.89141420054993,1
12735,123,2,779.5699999999999,18.12953488372093,368,8.55813953488372,389.78499999999997,38,21.0,21,France,0.0,27.83593820598006,779.5699999999999,12933.774999999998,28.062321768841628,1
12736,140,1,234.0,58.5,173,43.25,234.0,4,0.0,0,France,0.0,69.07860000000001,234.0,85410.0,26.879902582263636,1
12737,306,2,3710.5,1855.25,2,1.0,1855.25,2,0.0,0,France,0.0,6161805.125,3710.5,366939.9750000006,17.132263898323927,1
12738,180,1,155.35,14.122727272727273,148,13.454545454545455,155.35,11,0.0,0,Germany,0.0,33.1105,155.35,56702.75,24.43140342260698,1
12739,193,2,1713.69,33.60176470588235,465,9.117647058823529,856.845,51,8.0,8,United Arab Emirates,0.0,1292.6929506666668,1713.69,69499.65,23.865978511168915,1
12741,337,2,406.07,25.379375,214,13.375,203.035,16,3.0,3,USA,0.0,1771.7499529166666,406.07,37053.8875,14.966756523024323,1
12742,407,2,1185.02,17.426764705882352,1349,19.83823529411765,592.51,67,25.0,25,United Arab Emirates,1.4705882352941175,1.1400144644424939,1185.02,16635.857692307694,10.757595774208523,1
12744,56,10,8209.58,34.934382978723406,4228,17.99148936170213,820.958,173,37.77777777777778,342,Singapore,2.127659574468085,95725.65901655573,8209.58,8736.141982507288,33.56243609202598,0
12745,294,3,925.41,40.235217391304346,468,20.347826086956523,308.46999999999997,21,97.5,195,United Kingdom,0.0,1723.1529173913043,925.41,1723.3400510204083,17.73431062298057,1
12746,335,3,230.85000000000002,11.5425,91,4.55,76.95,18,101.0,203,United Kingdom,15.0,3.9095986842105277,230.85000000000002,413.04044117647067,15.173885453508362,1
12747,6,27,6681.92,31.970909090909092,2048,9.799043062200957,247.4785185185185,79,20.26923076923077,533,United Kingdom,3.827751196172249,12.019388075082809,6681.92,4567.229962546817,38.18029229523967,0
12748,0,231,27737.63,7.8244372355430185,16873,4.75966149506347,120.07632034632034,1645,2.008695652173913,542,United Kingdom,1.5232722143864599,644.0811994187924,27737.63,18644.99990791897,60.58436271645758,0
12749,8,10,3242.39,14.671447963800905,1097,4.963800904977376,324.239,158,35.44444444444444,321,United Kingdom,17.647058823529413,26.776719366515852,3242.39,3675.3799689440993,36.0825347507846,0
12751,252,1,268.27,4.326935483870967,189,3.0483870967741935,268.27,61,0.0,0,Brazil,0.0,1.7312277366472761,268.27,97918.54999999999,20.04512654585209,1
12753,35,7,12701.85,86.99897260273973,6908,47.31506849315068,1814.55,87,22.0,134,Japan,11.643835616438356,2.4638375436939057,12701.85,34342.038888888885,34.91705441636827,0
12754,43,5,2949.12,45.37107692307692,6479,99.67692307692307,589.824,50,14.4,72,Japan,3.076923076923077,34.31985697115385,2949.12,14745.6,33.42404522534484,1
12755,57,22,2611.95,22.516810344827583,1033,8.905172413793103,118.725,38,24.1,487,Japan,45.689655172413794,3.241616694152924,2611.95,1953.6101434426228,34.23303544125497,1
12757,8,10,587.8299999999999,6.915647058823528,310,3.6470588235294117,58.782999999999994,75,1.1111111111111112,10,Portugal,5.88235294117647,80651.01374070028,587.8299999999999,19505.268181818177,35.86326041110037,0
12758,84,7,8557.6,31.005797101449275,5065,18.35144927536232,1222.5142857142857,168,76.66666666666667,461,Portugal,1.4492753623188406,3.9381675296442666,8557.6,6760.8744588744585,31.583274379289502,0
12759,83,6,3934.1,16.81239316239316,2577,11.012820512820513,655.6833333333333,161,91.4,459,Netherlands,0.0,11.107157580426248,3934.1,3121.622826086956,31.162907469951573,0
12760,263,1,347.8,16.561904761904763,198,9.428571428571429,347.8,21,0.0,0,Netherlands,0.0,9.626499047619047,347.8,126947.0,19.380145282502813,1
12761,265,2,782.95,28.99814814814815,281,10.407407407407407,391.475,27,7.0,7,Netherlands,0.0,30.621602564102563,782.95,35722.09375,19.39349229751644,1
12763,177,1,320.08,20.005,196,12.25,320.08,16,0.0,0,Japan,0.0,2.0077895833333335,320.08,116829.2,24.628160780571893,0
12764,124,1,1693.88,37.64177777777778,386,8.577777777777778,1693.88,45,0.0,0,Lebanon,0.0,16.554650707070707,1693.88,366939.9750000006,27.97729387272044,1
12765,280,6,1404.58,20.65558823529412,1009,14.838235294117647,234.09666666666666,49,33.4,169,Netherlands,0.0,16.230899275680425,1404.58,3015.7158823529408,18.92709976933644,1
12766,48,8,5903.22,20.859434628975265,3227,11.402826855123674,737.9025,201,23.714285714285715,167,Portugal,1.4134275618374559,16.58016743603238,5903.22,12825.448214285714,33.66131959349067,0
12767,183,1,949.82,22.088837209302326,598,13.906976744186046,949.82,43,0.0,0,Korea,0.0,1.7148160575858253,949.82,346684.30000000005,24.313878761068263,1
12768,239,2,3.552713678800501e-15,1.7763568394002506e-16,0,0.0,1.7763568394002505e-15,10,19.0,19,Korea,50.0,2.849869473684211,3.552713678800501e-15,6.483702463810914e-14,20.916119948551465,1
12769,46,1,1143.6,35.7375,356,11.125,1143.6,32,0.0,0,Brazil,0.0,8.018675806451615,1143.6,366939.9750000006,32.69374391382724,1
12770,18,7,2975.95,80.43108108108108,1771,47.86486486486486,425.13571428571424,24,66.16666666666667,400,Japan,24.324324324324326,4.767605855855854,2975.95,2708.782418952618,35.151517962380794,1
12771,272,2,262.5,16.40625,100,6.25,131.25,15,21.0,21,Portugal,6.25,45.25883333333333,262.5,4355.113636363636,18.923151193711664,1
12773,372,2,1.7763568394002505e-15,1.4802973661668753e-16,0,0.0,8.881784197001252e-16,6,0.0,0,Portugal,50.0,7.863360606060607,1.7763568394002505e-15,6.483702463810914e-13,12.796461828893344,1
12774,343,1,98.7,16.45,53,8.833333333333334,98.7,6,0.0,0,Netherlands,0.0,29.74266666666666,98.7,36025.5,14.475564017472317,1
12775,11,6,1010.16,19.059622641509435,593,11.18867924528302,168.35999999999999,38,40.6,205,Netherlands,1.8867924528301887,22.37230058055152,1010.16,1789.8466019417476,35.31698595814521,0
12776,475,1,55.5,13.875,46,11.5,55.5,4,0.0,0,Portugal,0.0,186.2726,55.5,20257.5,6.413387513820879,1
12777,265,1,519.45,19.978846153846156,458,17.615384615384617,519.45,26,0.0,0,United Kingdom,0.0,13.875307846153847,519.45,189599.25000000003,19.272223947247515,1
12778,67,6,1361.51,15.127888888888888,1283,14.255555555555556,226.91833333333332,66,68.2,343,Netherlands,0.0,18.694007253433206,1361.51,1444.6254360465116,31.92720506633235,0
12779,6,16,5249.92,22.435555555555556,2708,11.572649572649572,328.12,123,35.4,538,Poland,4.700854700854701,7.691536379809985,5249.92,3555.1406307977736,36.96747758709905,0
12780,406,1,337.4,16.869999999999997,285,14.25,337.4,20,0.0,0,Netherlands,0.0,14.400916842105259,337.4,123150.99999999999,10.649127482241045,1
12781,60,2,491.75,28.926470588235293,307,18.058823529411764,245.875,15,32.0,32,Czech Republic,11.76470588235294,1.428794117647059,491.75,5439.053030303031,31.884700849893942,1
12782,61,12,3758.07,18.243058252427186,1503,7.296116504854369,313.1725,122,23.636363636363637,265,Portugal,6.796116504854369,28.33306426000473,3758.07,5156.750187969925,33.08848315090322,0
12784,337,1,1230.33,17.087916666666665,582,8.083333333333334,1230.33,72,0.0,0,Portugal,0.0,16.9876165884194,1230.33,366939.9750000006,14.935340297301432,1
12785,172,4,1085.55,19.044736842105262,450,7.894736842105263,271.3875,42,122.0,366,Portugal,1.7543859649122806,51.39714912280703,1085.55,1079.634196185286,25.29514858617907,1
12786,417,1,728.5,40.47222222222222,324,18.0,728.5,18,0.0,0,Netherlands,0.0,10.127647058823529,728.5,265902.5,10.00988280273821,1
12787,0,3,553.62,16.776363636363637,313,9.484848484848484,184.54,28,110.0,220,Netherlands,3.0303030303030303,13.379345454545454,553.62,914.3497737556561,35.65231764154391,1
12788,271,4,444.9,17.111538461538462,194,7.461538461538462,111.225,20,21.333333333333332,65,Netherlands,0.0,22.65301538461538,444.9,2460.431818181818,19.19827299784705,1
12789,320,2,181.5,45.375,32,8.0,90.75,2,181.0,181,Netherlands,0.0,45.9675,181.5,363.99725274725273,15.98605742885239,1
12790,0,3,563.45,14.086250000000001,300,7.5,187.8166666666667,36,108.5,218,Netherlands,7.5,21.99409102564103,563.45,939.0833333333334,35.65312962799707,1
12791,181,8,585.15,19.505,351,11.7,73.14375,17,35.57142857142857,250,Netherlands,6.666666666666667,1644.9945567816094,585.15,850.9153386454183,25.10237349855811,1
12792,64,3,813.88,16.955833333333334,393,8.1875,271.29333333333335,40,212.5,425,Portugal,2.083333333333333,35.56099414893617,813.88,697.3384976525822,31.766611963668485,1
12793,142,3,885.53,20.125681818181818,461,10.477272727272727,295.1766666666667,34,33.0,66,Portugal,0.0,46.115562526427055,885.53,4824.155970149254,27.01062569915628,1
12796,436,1,381.0,54.42857142857143,182,26.0,381.0,7,0.0,0,Netherlands,0.0,24.328928571428577,381.0,139065.0,8.821227136940406,1
12797,168,6,471.43,13.095277777777778,172,4.777777777777778,78.57166666666667,27,12.4,64,Portugal,16.666666666666664,39.73805357142858,471.43,2647.2607692307693,25.6876257159194,1
12798,229,1,1533.8899999999999,61.355599999999995,3199,127.96,1533.8899999999999,25,0.0,0,Japan,0.0,0.7807740000000001,1533.8899999999999,366939.9750000006,21.55382182536934,0
12799,337,1,219.35,14.623333333333333,137,9.133333333333333,219.35,15,0.0,0,Japan,0.0,16.761952380952376,219.35,80062.75,14.85183042299685,1
12800,278,3,584.25,17.183823529411764,284,8.352941176470589,194.75,31,103.0,206,Portugal,0.0,39.177948663101596,584.25,1030.1992753623188,18.68293079628617,1
12801,285,2,1031.87,20.232745098039214,504,9.882352941176471,515.935,50,23.0,23,Sweden,1.9607843137254901,84.28712964705883,1031.87,15693.022916666665,18.193052589019814,1
12802,250,7,1937.84,16.99859649122807,1652,14.491228070175438,276.8342857142857,89,20.0,121,Netherlands,0.8771929824561403,10.020139233038348,1937.84,5797.63606557377,20.902152907933644,0
12803,201,1,1092.81,19.869272727272726,872,15.854545454545455,1092.81,55,0.0,0,Netherlands,0.0,4.484810235690236,1092.81,366939.9750000006,23.226789050054965,1
12804,273,2,325.37,4.929848484848485,270,4.090909090909091,162.685,60,34.0,34,Netherlands,0.0,4.064568508158506,325.37,3393.1442857142856,18.867294376640245,1
12805,189,4,1434.95,24.74051724137931,593,10.224137931034482,358.7375,44,97.33333333333333,293,Netherlands,0.0,16.334955384150028,1434.95,1781.4855442176872,24.286158999674274,1
12806,243,4,2878.96,42.96955223880597,2087,31.149253731343283,719.74,58,50.666666666666664,153,Netherlands,0.0,1203.106409136137,2878.96,6823.509090909091,21.108735108690727,1
12807,190,3,269.95,14.997222222222222,120,6.666666666666667,89.98333333333333,17,1.5,3,Sweden,11.11111111111111,154.9670016339869,269.95,24632.9375,24.02937407894305,1
12808,176,3,422.45,16.248076923076923,187,7.1923076923076925,140.81666666666666,26,46.5,94,Portugal,0.0,27.484403846153846,422.45,1623.0973684210526,24.896671875058626,0
12809,361,6,1220.98,19.38063492063492,289,4.587301587301587,203.49666666666667,52,18.2,93,Portugal,11.11111111111111,224.66544935995898,1220.98,4741.039361702128,13.966878932847123,0
12810,342,2,534.99,16.7184375,389,12.15625,267.495,32,142.0,142,Japan,0.0,1.9275748991935486,534.99,1365.5339160839162,14.672155382935884,1
12811,68,5,1033.9,18.462500000000002,435,7.767857142857143,206.78000000000003,47,41.0,166,Portugal,0.0,44.84807792207792,1033.9,2259.7215568862275,31.739590983445506,1
12813,309,3,1687.8,37.50666666666667,1141,25.355555555555554,562.6,37,95.0,191,Netherlands,0.0,10.994866161616166,1687.8,3208.578125,16.881535327984825,1
12815,6,1,615.36,19.850322580645162,239,7.709677419354839,615.36,31,0.0,0,Poland,0.0,54.719378279569895,615.36,224606.4,35.092112202826996,0
12817,89,3,690.98,27.639200000000002,219,8.76,230.32666666666668,16,76.0,153,Austria,0.0,151.62198766666666,690.98,1637.7123376623379,30.230208541680117,1
12818,69,1,1542.08,110.14857142857143,929,66.35714285714286,1542.08,14,0.0,0,Austria,0.0,114.08779615384618,1542.08,366939.9750000006,31.322508111085252,0
12819,266,1,540.52,28.448421052631577,344,18.105263157894736,540.52,19,0.0,0,United Kingdom,0.0,11.82609239766082,540.52,197289.8,19.212914329185047,1
12820,134,10,1876.06,16.456666666666667,1350,11.842105263157896,187.606,91,44.888888888888886,407,United Kingdom,2.631578947368421,7.791008849557522,1876.06,1678.3379901960782,28.277364245603682,1
12821,22,2,220.8,16.984615384615385,162,12.461538461538462,110.4,13,397.0,397,United Kingdom,0.0,6.655892307692308,220.8,202.4924623115578,34.18222191552533,1
12823,62,16,5736.5,358.53125,830,51.875,358.53125,1,27.933333333333334,424,United Kingdom,0.0,0.45850000000000063,5736.5,4926.641176470588,33.5888670847125,0
12825,329,2,518.63,21.609583333333333,139,5.791666666666667,259.315,20,120.0,120,United Kingdom,0.0,23.988468840579706,518.63,1564.4623966942147,15.464454793232287,1
12826,124,10,2002.67,17.116837606837606,1468,12.547008547008547,200.267,83,44.55555555555556,405,United Kingdom,1.7094017094017095,3.3315468169761258,2002.67,1800.4299261083745,28.898323208579814,0
12829,130,4,345.35,17.267500000000002,549,27.45,86.3375,17,75.33333333333333,227,United Kingdom,5.0,162.16167657894738,345.35,552.8629385964913,27.798108487755922,1
12831,70,3,451.11,20.505,303,13.772727272727273,150.37,16,100.0,200,United Kingdom,0.0,11.086261688311689,451.11,819.1798507462687,31.370345745322112,1
12834,90,1,312.38,17.354444444444443,110,6.111111111111111,312.38,18,0.0,0,United Kingdom,0.0,8.246966339869278,312.38,114018.7,29.938880049639376,1
12835,226,49,5972.19,9.555503999999999,2335,3.736,121.88142857142856,140,6.081632653061225,318,United Kingdom,1.6,7.070407373333331,5972.19,6833.383542319749,26.879707838264782,1
12836,27,15,5571.62,16.291286549707603,1868,5.461988304093567,371.4413333333333,243,34.2,519,United Kingdom,1.1695906432748537,22.05335934214813,5571.62,3910.848653846154,35.61249716865354,0
12837,377,1,528.5600000000001,6.954736842105264,170,2.236842105263158,528.5600000000001,73,0.0,0,United Kingdom,0.0,12.327914035087721,528.5600000000001,192924.40000000002,12.435369622009778,0
12838,181,11,2672.3,8.937458193979934,1472,4.923076923076923,242.93636363636367,177,21.3,219,United Kingdom,1.3377926421404682,5.4533809993041675,2672.3,4433.588636363637,25.573285592547773,1
12839,6,20,5334.19,16.213343465045593,3613,10.98176291793313,266.7095,122,27.68421052631579,534,United Kingdom,2.735562310030395,8.993823648899104,5334.19,3639.2137383177565,37.37244848326924,0
12840,22,9,2865.07,20.17654929577465,1596,11.23943661971831,318.3411111111111,102,57.0,459,United Kingdom,3.5211267605633805,1.9819405104385184,2865.07,2273.3707608695654,35.09716368436025,0
12841,30,28,4902.1,11.141136363636365,3507,7.970454545454546,175.07500000000002,221,10.481481481481481,296,United Kingdom,0.22727272727272727,4.7219074156139955,4902.1,6024.466329966331,36.66757503387097,0
12842,116,3,1109.73,39.63321428571429,497,17.75,369.91,27,214.5,429,United Kingdom,0.0,147.11859298941798,1109.73,941.9801162790699,28.61644685540986,1
12843,21,28,5286.86,31.46940476190476,2447,14.56547619047619,188.81642857142856,105,18.59259259259259,512,United Kingdom,2.380952380952381,71.94106466709434,5286.86,3761.60604288499,37.24880787301807,0
12844,250,2,322.64,6.3262745098039215,98,1.9215686274509804,161.32,43,151.0,151,United Kingdom,0.0,8.602260705882351,322.64,774.7605263157894,20.271220274889604,0
12845,75,4,354.09,13.114444444444443,204,7.555555555555555,88.5225,26,7.333333333333333,22,United Kingdom,0.0,5.246772934472935,354.09,5619.254347826086,31.156583794807403,1
12846,490,1,15.58,15.58,1,1.0,15.58,1,0.0,0,United Kingdom,0.0,0.0,15.58,5686.7,5.494339090520616,1
12847,195,1,765.36,21.867428571428572,624,17.82857142857143,765.36,34,0.0,0,United Kingdom,0.0,0.11892403361344543,765.36,279356.4,23.566041098543867,1
12848,483,1,208.0,13.0,58,3.625,208.0,16,0.0,0,United Kingdom,0.0,7.923656249999997,208.0,75920.0,5.937583966835106,1
12849,76,5,2701.0299999999997,20.777153846153844,1747,13.438461538461539,540.2059999999999,110,80.25,322,United Kingdom,0.0,12.803969206917115,2701.0299999999997,3052.2475232198135,31.38890025859068,1
12850,253,1,330.0,165.0,200,100.0,330.0,2,0.0,0,United Kingdom,0.0,0.0,330.0,120450.0,19.989175561480916,1
12851,285,1,148.95,4.965,51,1.7,148.95,30,0.0,0,United Kingdom,0.0,9.609195402298857,148.95,54366.74999999999,18.020618353825625,1
12852,98,2,299.75,14.9875,145,7.25,149.875,17,4.0,4,United Kingdom,15.0,9.682605263157894,299.75,21881.75,29.548938774243258,1
12853,22,12,2709.4,22.768067226890757,1177,9.890756302521009,225.78333333333333,81,41.09090909090909,457,United Kingdom,5.88235294117647,11.731410910126765,2709.4,2159.2379912663755,35.38281235445646,0
12854,49,10,2393.44,10.056470588235294,1405,5.9033613445378155,239.344,166,53.77777777777778,487,United Kingdom,4.201680672268908,9.346895209729455,2393.44,1790.1754098360657,33.50935652042704,1
12855,180,4,612.84,9.146865671641791,240,3.582089552238806,153.21,65,9.333333333333334,29,United Kingdom,0.0,406.3098004522841,612.84,7456.22,24.76770088350875,1
12857,18,7,3684.25,30.19877049180328,1419,11.631147540983607,526.3214285714286,71,78.16666666666667,472,United Kingdom,0.819672131147541,8.666025098225173,3684.25,2843.0258985200844,35.210025592571235,1
12858,191,2,121.08,3.186315789473684,50,1.3157894736842106,60.54,37,298.0,298,United Kingdom,2.631578947368421,26.526198008534855,121.08,147.8066889632107,23.856524437423204,1
12859,266,1,575.1,27.385714285714286,292,13.904761904761905,575.1,21,0.0,0,United Kingdom,0.0,2.929654761904762,575.1,209911.5,19.21577073727764,1
12860,501,1,54.22,3.38875,26,1.625,54.22,16,0.0,0,United Kingdom,0.0,10.756033333333333,54.22,19790.3,4.825980194814303,1
12861,427,1,68.25,17.0625,27,6.75,68.25,4,0.0,0,United Kingdom,0.0,29.070000000000004,68.25,24911.25,9.344843631128974,1
12862,233,2,984.62,7.51618320610687,611,4.66412213740458,492.31,119,69.0,69,United Kingdom,0.0,7.326158109219025,984.62,5134.09,21.36375277685679,1
12863,7,6,2254.35,51.23522727272727,705,16.022727272727273,375.72499999999997,23,77.4,390,United Kingdom,2.272727272727273,13.1688399577167,2254.35,2104.4443734015344,35.66395989768168,1
12864,316,1,152.45,38.1125,231,57.75,152.45,4,0.0,0,United Kingdom,0.0,0.10906666666666669,152.45,55644.24999999999,16.128355571404565,0
12865,167,3,1735.08,17.1790099009901,1000,9.900990099009901,578.36,93,58.0,116,Austria,0.9900990099009901,9.980311009900985,1735.08,5412.8564102564105,25.554549461946532,0
12866,91,3,1227.35,19.48174603174603,553,8.777777777777779,409.1166666666666,58,109.0,219,Belgium,0.0,12.960497439836145,1227.35,2036.285227272727,30.152414134115148,1
12867,22,11,5541.06,7.076704980842912,5589,7.137931034482759,503.7327272727273,302,50.3,508,United Kingdom,0.5108556832694764,1.3795534520321535,5541.06,3973.451669941061,35.51721317919848,0
12868,26,7,1795.7,14.964166666666667,1064,8.866666666666667,256.5285714285714,82,28.666666666666668,174,United Kingdom,0.0,4.417874509803922,1795.7,3745.317142857143,34.56562540771986,0
12869,489,1,337.66999999999996,9.126216216216216,144,3.891891891891892,337.66999999999996,35,0.0,0,United Kingdom,0.0,4.323513063063063,337.66999999999996,123249.54999999999,5.5819947178675,1
12870,174,4,1662.05,17.495263157894737,904,9.51578947368421,415.5125,85,85.66666666666667,257,United Kingdom,2.1052631578947367,167.30806141097435,1662.05,2351.3498062015506,25.220669032771298,1
12871,15,2,495.38,45.03454545454545,364,33.09090909090909,247.69,9,232.0,232,United Kingdom,0.0,15.523756363636362,495.38,776.0244635193133,34.6322534456538,1
12872,134,13,3276.81,8.274772727272728,1639,4.138888888888889,252.06230769230768,218,33.666666666666664,409,United Kingdom,0.5050505050505051,4.291300060733924,3276.81,2917.1601219512195,28.69157771279295,1
12873,90,3,2027.3,57.92285714285714,786,22.457142857142856,675.7666666666667,33,199.5,399,United Kingdom,0.0,6.541622352941177,2027.3,1849.9112499999999,30.279542380638656,1
12874,193,3,933.42,19.04938775510204,611,12.46938775510204,311.14,44,84.5,169,Belgium,2.0408163265306123,11.710652040816328,933.42,2004.1076470588234,23.901028438221857,1
12875,170,4,1307.52,186.78857142857143,4896,699.4285714285714,326.88,2,111.33333333333333,334,United Kingdom,0.0,0.08642857142857141,1307.52,1424.611343283582,25.435584072776404,0
12876,4,4,2577.0,21.475,1749,14.575,644.25,92,131.0,394,Belgium,0.8333333333333334,12.417743165266105,2577.0,2381.278481012658,35.67475692962524,1
12877,8,15,2088.41,13.473612903225806,1447,9.335483870967742,139.22733333333332,80,34.357142857142854,489,United Kingdom,0.0,4.165217905320484,2088.41,1555.6523469387755,36.48472510037421,0
12878,44,2,854.99,18.191276595744682,547,11.638297872340425,427.495,38,29.0,29,United Kingdom,0.0,1.84955420906568,854.99,10402.378333333334,32.89150650210135,1
12880,189,2,640.13,17.781388888888888,279,7.75,320.065,32,192.0,192,United Kingdom,0.0,6.974746349206351,640.13,1210.6085492227978,24.02149959192535,1
12881,83,1,298.0,42.57142857142857,21,3.0,298.0,7,0.0,0,United Kingdom,0.0,5108.857380952381,298.0,108770.0,30.365042647366568,1
12886,21,2,747.69,14.660588235294119,407,7.980392156862745,373.845,47,6.0,6,United Kingdom,7.8431372549019605,9.591016078431373,747.69,38986.69285714286,34.286794615670466,1
12887,191,1,222.4,17.107692307692307,100,7.6923076923076925,222.4,13,0.0,0,United Kingdom,0.0,20.404102564102566,222.4,81176.0,23.765391275134053,1
12888,22,4,313.77,44.824285714285715,68,9.714285714285714,78.4425,4,13.0,41,United Kingdom,28.57142857142857,16.140023809523807,313.77,2726.8107142857143,34.38890648175349,1
12889,189,6,365.66,13.542962962962964,120,4.444444444444445,60.943333333333335,25,23.8,121,United Kingdom,7.4074074074074066,8.74111225071225,365.66,1093.982786885246,24.39683752571445,1
12890,195,1,329.3,5.880357142857143,201,3.5892857142857144,329.3,56,0.0,0,United Kingdom,0.0,5.3844145129870125,329.3,120194.5,23.530021280358294,1
12891,28,11,734.5,66.77272727272727,2025,184.0909090909091,66.77272727272727,2,43.4,438,United Kingdom,9.090909090909092,0.0016290909090909064,734.5,610.6890660592255,34.75387704420098,0
12892,204,1,263.38,14.632222222222222,140,7.777777777777778,263.38,18,0.0,0,United Kingdom,0.0,7.371199999999998,263.38,96133.7,22.975125548100806,1
12894,383,1,157.35,7.492857142857143,33,1.5714285714285714,157.35,21,0.0,0,United Kingdom,0.0,20.13783333333333,157.35,57432.75,12.038406235233635,1
12896,538,1,-29.75,-29.75,-5,-5.0,-29.75,1,0.0,0,United Kingdom,100.0,0.0,-29.75,-10858.75,2.560191770908971,1
12897,12,4,514.25,36.732142857142854,249,17.785714285714285,128.5625,10,112.66666666666667,339,United Kingdom,0.0,7.416057692307691,514.25,552.0625,35.01596732054801,1
12898,271,2,296.21000000000004,10.970740740740743,235,8.703703703703704,148.10500000000002,27,195.0,195,United Kingdom,0.0,3.8924874643874645,296.21000000000004,551.6155612244899,18.986985798336086,1
12899,221,1,366.4,21.552941176470586,108,6.352941176470588,366.4,17,0.0,0,United Kingdom,0.0,18.263731617647057,366.4,133736.0,21.9457842604435,1
12900,230,1,340.33,26.179230769230767,139,10.692307692307692,340.33,13,0.0,0,United Kingdom,0.0,11.47613974358974,340.33,124220.45,21.39418025353274,1
12901,5,14,7566.2,148.35686274509803,6805,133.4313725490196,540.4428571428572,22,5.230769230769231,73,United Kingdom,5.88235294117647,1.2563696470588237,7566.2,37319.77027027027,37.02085410554982,0
12902,72,1,138.68,13.868,66,6.6,138.68,10,0.0,0,United Kingdom,0.0,41.26985444444444,138.68,50618.200000000004,31.02343302576188,1
12903,236,1,833.53,20.33,493,12.024390243902438,833.53,41,0.0,0,United Kingdom,0.0,1.5961001219512192,833.53,304238.45,21.068619634810982,1
12905,384,3,1011.82,18.396727272727272,528,9.6,337.27333333333337,52,52.5,105,United Kingdom,1.8181818181818181,13.158918383838381,1011.82,3484.097169811321,12.246942844590778,1
12907,203,3,440.36,15.184827586206897,164,5.655172413793103,146.78666666666666,27,128.5,258,United Kingdom,13.793103448275861,25.823509113300492,440.36,620.584555984556,23.249799644547874,1
12908,120,5,954.0,190.8,1800,360.0,190.8,1,79.0,317,United Kingdom,20.0,0.004319999999999998,954.0,1095.0,28.558387837569967,0
12909,5,9,2406.71,17.314460431654677,1444,10.388489208633093,267.4122222222222,99,56.625,456,United Kingdom,5.0359712230215825,343.48076065061,2406.71,1922.208205689278,36.09715285947785,0
12910,5,9,3814.48,41.01591397849462,2564,27.56989247311828,423.8311111111111,53,52.5,423,United Kingdom,1.0752688172043012,1.2660546517064046,3814.48,3283.6915094339624,36.2134387363001,0
12911,359,1,1651.72,6.998813559322034,807,3.419491525423729,1651.72,220,0.0,0,United Kingdom,0.0,14.089839033537686,1651.72,366939.9750000006,13.627046987923016,1
12913,90,11,4666.0,81.85964912280701,2012,35.29824561403509,424.1818181818182,31,45.2,455,United Kingdom,0.0,6.495496804511282,4666.0,3734.84649122807,31.29352653891327,1
12914,208,1,223.98,24.886666666666667,336,37.333333333333336,223.98,9,0.0,0,United Kingdom,0.0,1.4247527777777778,223.98,81752.7,22.72767074985636,1
12915,180,7,721.2,12.223728813559323,341,5.779661016949152,103.02857142857144,40,35.5,216,United Kingdom,13.559322033898304,16.220458854471065,721.2,1213.0783410138251,25.075159195845796,0
12916,9,7,3762.56,25.4227027027027,1410,9.527027027027026,537.5085714285714,75,80.0,482,United Kingdom,1.3513513513513513,11.82922770270269,3762.56,2843.342443064182,35.76594477469186,0
12917,208,7,3735.5,73.24509803921569,978,19.176470588235293,533.6428571428571,44,54.666666666666664,330,United Kingdom,5.88235294117647,4.749141176470586,3735.5,4119.2069486404835,23.614747391403924,0
12918,434,3,-10953.5,-3651.1666666666665,-1,-0.3333333333333333,-3651.1666666666665,1,0.0,0,United Kingdom,66.66666666666666,0.0,-10953.5,-3998027.5,8.206069726197134,1
12920,379,3,323.86,10.120625,292,9.125,107.95333333333333,32,153.0,153,United Kingdom,0.0,4.870254435483871,323.86,767.5902597402597,12.495365662525236,1
12921,6,75,22946.05,20.43281389136242,14876,13.246660730187,305.94733333333335,238,6.918918918918919,540,United Kingdom,6.322350845948353,4.326998945084395,22946.05,15481.161275415898,44.29987591311855,0
12923,198,2,597.6,18.675,162,5.0625,298.8,28,184.0,184,United Kingdom,0.0,16.443384576612903,597.6,1179.0486486486489,23.468535941370742,1
12924,6,13,2144.7200000000003,35.159344262295086,1216,19.934426229508198,164.97846153846154,45,43.916666666666664,532,United Kingdom,3.278688524590164,2.3667929508196712,2144.7200000000003,1468.710694183865,36.41247161634053,1
12925,400,1,35.28,7.056,108,21.6,35.28,5,0.0,0,United Kingdom,0.0,0.00882,35.28,12877.2,10.990471862048208,1
12926,219,4,1523.97,5.816679389312977,754,2.877862595419847,380.9925,202,104.33333333333333,314,United Kingdom,0.0,4.799545868795884,1523.97,1765.8700000000001,22.462010477842853,1
12927,202,1,197.31,17.937272727272727,145,13.181818181818182,197.31,11,0.0,0,United Kingdom,0.0,22.358829090909094,197.31,72018.15,23.09176809695981,1
12928,49,9,3022.23,22.723533834586465,1913,14.38345864661654,335.80333333333334,76,37.875,308,United Kingdom,0.0,0.980112816131237,3022.23,3569.9480582524275,33.46179390691179,0
12929,119,1,117.85,14.73125,37,4.625,117.85,8,0.0,0,United Kingdom,0.0,30.084955357142853,117.85,43015.25,28.152359538116105,0
12931,11,59,41675.56,213.7208205128205,28038,143.7846153846154,706.3654237288135,25,8.947368421052632,534,United Kingdom,23.076923076923077,2.9344150515463925,41675.56,28432.858691588783,43.94969754586546,0
12932,347,8,1698.56,17.87957894736842,1609,16.936842105263157,212.32,69,17.857142857142858,128,United Kingdom,0.0,3.7928495632698787,1698.56,4806.003100775194,15.060034253038518,1
12933,91,9,1080.1,5.538974358974358,460,2.358974358974359,120.0111111111111,161,55.375,445,United Kingdom,2.051282051282051,6.702601411578106,1080.1,883.9383408071749,30.73726578326981,0
12934,544,1,181.65,90.825,31,15.5,181.65,2,0.0,0,United Kingdom,0.0,2930.7168,181.65,66302.25,2.2113536565107075,1
12935,6,14,2887.54,15.693152173913044,1945,10.570652173913043,206.25285714285715,78,31.076923076923077,409,United Kingdom,3.260869565217391,8.073392204205275,2887.54,2570.6148780487806,36.573333186012086,0
12937,5,7,2021.57,16.17256,1244,9.952,288.79571428571427,81,89.33333333333333,538,United Kingdom,0.0,5.872808993548387,2021.57,1368.9666975881262,35.86633420555699,1
12939,81,15,20911.32,321.7126153846154,8276,127.32307692307693,1394.088,24,32.15384615384615,423,United Kingdom,0.0,0.9946607211538462,20911.32,18001.49009433962,33.582897493060415,0
12941,532,1,377.49,13.981111111111112,381,14.11111111111111,377.49,27,0.0,0,United Kingdom,0.0,2.6725866096866095,377.49,137783.85,2.96013133997477,1
12942,5,2,396.52000000000004,16.52166666666667,104,4.333333333333333,198.26000000000002,23,168.0,168,United Kingdom,0.0,12.331721557971013,396.52000000000004,856.3893491124262,35.2345879340019,0
12943,109,4,489.0,18.11111111111111,220,8.148148148148149,122.25,23,101.0,304,United Kingdom,7.4074074074074066,29.246737891737894,489.0,585.1967213114755,29.092025675605388,1
12944,162,1,286.95,20.49642857142857,145,10.357142857142858,286.95,14,0.0,0,United Kingdom,0.0,9.601813186813187,286.95,104736.75,25.541175062427268,1
12945,96,2,900.11,17.64921568627451,446,8.745098039215685,450.055,47,367.0,367,United Kingdom,0.0,10.051509019607844,900.11,892.7721467391306,29.72063037009904,1
12946,244,1,324.45,16.2225,149,7.45,324.45,20,0.0,0,United Kingdom,0.0,8.451388157894737,324.45,118424.25,20.538167664866865,1
12947,28,6,870.47,12.260140845070422,891,12.549295774647888,145.07833333333335,62,30.2,152,United Kingdom,5.633802816901409,117.47081404426557,870.47,2076.611437908497,34.26759612195829,0
12948,22,5,1138.74,18.366774193548387,612,9.870967741935484,227.748,53,130.0,522,United Kingdom,0.0,4.648224114225279,1138.74,794.7229445506692,34.55655387921008,0
12949,14,23,13474.48,21.559168,7095,11.352,585.8469565217391,311,24.904761904761905,529,United Kingdom,1.6,8.223148775897428,13474.48,9279.594716981132,37.854966973809674,0
12951,12,17,2738.73,15.649885714285714,1422,8.125714285714286,161.10176470588235,101,30.375,494,United Kingdom,3.428571428571429,5.54747938916256,2738.73,2019.4675757575758,36.49324814566437,0
12953,330,1,498.96000000000004,16.095483870967744,280,9.03225806451613,498.96000000000004,31,0.0,0,United Kingdom,0.0,12.87311247311828,498.96000000000004,182120.40000000002,15.302277445684775,1
12954,446,1,162.45,16.244999999999997,83,8.3,162.45,10,0.0,0,United Kingdom,0.0,12.526694444444448,162.45,59294.24999999999,8.192673663841854,1
12955,11,3,697.42,20.51235294117647,548,16.11764705882353,232.47333333333333,27,31.5,64,United Kingdom,0.0,6.514485204991085,697.42,3916.2815384615383,34.99264526622561,0
12956,114,4,521.89,12.425952380952381,340,8.095238095238095,130.4725,42,138.66666666666666,417,United Kingdom,0.0,8.150575203252032,521.89,455.71734449760766,28.789492179555936,1
12957,12,14,5762.3,16.94794117647059,3147,9.255882352941176,411.59285714285716,272,39.92307692307692,523,United Kingdom,2.3529411764705883,10.515726753427034,5762.3,4013.8158396946565,36.44449631676986,0
12958,208,2,467.34,9.537551020408163,118,2.4081632653061225,233.67,45,182.0,182,United Kingdom,0.0,9.645731972789116,467.34,932.1262295081967,22.8472754778296,1
12959,292,2,133.35,14.816666666666666,108,12.0,66.675,9,213.0,213,United Kingdom,11.11111111111111,43.7325,133.35,227.4427570093458,17.69148180888283,1
12960,221,4,1322.07,18.886714285714284,1379,19.7,330.5175,49,81.66666666666667,247,United Kingdom,0.0,2.827584182194618,1322.07,1945.7885080645162,22.32323283133859,1
12961,187,1,211.99,5.29975,180,4.5,211.99,37,0.0,0,United Kingdom,0.0,0.9479676282051278,211.99,77376.35,24.008731623202323,1
12963,106,7,1656.16,16.23686274509804,896,8.784313725490197,236.59428571428572,75,36.333333333333336,220,United Kingdom,6.862745098039216,6.2625863036303615,1656.16,2735.2868778280545,29.67009411581328,1
12964,245,1,132.24,5.086153846153847,56,2.1538461538461537,132.24,26,0.0,0,United Kingdom,0.0,7.3278961538461544,132.24,48267.600000000006,20.461240501460594,1
12967,110,4,2908.57,44.069242424242425,911,13.803030303030303,727.1425,47,26.333333333333332,81,United Kingdom,1.5151515151515151,56.904283752913756,2908.57,12946.683536585366,29.230839100055665,1
12969,410,1,122.45,24.490000000000002,55,11.0,122.45,5,0.0,0,United Kingdom,0.0,25.823,122.45,44694.25,10.387171745863142,1
12970,130,8,1071.93,4.785401785714286,694,3.0982142857142856,133.99125,181,58.857142857142854,413,United Kingdom,0.0,3.748654316143498,1071.93,945.0590579710146,28.25613604910699,1
12971,4,72,8883.01,37.16740585774059,6904,28.88702928870293,123.3751388888889,75,7.231884057971015,527,United Kingdom,1.2552301255230125,9.769052083260076,8883.01,6140.717140151515,42.961820762743315,0
12972,221,6,1115.95,13.128823529411765,829,9.75294117647059,185.99166666666667,69,49.0,247,United Kingdom,9.411764705882353,14.364393081232489,1115.95,1642.4264112903227,22.505211697843947,1
12973,221,1,385.55,64.25833333333334,31,5.166666666666667,385.55,6,0.0,0,United Kingdom,0.0,3280.2697499999995,385.55,140725.75,21.94736610587361,1
12974,5,2,408.95,12.7796875,104,3.25,204.475,27,367.0,367,United Kingdom,0.0,13.837398387096773,408.95,405.6161684782608,35.23561468798082,1
12975,238,8,1993.99,16.89822033898305,903,7.6525423728813555,249.24875,92,42.857142857142854,303,United Kingdom,5.084745762711865,23.1128063812835,1993.99,2394.099835526316,21.73889428062402,1
12976,19,8,3156.38,20.495974025974025,2684,17.428571428571427,394.5475,106,64.42857142857143,453,United Kingdom,0.0,2.463953675409558,3156.38,2537.618281938326,35.20487442915165,1
12977,309,3,474.64,9.686530612244898,116,2.36734693877551,158.21333333333334,45,4.5,9,United Kingdom,0.0,310.1682169217687,474.64,17324.36,16.781324800465644,0
12978,193,6,2496.07,15.219939024390245,1393,8.49390243902439,416.0116666666667,126,68.6,344,United Kingdom,0.6097560975609756,4.8946416878647305,2496.07,2640.7697101449276,24.32861531403435,1
12979,537,2,479.53999999999996,8.41298245614035,484,8.491228070175438,239.76999999999998,56,0.0,0,United Arab Emirates,1.7543859649122806,7.140589724310778,479.53999999999996,175032.09999999998,2.762813147672697,1
12980,18,21,13313.94,271.7130612244898,1416,28.897959183673468,633.9971428571429,7,25.9,527,United Kingdom,8.16326530612245,229.6352127551021,13313.94,9203.765340909093,37.398500685798375,0
12982,47,17,2562.12,11.972523364485982,1665,7.780373831775701,150.7129411764706,140,22.4375,366,United Kingdom,16.822429906542055,9.226219676626739,2562.12,2548.1574931880104,34.34190751171057,1
12983,406,1,490.08000000000004,16.336000000000002,638,21.266666666666666,490.08000000000004,30,0.0,0,United Kingdom,0.0,0.48471367816091937,490.08000000000004,178879.2,10.661739292176774,1
12986,210,12,1998.3400000000001,14.172624113475178,882,6.25531914893617,166.52833333333334,63,25.454545454545453,285,United Kingdom,27.659574468085108,8.709414721377915,1998.3400000000001,2550.329020979021,23.846665262865656,1
12987,5,4,1057.81,20.342499999999998,474,9.115384615384615,264.4525,48,163.0,491,United Kingdom,0.0,53.746780505279034,1057.81,784.7574186991869,35.488217377245206,0
12988,100,1,505.82,6.094216867469879,126,1.5180722891566265,505.82,75,0.0,0,United Kingdom,0.0,10.329751572142232,505.82,184624.3,29.344358143055242,1
12989,8,29,9313.93,155.23216666666667,5316,88.6,321.17,24,19.22222222222222,529,United Kingdom,10.0,6.505449152542374,9313.93,6414.310283018867,38.47460879267667,0
12990,118,5,643.5,37.85294117647059,330,19.41176470588235,128.7,6,76.75,309,United Kingdom,0.0,0.0,643.5,757.6693548387096,28.65483976092079,0
12991,197,1,261.06,18.647142857142857,78,5.571428571428571,261.06,14,0.0,0,United Kingdom,0.0,98.80678736263738,261.06,95286.9,23.402284336735942,0
12992,533,1,93.35000000000001,15.558333333333335,21,3.5,93.35000000000001,6,0.0,0,United Kingdom,0.0,0.7839999999999997,93.35000000000001,34072.75,2.875610492475023,1
12993,15,8,951.8,14.20597014925373,500,7.462686567164179,118.975,54,64.0,451,United Kingdom,8.955223880597014,2.857651922207146,951.8,768.599557522124,35.26696998414499,0
12994,71,2,316.40000000000003,11.3,159,5.678571428571429,158.20000000000002,22,5.0,5,United Kingdom,21.428571428571427,12.072339682539681,316.40000000000003,19247.666666666668,31.19866576078871,0
12996,183,1,355.5,16.15909090909091,122,5.545454545454546,355.5,22,0.0,0,United Kingdom,0.0,21.14798701298701,355.5,129757.5,24.264786208795524,1
12997,41,13,1450.44,15.596129032258066,802,8.623655913978494,111.5723076923077,53,40.166666666666664,488,United Kingdom,12.903225806451612,4.6355889200561,1450.44,1082.639263803681,34.21836994197917,1
12998,300,4,897.38,14.711147540983607,1102,18.065573770491802,224.345,58,53.333333333333336,160,United Kingdom,4.918032786885246,2.7234416393442635,897.38,2034.4329192546584,17.46519738510892,1
12999,4,3,455.88,16.28142857142857,342,12.214285714285714,151.96,25,24.0,49,United Kingdom,0.0,13.360836507936508,455.88,3327.924,35.40004379043301,1
13000,67,4,888.6800000000001,13.885625000000001,466,7.28125,222.17000000000002,57,154.66666666666666,465,United Kingdom,4.6875,7.0054472222222195,888.6800000000001,696.0690987124464,31.689142964590797,0
13001,25,33,21531.63,22.784793650793652,12092,12.795767195767196,652.4736363636364,295,16.193548387096776,518,United Kingdom,0.5291005291005291,2.974552192180073,21531.63,15142.668497109826,38.843985089484626,0
13002,126,3,414.13,18.00565217391304,201,8.73913043478261,138.04333333333332,19,58.0,116,United Kingdom,0.0,5.535181422924901,414.13,1291.944017094017,27.948487671479246,1
13003,22,1,59.050000000000004,14.762500000000001,31,7.75,59.050000000000004,4,0.0,0,United Kingdom,0.0,5.38,59.050000000000004,21553.25,34.06935840977409,0
13004,8,32,7962.78,12.740447999999999,5828,9.3248,248.836875,312,16.419354838709676,524,United Kingdom,6.08,6.583162626666668,7962.78,5536.027999999999,38.661507354428856,0
13005,53,5,742.98,14.288076923076924,418,8.038461538461538,148.596,38,52.25,211,United Kingdom,7.6923076923076925,13.134546907993968,742.98,1279.1872641509433,32.63131106512188,0
13007,387,1,175.25,15.931818181818182,59,5.363636363636363,175.25,11,0.0,0,United Kingdom,0.0,21.84672727272727,175.25,63966.25,11.795684582845347,1
13008,131,7,543.28,13.93025641025641,312,8.0,77.61142857142856,31,66.16666666666667,399,United Kingdom,10.256410256410255,2.0558493927125507,543.28,495.74299999999994,28.051915480305308,1
13009,480,1,234.0,58.5,120,30.0,234.0,4,0.0,0,United Kingdom,0.0,0.0,234.0,85410.0,6.122881825242879,1
13010,182,2,330.12,27.51,323,26.916666666666668,165.06,10,274.0,274,United Kingdom,0.0,4.765408333333333,330.12,438.15927272727276,24.423242295944785,1
13011,180,1,50.550000000000004,16.85,13,4.333333333333333,50.550000000000004,3,0.0,0,United Kingdom,0.0,2.413333333333333,50.550000000000004,18450.75,24.422746639260996,1
13012,20,8,1981.8500000000001,19.056250000000002,1034,9.942307692307692,247.73125000000002,68,53.857142857142854,380,United Kingdom,3.8461538461538463,9.8015979742345,1981.8500000000001,1898.6227034120736,35.04680479039782,0
13013,20,20,8658.78,23.09008,4671,12.456,432.939,246,25.2,513,United Kingdom,0.0,7.277465977896615,8658.78,6148.744552529183,36.792368385669675,0
13014,21,8,3148.38,19.92645569620253,1444,9.139240506329115,393.5475,124,31.142857142857142,219,United Kingdom,5.69620253164557,12.35344579537209,3148.38,5223.448636363637,35.08211348389535,0
13015,5,13,4882.4800000000005,18.016531365313654,2551,9.413284132841328,375.5753846153847,202,33.25,405,United Kingdom,3.6900369003690034,636.8568782943829,4882.4800000000005,4389.421674876848,36.699668577899125,1
13018,4,20,6139.07,16.028903394255874,3968,10.360313315926893,306.95349999999996,285,23.473684210526315,452,United Kingdom,0.7832898172323759,46.88012594151982,6139.07,4946.491280353201,37.5610340231128,0
13019,187,8,1212.95,21.279824561403508,395,6.9298245614035086,151.61875,46,50.142857142857146,353,United Kingdom,3.508771929824561,7.019069736842108,1212.95,1250.640536723164,24.787931229439106,1
13020,356,5,606.96,14.451428571428572,271,6.4523809523809526,121.39200000000001,38,27.25,111,United Kingdom,7.142857142857142,4.307462485481998,606.96,1978.0392857142858,14.1219069212404,1
13021,23,17,2960.23,17.210639534883722,1525,8.866279069767442,174.13117647058823,106,31.9375,519,United Kingdom,4.069767441860465,9.560798459812323,2960.23,2077.85375,35.839994015250475,0
13022,237,1,65.3,13.059999999999999,35,7.0,65.3,5,0.0,0,Belgium,0.0,36.733,65.3,23834.5,20.94411155210173,1
13023,336,1,759.13,21.086944444444445,299,8.305555555555555,759.13,36,0.0,0,United Kingdom,0.0,28.211581825396824,759.13,277082.45,14.957467874452385,0
13024,272,3,535.42,15.747647058823528,174,5.117647058823529,178.47333333333333,26,58.5,118,United Kingdom,8.823529411764707,16.4804931372549,535.42,1642.2546218487394,19.045197663246995,1
13025,539,1,323.39,24.876153846153844,241,18.53846153846154,323.39,13,0.0,0,United Kingdom,0.0,2.48728076923077,323.39,118037.34999999999,2.5283120960306635,1
13026,28,7,997.69,20.361020408163267,1193,24.346938775510203,142.52714285714288,25,83.66666666666667,505,United Kingdom,2.0408163265306123,1.2527083333333333,997.69,719.6775691699605,34.37760734976166,1
13027,41,20,13980.0,179.23076923076923,34917,447.65384615384613,699.0,9,23.36842105263158,454,United Kingdom,5.128205128205128,39.89303976023978,13980.0,11214.725274725275,35.949865278010584,0
13029,161,3,1062.3,132.7875,90,11.25,354.09999999999997,6,84.5,170,United Kingdom,0.0,105.05714285714284,1062.3,2267.4824561403507,25.8652762528699,0
13030,176,1,402.36,7.058947368421053,174,3.0526315789473686,402.36,50,0.0,0,United Kingdom,0.0,9.331777694235587,402.36,146861.4,24.696007407783284,1
13031,215,5,3292.84,8.090515970515971,2309,5.673218673218673,658.568,275,36.25,147,United Kingdom,0.0,7.14801468633882,3292.84,8120.855405405407,22.95182699163969,1
13032,200,8,1793.48,12.90273381294964,895,6.438848920863309,224.185,111,9.428571428571429,67,United Kingdom,2.158273381294964,10.080965540610984,1793.48,9626.767647058823,24.042233894145586,1
13033,165,2,220.55,16.965384615384615,98,7.538461538461538,110.275,12,72.0,72,United Kingdom,0.0,1.4781089743589744,220.55,1102.75,25.45204253464297,1
13034,177,2,279.91,15.550555555555556,153,8.5,139.955,16,31.0,31,United Kingdom,0.0,5.821519281045752,279.91,3192.7234375000003,24.724345109861105,1
13035,68,2,775.32,28.715555555555557,494,18.296296296296298,387.66,22,170.0,170,United Kingdom,0.0,1.505123361823362,775.32,1654.922807017544,31.41972406429326,1
13036,492,1,307.1,51.18333333333334,38,6.333333333333333,307.1,6,0.0,0,United Kingdom,0.0,20.160416666666663,307.1,112091.50000000001,5.396319364231758,1
13037,27,15,3538.8,15.658407079646018,1968,8.70796460176991,235.92000000000002,174,36.42857142857143,516,United Kingdom,3.982300884955752,11.326555964601782,3538.8,2498.379110251451,35.44458035260987,0
13038,98,1,395.1,26.34,186,12.4,395.1,15,0.0,0,United Kingdom,0.0,1.7278095238095244,395.1,144211.5,29.45731247267381,0
13039,392,4,1010.73,18.37690909090909,290,5.2727272727272725,252.6825,37,45.333333333333336,138,United Kingdom,0.0,12.0385806060606,1010.73,2654.075179856115,11.857954806597453,1
13041,258,4,799.13,22.832285714285714,335,9.571428571428571,199.7825,23,46.0,139,United Kingdom,0.0,5.881019831932774,799.13,2083.4460714285715,20.021184214824626,1
13042,392,4,1454.84,7.864,807,4.3621621621621625,363.71,164,48.666666666666664,147,United Kingdom,0.5405405405405406,7.697420346651003,1454.84,3587.95,11.894639578083938,1
13043,61,2,471.57,33.683571428571426,251,17.928571428571427,235.785,13,19.0,19,United Kingdom,7.142857142857142,29.08541813186813,471.57,8606.1525,31.821983862432408,1
13044,99,13,4818.35,11.527153110047848,2546,6.090909090909091,370.6423076923077,356,33.583333333333336,409,United Kingdom,0.4784688995215311,11.6321816604133,4818.35,4289.506707317074,30.95566551556764,1
13045,209,2,503.64,18.653333333333332,184,6.814814814814815,251.82,25,84.0,84,United Kingdom,0.0,6.552071225071223,503.64,2162.689411764706,22.78922390185072,1
13046,74,2,517.66,14.790285714285714,317,9.057142857142857,258.83,31,190.0,190,United Kingdom,0.0,8.400594621848743,517.66,989.2455497382199,31.03214023619017,1
13047,27,32,6674.67,21.393173076923077,2578,8.262820512820513,208.5834375,148,16.4,504,United Kingdom,7.6923076923076925,14.278587150630722,6674.67,4824.266435643564,37.395154580014044,0
13048,46,10,3134.09,14.924238095238096,2081,9.90952380952381,313.409,116,49.0,443,United Kingdom,1.9047619047619049,1.7671705377079066,3134.09,2576.4478603603607,33.75368653740547,0
13049,126,4,881.24,41.96380952380952,416,19.80952380952381,220.31,12,27.333333333333332,83,United Kingdom,9.523809523809524,2.2484061904761905,881.24,3829.197619047619,28.086574797101942,1
13050,4,44,8557.98,11.11425974025974,4905,6.37012987012987,194.49954545454545,439,11.767441860465116,527,United Kingdom,4.025974025974026,38.84031303666423,8557.98,5916.027840909091,40.1489026921953,0
13051,386,2,155.8,38.95,72,18.0,77.9,4,40.0,40,United Kingdom,0.0,9.617291666666668,155.8,1387.0,11.95463050515913,1
13052,20,7,3119.33,12.577943548387097,1424,5.741935483870968,445.61857142857144,161,73.16666666666667,442,United Kingdom,0.0,9.815112797113752,3119.33,2570.102595936795,35.04126144329734,1
13053,429,1,127.65,7.508823529411765,47,2.764705882352941,127.65,17,0.0,0,United Kingdom,0.0,4.43733455882353,127.65,46592.25,9.227650120963501,1
13054,490,1,-14.0,-14.0,-1,-1.0,-14.0,1,0.0,0,United Kingdom,100.0,0.0,-14.0,-5110.0,5.4918956969006345,1
13055,21,3,1435.41,14.07264705882353,1166,11.431372549019608,478.47,99,107.5,216,United Kingdom,1.9607843137254901,5.562358231411375,1435.41,2414.3993087557606,34.44310476585382,1
13056,359,1,209.48,11.025263157894736,158,8.31578947368421,209.48,18,0.0,0,United Kingdom,0.0,20.26931461988304,209.48,76460.2,13.50791378932657,1
13057,338,4,528.24,12.577142857142857,443,10.547619047619047,132.06,36,33.666666666666664,101,United Kingdom,4.761904761904762,59.93206736353079,528.24,1890.270588235294,15.114803032722483,1
13059,57,12,2261.2200000000003,11.249850746268658,855,4.253731343283582,188.43500000000003,155,33.09090909090909,368,United Kingdom,1.4925373134328357,10.92824231840796,2261.2200000000003,2236.708130081301,33.20903925243713,1
13060,61,1,307.53,20.502,123,8.2,307.53,15,0.0,0,United Kingdom,0.0,7.71386380952381,307.53,112248.45,31.708931196052713,1
13063,288,1,188.4,15.700000000000001,116,9.666666666666666,188.4,12,0.0,0,United Kingdom,0.0,2.5153787878787885,188.4,68766.0,17.840726854864364,1
13064,135,3,764.55,22.48676470588235,214,6.294117647058823,254.85,21,131.5,264,United Kingdom,0.0,440.3767825311943,764.55,1053.059433962264,27.427982828327345,0
13065,181,6,1050.1000000000001,16.66825396825397,380,6.031746031746032,175.01666666666668,49,34.4,174,United Kingdom,1.5873015873015872,9.077603123399898,1050.1000000000001,2190.2085714285718,24.941774739242067,1
13067,217,2,393.05,23.120588235294118,99,5.823529411764706,196.525,13,36.0,36,United Kingdom,0.0,8.380588235294118,393.05,3877.3851351351354,22.291688359344963,1
13068,127,1,165.0,165.0,100,100.0,165.0,1,0.0,0,United Kingdom,0.0,0.0,165.0,60225.0,27.66785377619236,1
13069,6,29,6832.17,7.541026490066225,11139,12.294701986754967,235.59206896551726,520,11.928571428571429,344,United Kingdom,2.5386313465783665,3.835388892710355,6832.17,7228.237826086956,38.39170835526608,0
13070,0,5,743.9,21.254285714285714,368,10.514285714285714,148.78,12,136.0,545,United Kingdom,5.714285714285714,0.05485260504201685,743.9,497.29578754578756,35.86704029543807,1
13071,420,1,129.22,10.768333333333333,30,2.5,129.22,12,0.0,0,United Kingdom,0.0,19.044044696969696,129.22,47165.3,9.777230356958452,1
13072,74,1,177.15,25.307142857142857,69,9.857142857142858,177.15,7,0.0,0,United Kingdom,0.0,2.6700000000000004,177.15,64659.75,30.904510637014045,1
13073,219,2,418.08,15.484444444444444,261,9.666666666666666,209.04,25,26.0,26,United Kingdom,0.0,19.901549002849002,418.08,5651.822222222222,22.171655787694743,1
13074,319,5,1362.8400000000001,45.428000000000004,824,27.466666666666665,272.56800000000004,26,52.75,212,United Kingdom,3.3333333333333335,9.794940344827584,1362.8400000000001,2335.3830985915497,16.44319705600449,1
13076,265,1,135.4,15.044444444444444,44,4.888888888888889,135.4,9,0.0,0,United Kingdom,0.0,3.325,135.4,49421.0,19.240500305606062,1
13077,98,13,2564.32,8.90388888888889,2151,7.46875,197.25538461538463,177,36.166666666666664,438,United Kingdom,2.430555555555556,3.34850793650794,2564.32,2132.065603644647,30.830526174276656,1
13078,7,70,20281.27,31.8887893081761,7737,12.165094339622641,289.73242857142856,132,7.3478260869565215,539,United Kingdom,6.60377358490566,8.010902530579909,20281.27,13708.636203703703,43.52119487299129,0
13079,225,1,199.08,18.098181818181818,96,8.727272727272727,199.08,11,0.0,0,United Kingdom,0.0,2.0017818181818186,199.08,72664.20000000001,21.687762899931712,0
13080,209,4,202.75,14.482142857142858,71,5.071428571428571,50.6875,11,69.0,208,United Kingdom,7.142857142857142,6.983365384615384,202.75,354.0849282296651,22.963374492042153,0
13081,12,34,42195.95,22.34954978813559,30277,16.03654661016949,1241.0573529411763,629,15.575757575757576,527,United Kingdom,3.0720338983050848,4.780536624108529,42195.95,29169.548768939392,41.44407101604134,0
13082,42,21,5615.47,51.049727272727274,6926,62.96363636363636,267.40333333333336,87,23.75,482,United Kingdom,4.545454545454546,4.453121734778984,5615.47,4243.57463768116,35.297383315200584,0
13083,233,1,91.67999999999999,22.919999999999998,120,30.0,91.67999999999999,4,0.0,0,United Kingdom,0.0,0.06163333333333334,91.67999999999999,33463.2,21.190490860659484,1
13084,295,2,116.44999999999999,29.112499999999997,137,34.25,58.224999999999994,2,4.0,4,United Kingdom,50.0,0.0,116.44999999999999,8500.85,17.506935636815218,1
13085,33,9,1321.48,15.92144578313253,791,9.53012048192771,146.8311111111111,47,63.875,513,United Kingdom,9.63855421686747,8242.53138389656,1321.48,938.4050583657587,34.29810801085325,0
13086,190,1,439.33000000000004,9.34744680851064,155,3.297872340425532,439.33000000000004,47,0.0,0,United Kingdom,0.0,5.0041123959296945,439.33000000000004,160355.45,23.844360382092933,1
13087,534,1,313.64,20.909333333333333,86,5.733333333333333,313.64,15,0.0,0,United Kingdom,0.0,13.343288571428568,313.64,114478.59999999999,2.832757023059372,1
13088,225,1,236.11,11.8055,76,3.8,236.11,19,0.0,0,United Kingdom,0.0,11.311825263157896,236.11,86180.15000000001,21.69082168511589,1
13089,5,193,79198.25,32.44500204834085,41660,17.066775911511677,410.35362694300517,699,2.4789473684210526,539,United Kingdom,2.417042195821385,8.951455012491493,79198.25,53532.15046296296,60.74881404977788,0
13090,46,21,7008.11,42.47339393939394,1673,10.139393939393939,333.7195238095238,112,12.35,255,United Kingdom,2.4242424242424243,50.8196297856615,7008.11,9992.0318359375,35.16821916602846,0
13091,537,4,-450.03999999999996,-4.5922448979591834,-1535,-15.66326530612245,-112.50999999999999,38,0.3333333333333333,2,United Kingdom,75.51020408163265,14974.426005649066,-450.03999999999996,-54754.86666666666,2.8850321241066452,1
13092,19,14,1969.25,17.74099099099099,417,3.7567567567567566,140.66071428571428,48,34.53846153846154,456,United Kingdom,9.00900900900901,7.396823505323503,1969.25,1572.8145514223195,35.70382898035003,1
13093,75,88,53274.33,48.5194262295082,25799,23.496357012750455,605.3901136363637,204,5.023255813953488,468,United Kingdom,5.555555555555555,9.70681496480713,53274.33,41460.832515991475,43.88615775286832,1
13094,13,10,1216.2,60.81,978,48.9,121.62,5,19.88888888888889,183,United Kingdom,10.0,0.5795852631578948,1216.2,2412.570652173913,35.60991528668131,0
13096,202,1,419.70000000000005,419.70000000000005,6,6.0,419.70000000000005,1,0.0,0,United Kingdom,0.0,0.0,419.70000000000005,153190.50000000003,23.110138154672722,1
13097,41,32,9903.75,12.52054361567636,4221,5.336283185840708,309.4921875,338,16.0,505,United Kingdom,1.643489254108723,246.35079306309905,9903.75,7144.009387351779,36.80718507995861,0
13098,6,16,7028.5199999999995,36.99221052631579,3851,20.268421052631577,439.28249999999997,100,7.466666666666667,118,United Kingdom,12.105263157894736,12.038151144527985,7028.5199999999995,21558.065546218488,37.11439509529716,0
13100,432,1,-1598.67,-1598.67,-1,-1.0,-1598.67,1,0.0,0,United Kingdom,100.0,0.0,-1598.67,-583514.55,8.901900908940855,1
13101,42,4,695.4,13.635294117647058,478,9.372549019607844,173.85,48,148.33333333333334,446,United Kingdom,0.0,7.087280313725488,695.4,567.8322147651006,33.19942900338897,1
13102,6,33,8468.37,22.40309523809524,4595,12.156084656084657,256.61727272727273,168,11.870967741935484,383,United Kingdom,2.6455026455026456,12.280367053317043,8468.37,8049.362109375002,38.924873161532915,0
13103,245,2,465.70000000000005,18.628,344,13.76,232.85000000000002,21,139.0,139,United Kingdom,0.0,2.0959293333333338,465.70000000000005,1214.1464285714287,20.588287750230325,1
13104,75,5,824.34,63.41076923076923,462,35.53846153846154,164.868,5,96.0,385,United Kingdom,0.0,1.055423076923077,824.34,779.4924870466322,31.294930293518902,0
13105,244,1,72.0,72.0,100,100.0,72.0,1,0.0,0,United Kingdom,0.0,0.0,72.0,26280.0,20.517314564144606,1
13106,221,1,526.96,35.13066666666667,213,14.2,526.96,15,0.0,0,United Kingdom,0.0,1775.7933971428572,526.96,192340.40000000002,21.959046981188067,0
13107,137,12,4144.84,27.268684210526317,3430,22.56578947368421,345.40333333333336,115,36.18181818181818,401,United Kingdom,7.236842105263158,4.81382446409899,4144.84,3763.349751243781,28.480626832613137,0
13108,180,2,748.46,21.38457142857143,745,21.285714285714285,374.23,27,62.0,62,United Kingdom,0.0,3.583124705882353,748.46,4336.315873015873,24.57989851293954,1
13109,357,2,340.74,14.1975,236,9.833333333333334,170.37,23,2.0,2,United Kingdom,4.166666666666666,8.704684057971015,340.74,41456.7,13.740358854923931,0
13110,65,10,2139.9900000000002,11.382925531914895,574,3.0531914893617023,213.99900000000002,128,53.111111111111114,481,United Kingdom,1.0638297872340425,12.275075512003637,2139.9900000000002,1620.5318464730292,32.511619840009274,0
13111,526,1,321.88000000000005,26.823333333333338,180,15.0,321.88000000000005,12,0.0,0,United Kingdom,0.0,2.556542424242425,321.88000000000005,117486.20000000003,3.321838159310728,1
13112,349,3,-5.44,-1.088,-1,-0.2,-1.8133333333333335,3,94.5,189,United Kingdom,60.0,8.99693,-5.44,-10.450526315789475,14.299666360860735,1
13113,0,48,13572.8,35.906878306878305,3267,8.642857142857142,282.76666666666665,156,8.76595744680851,428,United Kingdom,17.724867724867725,10.89873819558474,13572.8,11547.95337995338,41.20535153415472,0
13114,538,1,234.38,14.64875,74,4.625,234.38,16,0.0,0,United Kingdom,0.0,18.984625,234.38,85548.7,2.582009673439257,1
13115,109,12,3159.2200000000003,15.717512437810946,2357,11.72636815920398,263.2683333333334,138,32.09090909090909,359,United Kingdom,3.482587064676617,12.80323994029851,3159.2200000000003,3203.0980555555557,30.10861347711536,0
13117,25,17,2020.4199999999998,13.838493150684931,1516,10.383561643835616,118.84823529411764,113,24.9375,405,United Kingdom,0.684931506849315,13.04931030703826,2020.4199999999998,1816.387438423645,35.64026286684896,0
13118,16,9,1995.39,16.62825,687,5.725,221.71,85,28.25,230,United Kingdom,2.5,10.452899096638655,1995.39,3152.8889610389615,35.39162596535209,1
13119,476,1,134.9,12.263636363636364,110,10.0,134.9,11,0.0,0,United Kingdom,0.0,0.6945454545454547,134.9,49238.5,6.358896122595922,1
13120,46,1,30.599999999999998,30.599999999999998,12,12.0,30.599999999999998,1,0.0,0,United Kingdom,0.0,0.0,30.599999999999998,11169.0,32.60180689222345,1
13121,77,2,254.73,4.806226415094339,227,4.283018867924528,127.365,50,0.0,0,United Kingdom,5.660377358490567,1.84765732946299,254.73,92976.45,30.82727127398313,1
13122,48,1,903.67,16.73462962962963,537,9.944444444444445,903.67,54,0.0,0,United Kingdom,0.0,5.133188958770089,903.67,329839.55,32.55182487924428,1
13123,280,2,506.75,11.261111111111111,268,5.955555555555556,253.375,36,56.0,56,United Kingdom,0.0,7.929943737373736,506.75,3244.978070175439,18.45492646229835,1
13124,60,3,3401.8,16.67549019607843,2220,10.882352941176471,1133.9333333333334,163,65.5,132,United Kingdom,0.0,12.789733495122181,3401.8,9335.766917293235,32.22458189066197,1
13125,331,1,148.62,7.431,53,2.65,148.62,20,0.0,0,United Kingdom,0.0,15.023666052631576,148.62,54246.3,15.212288286567626,1
13126,61,15,2676.76,15.562558139534884,2181,12.680232558139535,178.45066666666668,123,27.785714285714285,394,United Kingdom,4.651162790697675,4.404838769889844,2676.76,2473.461772151899,33.29767127771343,1
13128,439,1,263.5,263.5,31,31.0,263.5,1,0.0,0,United Kingdom,0.0,0.0,263.5,96177.5,8.628371113683803,1
13129,260,2,233.25,21.204545454545453,296,26.90909090909091,116.625,10,77.0,77,United Kingdom,0.0,5.0321,233.25,1091.4903846153845,19.653335791647606,1
13131,226,4,2240.47,21.337809523809522,1076,10.247619047619047,560.1175,94,83.0,250,United Kingdom,0.0,8.212613974358971,2240.47,3258.053984063745,22.093845024417956,0
13132,69,1,77.3,25.766666666666666,20,6.666666666666667,77.3,3,0.0,0,United Kingdom,0.0,9.900833333333331,77.3,28214.5,31.201513043246262,1
13133,81,3,200.45000000000002,16.70416666666667,55,4.583333333333333,66.81666666666668,12,92.5,185,United Kingdom,0.0,13.240662878787878,200.45000000000002,393.356182795699,30.678089832230373,1
13134,42,6,1171.4,22.52692307692308,462,8.884615384615385,195.23333333333335,43,36.2,182,United Kingdom,7.6923076923076925,25.391011312217206,1171.4,2336.3989071038254,33.43775295630616,0
13135,4,2,3371.45,187.30277777777778,4423,245.72222222222223,1685.725,18,294.0,294,United Kingdom,0.0,22.796682352941176,3371.45,4171.455084745762,35.541375824054434,1
13136,19,16,4105.2300000000005,17.321645569620255,2001,8.443037974683545,256.57687500000003,163,34.13333333333333,520,United Kingdom,8.016877637130802,6.780450132303509,4105.2300000000005,2876.0248560460655,36.079272086117044,0
13137,60,10,4831.09,5.508654503990878,2560,2.919042189281642,483.10900000000004,482,27.11111111111111,249,United Kingdom,0.0,4.298938484768018,4831.09,7053.3914,33.039162794709675,0
13138,48,4,685.72,13.994285714285715,316,6.448979591836735,171.43,31,51.333333333333336,155,United Kingdom,2.0408163265306123,7.1172008503401365,685.72,1604.4089743589743,32.83232904106962,0
13139,23,3,4308.06,33.39581395348838,2647,20.51937984496124,1436.0200000000002,123,111.0,222,United Kingdom,0.0,8.986320070251939,4308.06,7051.3089686098665,34.55829384870439,0
13140,174,3,790.71,10.5428,461,6.1466666666666665,263.57,68,61.5,124,United Kingdom,0.0,16.899399351351356,790.71,2308.8732,25.04919133909568,0
13141,22,20,6536.41,17.021901041666666,4518,11.765625,326.8205,259,26.68421052631579,516,United Kingdom,1.5625,5.9759779998912075,6536.41,4614.680174081238,36.49495435832137,1
13143,390,2,399.2,16.633333333333333,196,8.166666666666666,199.6,23,2.0,2,United Kingdom,4.166666666666666,3.8572369565217377,399.2,48569.33333333333,11.730535805485715,1
13144,140,2,135.35,22.558333333333334,29,4.833333333333333,67.675,6,98.0,98,United Kingdom,0.0,15.9,135.35,499.01767676767673,26.971256294281158,1
13145,180,4,805.0,201.25,121,30.25,201.25,2,75.66666666666667,227,United Kingdom,0.0,21133.890625,805.0,1288.7061403508771,24.78357385572023,0
13148,40,27,6253.01,9.724743390357698,3198,4.973561430793157,231.59296296296296,382,18.846153846153847,499,United Kingdom,5.287713841368585,12.761710198010697,6253.01,4564.697300000001,36.06916101204785,0
13149,97,1,376.74,20.93,276,15.333333333333334,376.74,18,0.0,0,United Kingdom,0.0,13.85218202614379,376.74,137510.1,29.516845944580435,0
13150,278,4,435.02,48.33555555555555,170,18.88888888888889,108.755,7,53.0,160,United Kingdom,11.11111111111111,34.73262777777777,435.02,986.2254658385093,18.770106453898734,1
13151,11,5,2396.16,14.610731707317072,806,4.914634146341464,479.23199999999997,135,105.75,424,United Kingdom,3.6585365853658534,20.862037569205434,2396.16,2057.878588235294,35.33197108239151,1
13152,225,9,2114.98,15.325942028985507,969,7.021739130434782,234.99777777777777,114,34.375,277,United Kingdom,2.1739130434782608,19.469386776684647,2114.98,2776.8622302158274,22.642041686045303,1
13154,207,4,1609.29,16.7634375,973,10.135416666666666,402.3225,78,112.0,336,United Kingdom,3.125,9.871380350877192,1609.29,1742.9995548961424,23.20165888940426,0
13155,134,4,967.92,10.754666666666667,506,5.622222222222222,241.98,68,54.333333333333336,165,United Kingdom,0.0,4.430190774032459,967.92,2128.257831325301,27.605334327598687,1
13156,193,3,1586.54,15.255192307692308,914,8.788461538461538,528.8466666666667,94,145.0,290,United Kingdom,0.0,12.316915907393573,1586.54,1989.990034364261,23.954978040692534,1
13157,43,8,4424.43,23.164554973821993,3788,19.832460732984295,553.05375,128,57.57142857142857,406,United Kingdom,1.0471204188481675,2.6362387103885365,4424.43,3967.8549140049145,33.84441756434972,0
13158,126,2,563.53,14.088249999999999,343,8.575,281.765,37,69.0,69,United Kingdom,0.0,1.97654641025641,563.53,2938.406428571428,27.861326056358752,0
13161,121,2,472.13,14.306969696969697,105,3.1818181818181817,236.065,30,187.0,187,United Kingdom,0.0,7.640875189393939,472.13,916.6353723404254,28.15902645704968,1
13162,41,17,8730.34,39.1495067264574,5350,23.99103139013453,513.5494117647058,171,30.875,502,United Kingdom,2.242152466367713,4.938840318345249,8730.34,6335.137375745527,35.21772070406387,0
13163,418,2,0.0,0.0,0,0.0,0.0,2,45.0,45,United Kingdom,50.0,3.413333333333334,0.0,0.0,9.988159020590537,1
13164,377,3,297.46000000000004,24.788333333333338,114,9.5,99.15333333333335,8,48.5,98,United Kingdom,16.666666666666664,23.023769696969694,297.46000000000004,1096.6959595959597,12.615285068209957,1
13165,159,2,784.32,39.216,856,42.8,392.16,20,61.0,61,United Kingdom,0.0,0.3410168421052631,784.32,4617.3677419354835,25.86491193478841,1
13166,90,3,873.43,12.658405797101448,520,7.536231884057971,291.1433333333333,55,65.5,131,United Kingdom,1.4492753623188406,6.983497698209722,873.43,2415.1662878787874,30.184229378735726,1
13167,198,1,333.82,20.86375,222,13.875,333.82,16,0.0,0,United Kingdom,0.0,3.7421229166666667,333.82,121844.3,23.347244462291354,0
13168,7,5,1485.15,9.520192307692309,771,4.9423076923076925,297.03000000000003,119,85.25,342,United Kingdom,1.282051282051282,6.317711464019853,1485.15,1580.4074344023325,35.50091926365261,1
13169,60,2,632.4000000000001,57.4909090909091,120,10.909090909090908,316.20000000000005,11,309.0,309,United Kingdom,0.0,18.144,632.4000000000001,744.6000000000001,31.896318947008563,1
13171,107,1,140.35,6.102173913043478,53,2.3043478260869565,140.35,23,0.0,0,United Kingdom,0.0,9.886758893280634,140.35,51227.75,28.886818835843595,1
13172,208,1,69.6,69.6,48,48.0,69.6,1,0.0,0,United Kingdom,0.0,0.0,69.6,25403.999999999996,22.714918514999948,1
13173,175,12,2193.26,11.077070707070709,1315,6.641414141414141,182.77166666666668,147,32.45454545454545,362,United Kingdom,1.0101010101010102,9.47735507614213,2193.26,2205.3440771349865,25.999518355818164,1
13174,124,11,7286.6,8.414087759815242,3369,3.8903002309468824,662.4181818181819,564,41.5,418,United Kingdom,0.0,10.956163194809696,7286.6,6347.515513126493,29.43429360859744,1
13175,362,4,793.1,15.550980392156863,392,7.686274509803922,198.275,40,60.0,181,United Kingdom,9.803921568627452,36.6349843137255,793.1,1590.5576923076926,13.671479770164304,1
13177,238,1,229.75,17.673076923076923,89,6.846153846153846,229.75,13,0.0,0,United Kingdom,0.0,1.7956410256410258,229.75,83858.75,20.89664553705593,1
13178,11,19,10991.62,19.592905525846703,6782,12.089126559714796,578.5063157894738,180,28.38888888888889,519,United Kingdom,1.6042780748663104,1.3495839801375105,10991.62,7715.271730769231,37.43501578401642,0
13179,426,1,572.3100000000001,16.832647058823532,368,10.823529411764707,572.3100000000001,34,0.0,0,United Kingdom,0.0,1.7409265597147954,572.3100000000001,208893.15000000002,9.447530507192157,1
13180,415,1,86.10000000000001,21.525000000000002,42,10.5,86.10000000000001,4,0.0,0,United Kingdom,0.0,8.870625,86.10000000000001,31426.500000000004,10.078918825396938,1
13181,189,1,359.69,18.931052631578947,171,9.0,359.69,19,0.0,0,United Kingdom,0.0,2.864222807017544,359.69,131286.85,23.898831948623208,1
13183,16,12,4580.18,44.04019230769231,2709,26.048076923076923,381.6816666666667,43,38.18181818181818,427,United Kingdom,4.807692307692308,0.27334405339805823,4580.18,3905.9946261682244,35.90364456377204,0
13184,35,5,723.81,9.781216216216215,757,10.22972972972973,144.762,60,15.25,62,United Kingdom,1.3513513513513513,5.27123406145872,723.81,4193.502380952381,33.72862866653497,0
13185,75,1,71.4,71.4,12,12.0,71.4,1,0.0,0,United Kingdom,0.0,0.0,71.4,26061.000000000004,30.83472531986821,1
13187,145,5,322.65999999999997,5.660701754385965,274,4.807017543859649,64.532,51,71.5,287,United Kingdom,1.7543859649122806,8.584152819548871,322.65999999999997,408.9267361111111,26.97998579989047,1
13190,352,4,518.76,28.82,306,17.0,129.69,16,62.333333333333336,188,United Kingdom,5.555555555555555,61.73494673202612,518.76,1001.8380952380951,14.25931910258155,1
13191,466,1,164.69,2.79135593220339,115,1.9491525423728813,164.69,58,0.0,0,United Kingdom,0.0,2.2670200467562833,164.69,60111.85,6.971857473324364,1
13192,13,7,2096.91,15.532666666666666,1321,9.785185185185185,299.5585714285714,113,79.83333333333333,481,United Kingdom,2.2222222222222223,12.20835288004422,2096.91,1587.9090248962655,35.38415701922984,1
13194,229,1,412.08,58.86857142857143,300,42.857142857142854,412.08,7,0.0,0,United Kingdom,0.0,7.4447142857142845,412.08,150409.19999999998,21.461157072264808,0
13195,222,1,136.73,2.972391304347826,70,1.5217391304347827,136.73,43,0.0,0,United Kingdom,0.0,3.6280199516908214,136.73,49906.45,21.865762792608404,1
13196,70,5,1773.99,15.561315789473685,1100,9.649122807017545,354.798,89,88.5,355,United Kingdom,1.7543859649122806,22.475291266884025,1773.99,1818.8380617977527,31.67862443755271,1
13197,417,1,373.01000000000005,19.632105263157897,204,10.736842105263158,373.01000000000005,19,0.0,0,United Kingdom,0.0,78.18008771929824,373.01000000000005,136148.65000000002,9.980518299764329,1
13198,57,8,3604.9900000000002,15.210928270042196,2472,10.430379746835444,450.62375000000003,207,25.857142857142858,184,United Kingdom,2.5316455696202533,13.335267778731318,3604.9900000000002,7112.547837837838,32.92202859376116,0
13199,5,46,9872.5,73.67537313432835,8262,61.656716417910445,214.6195652173913,41,11.818181818181818,537,United Kingdom,0.7462686567164178,4.535631270340028,9872.5,6697.8856877323415,40.395440763177625,0
13201,310,4,1233.06,14.337906976744186,1036,12.046511627906977,308.265,65,46.333333333333336,140,United Kingdom,0.0,7.299008768809847,1233.06,3191.963829787234,16.882424914241692,1
13202,186,8,1571.35,22.447857142857142,571,8.157142857142857,196.41875,55,43.625,352,United Kingdom,1.4285714285714286,36.05597360248448,1571.35,1624.7669971671385,24.87858616788611,1
13203,50,8,1926.8,15.665040650406503,1752,14.24390243902439,240.85,115,68.0,480,United Kingdom,0.8130081300813009,3.054818525922963,1926.8,1462.12474012474,33.21075566955251,0
13204,539,1,966.6600000000001,16.958947368421054,428,7.508771929824562,966.6600000000001,57,0.0,0,United Kingdom,0.0,18.084084586466165,966.6600000000001,352830.9,2.5814480599902936,1
13205,251,1,2803.2,2803.2,256,256.0,2803.2,1,0.0,0,United Kingdom,0.0,0.0,2803.2,366939.9750000006,20.315569162314635,1
13206,208,15,8211.0,14.430579964850615,6809,11.966608084358525,547.4,395,23.285714285714285,332,United Kingdom,0.5272407732864675,3.7667385387014516,8211.0,9000.045045045046,24.78045654633787,1
13207,259,2,285.6,57.120000000000005,48,9.6,142.8,4,160.0,160,United Kingdom,0.0,0.0,285.6,647.4782608695652,19.71871011422593,0
13208,14,6,1452.61,7.373654822335025,1024,5.197969543147208,242.10166666666666,162,105.4,529,United Kingdom,0.0,6.866135356883868,1452.61,1000.382358490566,35.170383425676604,0
13209,28,10,4925.04,25.38680412371134,3375,17.396907216494846,492.504,170,51.111111111111114,463,United Kingdom,1.5463917525773196,8.642974595374177,4925.04,3874.223275862069,35.000525290252035,0
13211,169,10,1611.6,10.672847682119205,1052,6.966887417218543,161.16,77,41.111111111111114,372,United Kingdom,1.9867549668874174,2.0854276997792502,1611.6,1577.0348525469167,26.118766947366066,1
13213,7,10,2731.4700000000003,19.5105,1801,12.864285714285714,273.14700000000005,129,40.44444444444444,369,United Kingdom,2.142857142857143,5.533414676258994,2731.4700000000003,2694.5582432432434,36.10138134096511,0
13214,225,7,3264.23,14.254279475982532,2966,12.951965065502183,466.31857142857143,207,37.666666666666664,228,United Kingdom,0.0,4.060260928522183,3264.23,5202.812008733624,22.537968087451162,1
13215,210,1,81.6,81.6,96,96.0,81.6,1,0.0,0,United Kingdom,0.0,0.0,81.6,29783.999999999996,22.593809627634098,1
13216,75,1,333.74,66.748,297,59.4,333.74,5,0.0,0,United Kingdom,0.0,0.4520700000000002,333.74,121815.1,30.856395363217302,1
13217,463,1,132.5,132.5,250,250.0,132.5,1,0.0,0,United Kingdom,0.0,0.0,132.5,48362.5,7.152348669299862,0
13219,426,1,76.23,6.930000000000001,11,1.0,76.23,11,0.0,0,United Kingdom,0.0,0.6036800000000004,76.23,27823.95,9.406552863277327,1
13220,27,3,1076.49,22.426875,308,6.416666666666667,358.83,43,178.0,356,United Kingdom,0.0,9.651618749999999,1076.49,1100.613025210084,34.04715656865135,0
13221,48,2,847.41,12.839545454545455,244,3.696969696969697,423.705,62,119.0,119,United Kingdom,0.0,11.10032655011655,847.41,2577.53875,32.64668012796062,1
13222,385,1,88.5,88.5,30,30.0,88.5,1,0.0,0,United Kingdom,0.0,0.0,88.5,32302.5,11.910618903845624,1
13223,8,6,969.1200000000001,74.54769230769232,568,43.69230769230769,161.52,8,92.4,464,United Kingdom,0.0,0.7606397435897438,969.1200000000001,760.7070967741936,35.49674611850418,1
13225,4,14,13157.31,115.41499999999999,5789,50.780701754385966,939.8078571428571,54,40.15384615384615,526,United Kingdom,1.7543859649122806,3.795262358329451,13157.31,9112.747912713472,37.54374603619481,0
13226,81,2,312.46,11.159285714285714,179,6.392857142857143,156.23,28,120.0,120,United Kingdom,0.0,7.349395105820107,312.46,942.5446280991735,30.58783969488368,1
13227,9,1,257.7,28.633333333333333,99,11.0,257.7,9,0.0,0,United Kingdom,0.0,2.4581249999999994,257.7,94060.5,34.87941826842182,1
13229,33,1,160.95,16.095,63,6.3,160.95,10,0.0,0,United Kingdom,0.0,10.498777777777777,160.95,58746.74999999999,33.406224973175284,1
13230,9,25,5128.01,5.067203557312253,2778,2.7450592885375493,205.12040000000002,542,16.0,429,United Kingdom,0.0,9.35218824736202,5128.01,4352.845697674419,37.669779673137306,0
13231,354,1,-355.2,-355.2,-1,-1.0,-355.2,1,0.0,0,United Kingdom,100.0,0.0,-355.2,-129648.0,13.766519892097783,1
13232,4,3,674.9,6.025892857142857,490,4.375,224.96666666666667,99,23.0,46,United Kingdom,0.0,8.160112411518657,674.9,5241.244680851063,35.41813547639138,0
13233,144,3,875.58,17.5116,1004,20.08,291.86,49,178.5,358,United Kingdom,0.0,5.449743714285714,875.58,890.2136490250697,26.88770367825565,1
13234,480,2,346.5,5.680327868852459,159,2.6065573770491803,173.25,56,59.0,59,United Kingdom,0.0,6.319720327868851,346.5,2107.875,6.231677138438875,1
13235,19,2,101.17000000000007,1.7147457627118656,440,7.4576271186440675,50.585000000000036,54,0.0,0,United Kingdom,1.694915254237288,14576.703058153125,101.17000000000007,36927.050000000025,34.35549031440376,1
13237,195,1,643.0,26.791666666666668,128,5.333333333333333,643.0,24,0.0,0,United Kingdom,0.0,3.6091259057971006,643.0,234695.0,23.55593380837007,1
13238,168,3,397.05,18.90714285714286,177,8.428571428571429,132.35,13,114.5,229,United Kingdom,0.0,10.637071428571428,397.05,630.1010869565218,25.382974249938233,0
13239,69,6,1579.84,16.806808510638298,1148,12.212765957446809,263.3066666666667,86,47.6,240,United Kingdom,1.0638297872340425,9.311070338595286,1579.84,2392.703734439834,31.82313963419337,1
13240,65,7,1177.2,6.5765363128491625,603,3.368715083798883,168.17142857142858,147,65.5,395,United Kingdom,0.5586592178770949,4.431364672650805,1177.2,1085.0454545454545,32.13358313650517,0
13241,219,1,112.53,2.81325,46,1.15,112.53,40,0.0,0,United Kingdom,0.0,3.814368653846154,112.53,41073.45,22.04691398571114,1
13242,21,6,533.0,19.74074074074074,270,10.0,88.83333333333333,15,90.4,454,United Kingdom,0.0,0.002648148148148151,533.0,427.5714285714286,34.66707055049414,0
13243,11,5,1220.38,5.953073170731708,554,2.702439024390244,244.07600000000002,165,106.5,428,United Kingdom,0.0,7.130219139167864,1220.38,1038.3186480186482,35.23484825106959,1
13245,240,1,558.72,19.266206896551726,246,8.482758620689655,558.72,29,0.0,0,United Kingdom,0.0,4.251137684729064,558.72,203932.80000000002,20.801719289166947,1
13246,14,11,2971.72,8.84440476190476,2512,7.476190476190476,270.1563636363636,207,31.6,318,United Kingdom,1.1904761904761905,2.6589691791044756,2971.72,3400.2438871473355,35.79337874658596,0
13249,69,7,1189.3600000000001,84.95428571428572,940,67.14285714285714,169.90857142857143,2,70.16666666666667,423,United Kingdom,0.0,0.03799999999999997,1189.3600000000001,1023.8594339622643,31.89038734350233,1
13250,260,3,245.59,12.2795,105,5.25,81.86333333333333,17,24.0,49,United Kingdom,5.0,1.7222555263157897,245.59,1792.8070000000002,19.753857598928203,1
13251,210,1,252.68,10.1072,215,8.6,252.68,25,0.0,0,United Kingdom,0.0,0.8929390000000001,252.68,92228.2,22.607941330829046,1
13252,202,3,341.3,15.513636363636364,128,5.818181818181818,113.76666666666667,19,115.5,231,United Kingdom,13.636363636363635,28.499740259740253,341.3,536.959051724138,23.30266706286652,1
13253,147,3,2397.19,43.58527272727273,2067,37.58181818181818,799.0633333333334,55,182.0,364,United Kingdom,0.0,5.429213670033669,2397.19,2397.19,26.830242885440185,0
13254,184,1,51.410000000000004,12.852500000000001,43,10.75,51.410000000000004,4,0.0,0,United Kingdom,0.0,7.402358333333333,51.410000000000004,18764.65,24.178617433550045,1
13255,181,2,504.95,26.576315789473682,340,17.894736842105264,252.475,19,138.0,138,United Kingdom,0.0,14.87723684210526,504.95,1325.9478417266187,24.498733821044254,1
13257,235,3,117.95,13.105555555555556,29,3.2222222222222223,39.31666666666667,7,4.0,8,United Kingdom,22.22222222222222,44.91194444444444,117.95,4783.527777777778,21.269565691722853,1
13258,13,3,535.4699999999999,25.498571428571424,241,11.476190476190476,178.48999999999998,14,97.0,195,United Kingdom,0.0,3.992024761904762,535.4699999999999,997.1762755102038,34.857167605357525,1
13259,205,8,1119.36,4.824827586206896,377,1.625,139.92,181,42.714285714285715,301,United Kingdom,0.0,7.743043303104942,1119.36,1352.8688741721853,23.681299325639625,1
13261,76,2,944.1,104.9,210,23.333333333333332,472.05,8,17.0,17,United Kingdom,0.0,5.119861111111111,944.1,19144.25,30.945265292430317,1
13262,71,3,573.45,11.469000000000001,247,4.94,191.15,48,168.5,337,United Kingdom,0.0,8.318050653061226,573.45,619.2581360946746,31.31940132238796,1
13263,6,18,4517.8,4.513286713286713,2544,2.5414585414585416,250.9888888888889,373,12.058823529411764,214,United Kingdom,0.0,5.015671297702296,4517.8,7669.753488372094,37.10600733108546,0
13264,250,1,722.5600000000001,19.014736842105265,375,9.868421052631579,722.5600000000001,38,0.0,0,United Kingdom,0.0,12.70766571834993,722.5600000000001,263734.4,20.204752336904942,1
13265,53,2,1124.88,27.43609756097561,882,21.51219512195122,562.44,39,28.0,28,United Kingdom,0.0,8.290651219512194,1124.88,14157.972413793104,32.36434964785354,0
13266,11,20,3686.44,17.63846889952153,4194,20.066985645933013,184.322,117,27.0,518,United Kingdom,5.741626794258373,8.291544957673908,3686.44,2592.583044315992,36.93108925856912,0
13267,7,38,6921.81,21.698463949843262,2878,9.021943573667711,182.15289473684211,127,14.8,532,United Kingdom,5.329153605015674,8.800167045208106,6921.81,4740.07626641651,39.233585205740745,0
13268,6,8,1771.49,6.9198828125,2172,8.484375,221.43625,199,9.428571428571429,68,United Kingdom,1.953125,2.1128032215073524,1771.49,9370.92536231884,35.88412930020687,0
13269,21,19,5210.67,15.647657657657659,4187,12.573573573573574,274.2457894736842,185,28.77777777777778,523,United Kingdom,0.9009009009009009,7.4782563026882265,5210.67,3629.569751908397,36.34699197042469,0
13270,174,1,590.0,590.0,200,200.0,590.0,1,0.0,0,United Kingdom,0.0,0.0,590.0,215350.0,24.83360713701165,1
13274,217,1,360.85,18.992105263157896,199,10.473684210526315,360.85,19,0.0,0,United Kingdom,0.0,12.695438596491227,360.85,131710.25,22.189526058579144,1
13275,191,2,238.86,4.97625,138,2.875,119.43,48,248.0,248,United Kingdom,0.0,5.221287765957447,238.86,350.1361445783133,23.866253406340093,1
13276,205,5,1280.28,6.067677725118483,677,3.2085308056872037,256.056,185,61.0,245,United Kingdom,0.9478672985781991,11.418028395396076,1280.28,1899.6024390243902,23.396084320739657,1
13277,188,3,264.9,17.66,206,13.733333333333333,88.3,7,79.5,159,United Kingdom,0.0,0.16123809523809524,264.9,604.3031249999999,24.15105705642583,0
13278,207,4,885.47,14.055079365079365,818,12.984126984126984,221.3675,48,70.0,210,United Kingdom,1.5873015873015872,1.9084708653353808,885.47,1531.737203791469,23.14186926229083,1
13280,124,7,2152.33,10.81572864321608,1417,7.1206030150753765,307.4757142857143,157,54.333333333333336,328,United Kingdom,0.5025125628140703,10.031571458301604,2152.33,2387.8433130699086,28.612178095087515,0
13281,245,3,306.45,11.786538461538461,175,6.730769230769231,102.14999999999999,24,77.0,154,United Kingdom,15.384615384615385,2.8195300000000003,306.45,721.6403225806451,20.67463572683977,1
13282,19,3,523.2,18.04137931034483,186,6.413793103448276,174.4,27,96.5,194,United Kingdom,3.4482758620689653,5.5080849753694565,523.2,979.323076923077,34.48985370154137,0
13283,375,2,279.7,21.515384615384615,114,8.76923076923077,139.85,13,72.0,72,United Kingdom,0.0,6.8347435897435895,279.7,1398.4999999999998,12.636415675341167,0
13284,130,2,196.15,14.010714285714286,79,5.642857142857143,98.075,13,8.0,8,United Kingdom,7.142857142857142,14.906901648351651,196.15,7954.972222222222,27.586779160768753,1
13285,34,4,1828.74,14.513809523809524,1320,10.476190476190476,457.185,112,132.0,397,United Kingdom,0.0,11.682329574603177,1828.74,1677.1108040201004,33.78144665626784,0
13286,408,1,734.91,14.998163265306122,274,5.591836734693878,734.91,46,0.0,0,United Kingdom,0.0,14.246696853741492,734.91,268242.14999999997,10.559862836742651,1
13287,391,7,519.67,7.022567567567567,237,3.2027027027027026,74.23857142857142,46,19.666666666666668,121,United Kingdom,28.37837837837838,6.114447334320626,519.67,1554.7504098360655,12.176949352949753,1
13288,251,6,892.16,74.34666666666666,376,31.333333333333332,148.69333333333333,7,44.0,223,United Kingdom,16.666666666666664,25.523433333333333,892.16,1453.742857142857,20.65522416457688,1
13289,531,1,307.95,19.246875,119,7.4375,307.95,16,0.0,0,United Kingdom,0.0,17.199072916666662,307.95,112401.75,3.0154371957397212,1
13290,238,3,-208.63,-69.54333333333334,-1,-0.3333333333333333,-69.54333333333334,1,3.5,8,United Kingdom,66.66666666666666,0.0,-208.63,-8461.105555555556,21.059439055279437,1
13291,222,10,2909.68,10.542318840579709,1367,4.952898550724638,290.96799999999996,134,27.333333333333332,252,United Kingdom,0.0,10.212384604743084,2909.68,4197.759683794467,22.990338877034883,0
13292,92,5,658.42,15.312093023255812,300,6.976744186046512,131.684,41,60.0,242,United Kingdom,2.3255813953488373,19.82040442967885,658.42,988.9847736625513,30.243373783408654,1
13293,200,7,1180.34,16.16904109589041,549,7.52054794520548,168.61999999999998,52,57.333333333333336,346,United Kingdom,1.36986301369863,8.624898173515982,1180.34,1241.5680115273774,23.892084267835738,1
13294,57,2,1299.44,16.243000000000002,860,10.75,649.72,80,396.0,396,United Kingdom,0.0,37.38555639240507,1299.44,1194.699244332494,32.134568564921175,0
13295,167,9,1061.27,14.150266666666667,699,9.32,117.91888888888889,56,26.625,217,United Kingdom,10.666666666666668,3.439418810810811,1061.27,1776.8970183486238,26.09590573096131,1
13296,231,5,705.11,14.689791666666666,575,11.979166666666666,141.022,46,38.0,153,United Kingdom,0.0,3.9977719414893613,705.11,1671.2022727272729,21.761272026595435,0
13297,193,4,2262.82,34.812615384615384,1730,26.615384615384617,565.705,58,51.666666666666664,157,United Kingdom,1.5384615384615385,10.809211153846153,2262.82,5227.400632911393,24.11034321376255,1
13299,76,5,1173.3,17.777272727272727,408,6.181818181818182,234.66,56,64.5,260,United Kingdom,6.0606060606060606,13.91142696969697,1173.3,1640.8218390804598,31.262705338541483,1
13300,196,3,901.9200000000001,25.053333333333335,246,6.833333333333333,300.64000000000004,29,92.5,186,United Kingdom,2.7777777777777777,14.143972063492065,901.9200000000001,1760.4320855614974,23.71527626389421,0
13301,30,2,327.77,7.994390243902439,189,4.609756097560975,163.885,40,69.0,69,United Kingdom,0.0,3.7175898780487815,327.77,1709.0864285714283,33.702657458751936,0
13302,334,1,95.45,47.725,7,3.5,95.45,2,0.0,0,United Kingdom,0.0,19.219999999999995,95.45,34839.25,15.024746107515668,0
13303,208,1,61.72,15.43,26,6.5,61.72,4,0.0,0,United Kingdom,0.0,16.043566666666663,61.72,22527.8,22.714267604191107,1
13304,159,7,1120.79,12.88264367816092,688,7.908045977011494,160.11285714285714,59,52.666666666666664,318,United Kingdom,10.344827586206897,23.82701887195938,1120.79,1282.408620689655,26.390217768519417,1
13305,53,10,2255.8,15.66527777777778,1483,10.29861111111111,225.58,123,43.22222222222222,393,United Kingdom,0.0,11.96664172008547,2255.8,2089.7639593908634,33.25378681382468,0
13306,238,1,53.65,13.4125,74,18.5,53.65,4,0.0,0,United Kingdom,0.0,0.6494916666666668,53.65,19582.25,20.88209916733048,1
13307,295,2,258.34,18.45285714285714,136,9.714285714285714,129.17,14,104.0,104,United Kingdom,0.0,9.420007142857145,258.34,898.0390476190476,17.518656161519043,0
13308,11,2,1099.81,25.576976744186044,749,17.41860465116279,549.905,42,393.0,393,United Kingdom,0.0,6.18555393133998,1099.81,1018.8595177664973,34.92638135739042,0
13309,14,3,796.22,11.374571428571429,986,14.085714285714285,265.4066666666667,59,93.0,186,United Kingdom,0.0,2.0349417184265017,796.22,1554.1192513368983,34.81765624905427,1
13310,8,6,1195.02,15.126835443037974,616,7.7974683544303796,199.17,65,40.0,202,United Kingdom,5.063291139240507,8.283950567997405,1195.02,2148.6812807881774,35.51540611237686,1
13312,259,1,124.75,24.95,41,8.2,124.75,5,0.0,0,United Kingdom,0.0,6.602,124.75,45533.75,19.605920951079764,1
13313,23,12,2477.69,17.206180555555555,1779,12.354166666666666,206.47416666666666,90,47.0,521,United Kingdom,2.7777777777777777,2.7319167395104884,2477.69,1732.4843869731799,35.302622376716535,0
13315,497,1,310.26,14.102727272727272,232,10.545454545454545,310.26,22,0.0,0,United Kingdom,0.0,2.223025108225108,310.26,113244.9,5.091330084128145,1
13316,61,9,8545.73,85.45729999999999,16422,164.22,949.5255555555555,72,47.75,386,United Kingdom,2.0,260.23730197979796,8545.73,8059.926227390181,33.1854502622073,0
13317,6,28,5204.231,16.417132492113563,2532,7.987381703470032,185.86539285714284,181,20.64,527,United Kingdom,9.14826498422713,11.872685202811166,5204.231,3597.621808712121,38.15773339419747,0
13319,12,58,14747.26,21.560321637426902,6096,8.912280701754385,254.26310344827587,257,9.0,529,United Kingdom,3.8011695906432745,8.73068746821299,14747.26,10156.131886792453,41.564789472677035,0
13320,19,6,1135.86,13.522142857142857,824,9.80952380952381,189.30999999999997,62,53.2,267,United Kingdom,4.761904761904762,0.8342958691910499,1135.86,1546.9735074626863,34.83896865358623,0
13324,11,19,7114.71,69.75205882352941,5700,55.88235294117647,374.4584210526316,30,19.61111111111111,360,United Kingdom,5.88235294117647,11.991039807804318,7114.71,7193.543351800554,37.11477179621234,1
13326,240,1,281.76,21.673846153846153,140,10.76923076923077,281.76,13,0.0,0,United Kingdom,0.0,9.279276923076923,281.76,102842.4,20.778841591499933,1
13327,67,17,6800.41,25.857072243346007,3156,12.0,400.0241176470588,146,28.4375,461,United Kingdom,1.1406844106463878,28.07964383653093,6800.41,5372.61829004329,33.47100131253605,0
13328,124,1,1308.48,76.96941176470588,680,40.0,1308.48,17,0.0,0,United Kingdom,0.0,0.540119117647059,1308.48,366939.9750000006,27.94545871717138,1
13329,162,13,4188.02,36.41756521739131,2978,25.895652173913042,322.15538461538466,60,31.166666666666668,380,United Kingdom,6.086956521739131,12.040524897025167,4188.02,4012.145144356956,27.057444586909284,1
13330,123,4,1990.99,25.857012987012986,1398,18.155844155844157,497.7475,58,112.66666666666667,338,United Kingdom,0.0,22.66755953520164,1990.99,2143.691297935103,28.361393542448713,0
13331,209,1,262.4,21.866666666666664,54,4.5,262.4,12,0.0,0,United Kingdom,0.0,478.48293560606066,262.4,95775.99999999999,22.669794292013865,1
13333,219,3,1015.74,18.468,685,12.454545454545455,338.58,54,123.0,247,United Kingdom,0.0,4.874590437710437,1015.74,1494.9399193548386,22.320526721197382,1
13334,113,4,4329.92,12.772625368731564,2262,6.672566371681416,1082.48,241,115.33333333333333,347,United Kingdom,0.2949852507374631,5.9048590057775225,4329.92,4541.43908045977,29.165096541035354,0
13335,348,1,-955.06,-955.06,-1,-1.0,-955.06,1,0.0,0,United Kingdom,100.0,0.0,-955.06,-348596.89999999997,14.083270086089753,1
13337,326,2,1548.55,17.20611111111111,955,10.61111111111111,774.275,88,27.0,27,United Kingdom,3.3333333333333335,13.376770399500622,1548.55,20186.455357142855,15.732679349509311,1
13338,341,7,1791.8,14.686885245901639,879,7.204918032786885,255.97142857142856,101,28.0,169,United Kingdom,10.655737704918032,64.44022977916272,1791.8,3847.1,15.33453402566199,0
13339,8,1,860.12,15.928148148148148,326,6.037037037037037,860.12,54,0.0,0,United Kingdom,0.0,17.93031572327044,860.12,313943.8,34.99022996519026,1
13340,84,6,15042.11,113.95537878787879,5471,41.446969696969695,2507.0183333333334,116,75.4,378,United Kingdom,0.0,741.5197335183898,15042.11,14486.464775725595,32.01941118728884,0
13341,68,1,775.85,18.472619047619048,301,7.166666666666667,775.85,42,0.0,0,United Kingdom,0.0,12.529734320557488,775.85,283185.25,31.320265356265164,1
13342,390,1,-14.100000000000001,-7.050000000000001,-4,-2.0,-14.100000000000001,2,0.0,0,United Kingdom,100.0,4.061249999999999,-14.100000000000001,-5146.500000000001,11.596893541617286,1
13344,85,1,1656.15,24.35514705882353,599,8.808823529411764,1656.15,68,0.0,0,United Kingdom,0.0,317.94495065847235,1656.15,366939.9750000006,30.355129646462476,1
13345,84,2,377.6,17.163636363636364,139,6.318181818181818,188.8,20,10.0,10,United Kingdom,9.090909090909092,105.6954112554113,377.6,12529.454545454546,30.41007026428271,1
13346,270,6,299.4,49.9,180,30.0,49.9,4,26.4,133,United Kingdom,0.0,0.5664166666666667,299.4,815.5298507462686,19.44630931286843,1
13353,196,1,-28.849999999999998,-9.616666666666665,-3,-1.0,-28.849999999999998,3,0.0,0,United Kingdom,100.0,2.333333333333333,-28.849999999999998,-10530.25,23.439386992634923,1
13357,65,5,3805.5099999999998,9.658654822335025,2112,5.3604060913705585,761.102,284,92.0,369,United Kingdom,0.0,9.282357166660208,3805.5099999999998,3754.0841891891887,32.15168417508381,1
13358,76,1,439.03,15.138965517241378,285,9.827586206896552,439.03,29,0.0,0,United Kingdom,0.0,82.22964482758621,439.03,160245.94999999998,30.804042560931535,1
13359,201,2,570.7,15.424324324324326,215,5.8108108108108105,285.35,33,10.0,10,United Kingdom,10.81081081081081,63.099373123123115,570.7,18936.863636363636,23.283163740357896,1
13360,236,7,1464.1,20.056164383561644,932,12.767123287671232,209.15714285714284,58,54.0,272,United Kingdom,9.58904109589041,70.2839593607306,1464.1,1957.4963369963368,21.71772146738331,1
13361,280,2,1450.5,42.661764705882355,324,9.529411764705882,725.25,29,145.0,145,United Kingdom,0.0,3.4324331550802136,1450.5,3626.25,18.532882944004168,1
13362,53,7,3853.61,16.901798245614035,1817,7.969298245614035,550.5157142857144,161,29.5,179,United Kingdom,1.3157894736842104,5.986547546178216,3853.61,7814.264722222222,33.08726308203547,1
13363,217,1,731.36,17.413333333333334,436,10.380952380952381,731.36,42,0.0,0,United Kingdom,0.0,8.0063331010453,731.36,266946.4,22.220131257028754,1
13365,25,2,673.7,16.431707317073172,402,9.804878048780488,336.85,41,175.0,175,United Kingdom,4.878048780487805,22.78794195121951,673.7,1397.161931818182,34.03648258330448,1
13367,239,1,510.20000000000005,25.51,253,12.65,510.20000000000005,20,0.0,0,United Kingdom,0.0,116.0848947368421,510.20000000000005,186223.00000000003,20.858761457774765,1
13368,64,5,1086.1,20.49245283018868,594,11.20754716981132,217.21999999999997,45,41.25,166,United Kingdom,1.8867924528301887,90.04508657474602,1086.1,2373.811377245509,31.988103098739845,1
13369,162,2,263.75,13.881578947368421,127,6.684210526315789,131.875,14,11.0,11,United Kingdom,26.31578947368421,121.25298128654974,263.75,8022.395833333334,25.63876116283653,1
13370,174,2,721.32,16.393636363636364,336,7.636363636363637,360.66,39,5.0,5,United Kingdom,11.363636363636363,9.022486416490487,721.32,43880.3,24.943957036682562,1
13371,306,4,2271.46,23.910105263157895,1016,10.694736842105263,567.865,75,44.333333333333336,133,United Kingdom,3.1578947368421053,25.62220801791714,2271.46,6187.185820895523,17.212400004114333,1
13373,84,4,5262.64,21.05056,3070,12.28,1315.66,222,152.0,457,United Kingdom,0.0,13.8759672433735,5262.64,4194.025327510917,31.012593683266356,0
13374,222,2,422.8,24.870588235294118,135,7.9411764705882355,211.4,17,34.0,34,United Kingdom,0.0,132.40058823529412,422.8,4409.2,21.988895490206705,1
13375,252,1,1013.58,29.811176470588236,682,20.058823529411764,1013.58,34,0.0,0,United Kingdom,0.0,7.400563279857399,1013.58,366939.9750000006,20.10669130916882,1
13376,11,2,770.0,19.743589743589745,356,9.128205128205128,385.0,34,30.0,30,United Kingdom,0.0,117.33017692307692,770.0,9066.129032258064,34.89913809674788,1
13377,204,4,1495.43,18.4620987654321,744,9.185185185185185,373.8575,71,82.66666666666667,249,United Kingdom,3.7037037037037033,108.17571790123452,1495.43,2183.3278,23.37540390698409,1
13378,230,1,-756.4,-756.4,-1,-1.0,-756.4,1,0.0,0,United Kingdom,100.0,0.0,-756.4,-276086.0,21.303587181022838,1
13380,240,1,62.4,20.8,48,16.0,62.4,3,0.0,0,United Kingdom,0.0,0.013333333333333343,62.4,22776.0,20.760721820557432,1
13381,15,10,5629.56,23.554644351464436,3678,15.389121338912133,562.956,126,58.44444444444444,531,United Kingdom,1.6736401673640167,9.4090343693963,5629.56,3862.386090225564,35.852371475151976,0
13382,88,5,1387.58,16.134651162790696,863,10.034883720930232,277.51599999999996,74,112.25,451,United Kingdom,0.0,4.7096410943912455,1387.58,1120.5015486725663,30.547804754179083,1
13383,351,1,305.28000000000003,305.28000000000003,288,288.0,305.28000000000003,1,0.0,0,United Kingdom,0.0,0.0,305.28000000000003,111427.20000000001,14.004227635022334,1
13384,198,6,2512.81,21.662155172413794,1715,14.78448275862069,418.8016666666667,81,21.6,110,United Kingdom,3.4482758620689653,22.473178920539734,2512.81,8262.843693693692,24.02474778123836,0
13385,137,1,534.57,15.273428571428573,281,8.028571428571428,534.57,35,0.0,0,United Kingdom,0.0,26.83833983193276,534.57,195118.05000000002,27.087880717420514,1
13386,222,2,835.46,26.950322580645164,514,16.580645161290324,417.73,24,22.0,22,United Kingdom,0.0,3.6054591397849474,835.46,13258.38695652174,22.022982400660453,1
13387,225,1,186.94,2.632957746478873,123,1.732394366197183,186.94,71,0.0,0,United Kingdom,0.0,2.333795613682092,186.94,68233.1,21.68676010079221,1
13388,411,1,508.55,14.95735294117647,419,12.323529411764707,508.55,34,0.0,0,United Kingdom,0.0,13.025831729055257,508.55,185620.75,10.358014662388305,0
13389,40,1,257.89,14.327222222222222,115,6.388888888888889,257.89,18,0.0,0,United Kingdom,0.0,11.940487908496731,257.89,94129.84999999999,32.98688207041989,1
13391,11,1,59.8,59.8,4,4.0,59.8,1,0.0,0,United Kingdom,0.0,0.0,59.8,21827.0,34.740971033495654,1
13392,485,1,91.14,11.3925,82,10.25,91.14,8,0.0,0,United Kingdom,0.0,1.4801125,91.14,33266.1,5.805830870481057,1
13393,391,6,1105.85,15.1486301369863,658,9.013698630136986,184.3083333333333,54,29.0,148,United Kingdom,5.47945205479452,9.511851750380515,1105.85,2708.961409395973,12.12586703009889,1
13394,22,17,4946.41,15.702888888888888,3661,11.622222222222222,290.96529411764703,199,32.125,524,United Kingdom,1.5873015873015872,6.233941991709639,4946.41,3438.932666666666,36.06510829334368,0
13395,208,2,872.51,14.541833333333333,1324,22.066666666666666,436.255,56,21.0,21,United Kingdom,0.0,3.0373893785310737,872.51,14475.734090909089,22.880743692603374,0
13396,120,2,370.92,23.1825,136,8.5,185.46,15,6.0,6,United Kingdom,6.25,6.140225,370.92,19340.828571428574,28.211716279145097,1
13397,102,9,2156.7,31.25652173913043,1089,15.782608695652174,239.63333333333333,59,48.75,394,United Kingdom,4.3478260869565215,14.983168925831208,2156.7,1992.9,30.1546453879623,0
13398,0,2,670.34,17.18820512820513,341,8.743589743589743,335.17,37,256.0,256,United Kingdom,0.0,9.41631430499325,670.34,952.039299610895,35.562456563830416,1
13399,272,3,275.4,18.36,120,8.0,91.8,10,27.0,54,United Kingdom,0.0,13.974000000000002,275.4,1827.6545454545453,19.0237192586132,1
13400,382,2,300.93,12.53875,282,11.75,150.465,23,8.0,8,United Kingdom,4.166666666666666,2.682163586956522,300.93,12204.383333333333,12.210818907441457,1
13401,432,1,-1834.14,-1834.14,-1,-1.0,-1834.14,1,0.0,0,United Kingdom,100.0,0.0,-1834.14,-669461.1000000001,8.88245040536759,1
13402,180,3,913.9000000000001,16.033333333333335,628,11.017543859649123,304.6333333333334,43,95.5,192,United Kingdom,0.0,6.826654573934839,913.9000000000001,1728.360103626943,24.693066823371566,0
13403,195,2,154.5,25.75,70,11.666666666666666,77.25,6,335.0,335,United Kingdom,0.0,19.292416666666668,154.5,167.83482142857142,23.615084781957908,1
13404,20,1,217.81,24.20111111111111,99,11.0,217.81,9,0.0,0,United Kingdom,0.0,5.290600000000001,217.81,79500.65,34.20457256740864,1
13405,12,8,1181.56,26.85363636363636,846,19.227272727272727,147.695,32,73.71428571428571,520,United Kingdom,6.8181818181818175,11.17667019027484,1181.56,827.7723608445298,35.46909900834072,1
13406,235,3,557.22,55.722,286,28.6,185.74,7,101.5,204,United Kingdom,10.0,1.0435377777777777,557.22,992.1234146341465,21.30585066519985,1
13407,386,6,2111.89,22.95532608695652,1623,17.641304347826086,351.9816666666666,86,16.4,83,United Kingdom,7.608695652173914,7.566494123268033,2111.89,9176.664880952381,12.514219151354835,1
13408,11,84,32848.772,59.18697657657657,18970,34.18018018018018,391.0568095238095,233,6.148148148148148,532,United Kingdom,2.8828828828828827,8.144045302975899,32848.772,22494.937673545963,45.70814149678177,0
13409,432,1,-525.65,-525.65,-1,-1.0,-525.65,1,0.0,0,United Kingdom,100.0,0.0,-525.65,-191862.25,8.990535466821624,1
13410,71,8,1582.39,42.7672972972973,945,25.54054054054054,197.79875,21,66.28571428571429,468,United Kingdom,5.405405405405405,4.145477777777779,1582.39,1231.4975479744137,31.900255124598658,0
13412,428,1,487.34999999999997,14.333823529411763,176,5.176470588235294,487.34999999999997,33,0.0,0,United Kingdom,0.0,17.780608288770043,487.34999999999997,177882.75,9.318412443173385,1
13413,447,8,345.8,7.684444444444445,382,8.488888888888889,43.225,39,6.571428571428571,47,United Kingdom,4.444444444444445,2.9217294949494956,345.8,2629.5208333333335,8.843286256437858,1
13414,104,5,1481.74,43.580588235294115,1726,50.76470588235294,296.348,29,108.0,434,United Kingdom,5.88235294117647,3.3915077540106964,1481.74,1243.29908045977,29.57878166592637,0
13415,280,5,665.42,5.888672566371681,404,3.575221238938053,133.084,85,63.75,255,United Kingdom,10.619469026548673,2.7699383059418468,665.42,948.743359375,18.766540526258837,1
13416,544,1,228.3,32.614285714285714,66,9.428571428571429,228.3,7,0.0,0,United Kingdom,0.0,0.25333333333333313,228.3,83329.5,2.2152070815401923,1
13417,13,6,1189.06,18.5790625,418,6.53125,198.17666666666665,42,92.6,464,United Kingdom,7.8125,5.470307043650796,1189.06,933.3481720430108,35.2096634938752,1
13418,11,25,8489.43,21.330226130653266,5121,12.866834170854272,339.5772,250,21.5,524,United Kingdom,1.507537688442211,45.91872616799362,8489.43,5902.175142857142,37.82534257274375,0
13421,98,10,3035.78,13.19904347826087,1715,7.456521739130435,303.57800000000003,159,41.333333333333336,373,United Kingdom,1.3043478260869565,5.239766525536356,3035.78,2962.7264705882353,30.570962672241766,1
13423,236,1,217.03,18.085833333333333,141,11.75,217.03,12,0.0,0,United Kingdom,0.0,5.983015151515148,217.03,79215.95,21.017694950337724,1
13424,252,2,557.92,13.60780487804878,526,12.829268292682928,278.96,40,5.0,5,United Kingdom,2.4390243902439024,2.694311097560976,557.92,33940.13333333333,20.168554961812784,1
13425,102,6,2140.09,16.58984496124031,1511,11.713178294573643,356.6816666666667,96,56.4,284,United Kingdom,2.3255813953488373,5.968084156976742,2140.09,2740.81701754386,29.85476589119771,0
13426,46,16,5811.08,23.15171314741036,3525,14.04382470119522,363.1925,124,32.333333333333336,491,United Kingdom,0.0,5.862809979282866,5811.08,4311.065447154471,34.571828585386974,0
13427,23,4,638.4300000000001,19.950937500000002,465,14.53125,159.60750000000002,23,168.66666666666666,507,United Kingdom,0.0,3.07389314516129,638.4300000000001,458.7144685039371,34.35467427643917,0
13428,322,2,276.76,4.130746268656717,205,3.0597014925373136,138.38,66,0.0,0,United Kingdom,0.0,1.550915061058345,276.76,101017.4,15.871826058484503,1
13431,214,7,2020.14,24.049285714285716,894,10.642857142857142,288.5914285714286,74,41.666666666666664,253,United Kingdom,1.1904761904761905,10.676311345381526,2020.14,2902.9570866141735,23.106753323955065,1
13432,379,2,439.1,3.955855855855856,217,1.954954954954955,219.55,98,40.0,40,United Kingdom,0.0,3.3761922522522525,439.1,3909.0609756097565,12.405382332527843,1
13433,245,5,656.87,26.2748,189,7.56,131.374,22,64.5,259,United Kingdom,4.0,9.367522666666666,656.87,922.1444230769231,20.902586408262803,1
13434,193,3,1132.6200000000001,45.30480000000001,564,22.56,377.54,14,135.0,270,United Kingdom,0.0,0.10582266666666663,1132.6200000000001,1525.4845018450185,23.91748293481078,1
13435,184,2,637.44,13.280000000000001,625,13.020833333333334,318.72,40,123.0,123,United Kingdom,0.0,7.045963120567375,637.44,1876.3354838709681,24.326527695389384,0
13438,355,1,46.5,46.5,10,10.0,46.5,1,0.0,0,United Kingdom,0.0,0.0,46.5,16972.5,13.738651413777498,1
13439,63,3,986.61,5.907844311377246,952,5.700598802395209,328.87,132,135.0,270,United Kingdom,0.0,3.7548578096818424,986.61,1328.828966789668,31.841930022689457,1
13440,231,10,1213.95,17.342142857142857,551,7.871428571428571,121.39500000000001,49,3.857142857142857,28,United Kingdom,15.714285714285714,5.584687370600415,1213.95,15279.025862068967,22.30081612125532,1
13441,239,1,424.26,16.970399999999998,316,12.64,424.26,25,0.0,0,United Kingdom,0.0,8.470787333333332,424.26,154854.9,20.851662565019485,1
13442,475,3,419.87,11.04921052631579,115,3.026315789473684,139.95666666666668,33,35.0,70,United Kingdom,0.0,95.69150270270272,419.87,2158.4866197183096,6.642490505622501,1
13443,256,7,1240.71,6.172686567164179,794,3.9502487562189055,177.24428571428572,176,45.4,228,United Kingdom,0.4975124378109453,25.425316104477616,1240.71,1977.5508733624454,20.478267585774656,1
13444,182,2,619.08,10.861052631578948,331,5.807017543859649,309.54,51,131.0,131,United Kingdom,0.0,2.8599438596491233,619.08,1711.8500000000001,24.44711122834607,1
13445,434,1,241.89999999999998,34.55714285714286,198,28.285714285714285,241.89999999999998,7,0.0,0,United Kingdom,0.0,3.9288000000000003,241.89999999999998,88293.49999999999,8.931837196412417,1
13446,228,18,3608.86,16.863831775700934,2337,10.92056074766355,200.49222222222224,115,13.882352941176471,243,United Kingdom,10.2803738317757,6.7543436027379276,3608.86,5398.499590163935,23.477812703024426,1
13448,21,16,5871.13,14.147301204819277,3248,7.8265060240963855,366.945625,271,34.266666666666666,520,United Kingdom,1.2048192771084338,922.3043844269824,5871.13,4113.171689059502,36.10304041545459,1
13450,12,10,2752.36,28.08530612244898,2912,29.714285714285715,275.236,47,43.77777777777778,398,United Kingdom,1.0204081632653061,1.0438301809383543,2752.36,2517.82305764411,35.79785661018139,0
13451,19,11,5710.33,6.822377538829151,4187,5.002389486260454,519.1209090909091,491,41.3,417,United Kingdom,0.23894862604540024,3.47820482784838,5710.33,4986.292942583732,35.71434555430452,0
13452,67,3,729.8,243.26666666666665,6,2.0,243.26666666666665,2,106.5,213,United Kingdom,0.0,22542.000833333328,729.8,1244.752336448598,31.576516529146833,1
13453,97,4,587.01,17.78818181818182,281,8.515151515151516,146.7525,28,37.333333333333336,112,United Kingdom,6.0606060606060606,12.04517784090909,587.01,1896.0942477876108,29.83272231789829,0
13454,449,1,219.87,9.559565217391304,198,8.608695652173912,219.87,23,0.0,0,United Kingdom,0.0,1.4019964426877474,219.87,80252.55,8.014266538895166,1
13455,8,10,1715.48,14.537966101694915,603,5.110169491525424,171.548,70,58.44444444444444,530,United Kingdom,16.94915254237288,10.713401564537158,1715.48,1179.190583804143,35.95640756510891,1
13456,15,1,207.66,15.973846153846154,100,7.6923076923076925,207.66,13,0.0,0,United Kingdom,0.0,12.809041025641024,207.66,75795.9,34.50898445327953,0
13457,496,4,143.27,13.024545454545455,93,8.454545454545455,35.8175,9,15.666666666666666,48,United Kingdom,18.181818181818183,0.21744545454545455,143.27,1067.2153061224492,5.437093750508423,1
13458,22,13,7893.17,25.379967845659163,4626,14.87459807073955,607.1669230769231,220,14.0,174,United Kingdom,2.2508038585209005,4.671703182242505,7893.17,16462.89742857143,35.9105092485587,0
13459,432,2,1160.4099999999999,15.896027397260273,986,13.506849315068493,580.2049999999999,57,57.0,57,United Kingdom,0.0,4.7169895738203955,1160.4099999999999,7302.580172413792,9.22931139072279,1
13461,208,5,2693.5,69.06410256410257,1958,50.205128205128204,538.7,25,48.75,196,United Kingdom,10.256410256410255,6.231825236167341,2693.5,4990.494923857868,23.329670200186868,0
13462,60,5,1153.85,16.251408450704226,697,9.816901408450704,230.76999999999998,64,118.0,473,United Kingdom,0.0,4.103524989939638,1153.85,888.5131856540085,32.237899689044006,0
13463,228,1,-158.65,-158.65,-1,-1.0,-158.65,1,0.0,0,United Kingdom,100.0,0.0,-158.65,-57907.25,21.475063183323915,1
13464,202,6,2409.21,21.704594594594596,1026,9.243243243243244,401.535,95,47.0,235,United Kingdom,0.9009009009009009,11.823944488124488,2409.21,3726.108686440678,23.771989877165563,1
13465,254,2,931.12,27.385882352941177,584,17.176470588235293,465.56,34,139.0,139,United Kingdom,0.0,6.538892067736186,931.12,2427.5628571428574,20.07728223994854,1
13466,204,5,654.3,15.958536585365852,390,9.512195121951219,130.85999999999999,34,57.75,231,United Kingdom,7.317073170731707,7.632458902439024,654.3,1029.3943965517242,23.405426621876384,0
13468,4,68,10420.25,17.45435510887772,4458,7.467336683417085,153.2389705882353,255,7.567164179104478,539,United Kingdom,3.1825795644891124,14.700888197699914,10420.25,7043.3171296296305,42.69079128607066,0
13469,461,1,82.4,13.733333333333334,52,8.666666666666666,82.4,6,0.0,0,United Kingdom,0.0,12.678999999999998,82.4,30076.000000000004,7.270310386384395,1
13472,271,2,592.24,21.15142857142857,310,11.071428571428571,296.12,24,91.0,91,United Kingdom,0.0,3.7881115079365086,592.24,2349.6478260869567,19.011438733201647,1
13473,138,9,2229.6,35.390476190476186,888,14.095238095238095,247.73333333333332,56,48.75,393,United Kingdom,3.1746031746031744,12.258941474654376,2229.6,2065.492385786802,27.962864941170807,1
13474,44,3,646.59,5.131666666666667,318,2.5238095238095237,215.53,116,129.0,258,United Kingdom,0.0,8.962824355555558,646.59,911.2175675675676,32.973794546445,1
13475,25,3,1278.48,16.183291139240506,934,11.822784810126583,426.16,62,40.0,80,United Kingdom,0.0,15.3388582278481,1278.48,5761.051851851852,34.18594164941612,0
13476,82,5,1529.9,19.365822784810128,458,5.7974683544303796,305.98,61,92.25,370,United Kingdom,2.5316455696202533,374.7286173320351,1529.9,1505.157681940701,30.92586116442793,0
13477,19,9,1867.57,17.45392523364486,1334,12.467289719626168,207.50777777777776,84,58.75,472,United Kingdom,1.8691588785046727,6.96873470287427,1867.57,1441.1480972515856,35.197917480224014,0
13478,277,7,2068.03,15.786488549618323,1168,8.916030534351146,295.4328571428572,114,34.0,207,United Kingdom,4.580152671755725,21.46562876100998,2068.03,3628.994951923077,19.26455533041991,1
13479,6,7,808.5,13.939655172413794,708,12.206896551724139,115.5,45,39.142857142857146,279,United Kingdom,8.620689655172415,8.905103720508166,808.5,1053.9375,35.70508105124825,1
13480,224,2,627.82,15.31268292682927,362,8.829268292682928,313.91,40,262.0,262,United Kingdom,0.0,9.13214243902439,627.82,871.3091254752852,21.883730613541633,1
13481,0,10,2992.52,16.90689265536723,1546,8.734463276836157,299.252,128,67.25,543,United Kingdom,1.1299435028248588,6.341273504108881,2992.52,2007.8488970588235,36.5502952539307,0
13482,40,2,336.09,16.804499999999997,187,9.35,168.045,20,395.0,395,United Kingdom,0.0,3.5708410526315797,336.09,309.7799242424242,33.09284410433376,1
13484,49,4,767.32,19.183,212,5.3,191.83,38,132.33333333333334,398,United Kingdom,2.5,9.428090705128204,767.32,701.934335839599,32.77801937621262,1
13485,41,15,2957.92,18.258765432098766,1788,11.037037037037036,197.19466666666668,132,35.57142857142857,503,United Kingdom,2.4691358024691357,17.10818443754314,2957.92,2142.1444444444446,34.54189712853866,1
13487,21,4,680.27,17.44282051282051,310,7.948717948717949,170.0675,26,173.66666666666666,521,United Kingdom,0.0,8.94565721997301,680.27,475.6677203065134,34.48023050364612,1
13488,4,20,10743.73,21.149074803149606,5376,10.582677165354331,537.1865,306,25.263157894736842,487,United Kingdom,0.7874015748031495,14.730403963409902,10743.73,8035.781659836065,37.941392267405796,0
13489,97,2,235.68,33.66857142857143,352,50.285714285714285,117.84,6,5.0,5,United Kingdom,0.0,1.2215619047619046,235.68,14337.2,29.60469646784125,0
13490,462,1,154.25,19.28125,25,3.125,154.25,8,0.0,0,United Kingdom,0.0,17.64959821428571,154.25,56301.25,7.215195343305791,1
13491,55,25,4283.47,17.34198380566802,2204,8.923076923076923,171.33880000000002,133,19.75,485,United Kingdom,0.0,7.335509291991708,4283.47,3217.009362139918,34.79171541629428,0
13492,22,1,315.3,21.02,114,7.6,315.3,15,0.0,0,Switzerland,0.0,7.234095238095238,315.3,115084.5,34.09052540149553,0
13493,83,2,618.63,77.32875,380,47.5,309.315,6,11.0,11,Switzerland,0.0,294.9463982142857,618.63,18816.662500000002,30.491030100999577,1
13494,119,1,316.26000000000005,17.570000000000004,162,9.0,316.26000000000005,18,0.0,0,United Kingdom,0.0,4.383461764705882,316.26000000000005,115434.90000000002,28.168748778418358,1
13495,40,11,3817.97,31.553471074380163,2099,17.34710743801653,347.0881818181818,50,49.5,500,United Kingdom,6.6115702479338845,1.919836225895317,3817.97,2781.55499001996,34.27597985877423,1
13496,166,2,465.61,17.244814814814816,217,8.037037037037036,232.805,26,1.0,1,United Kingdom,3.7037037037037033,12.25443789173789,465.61,84973.825,25.411235138924642,1
13497,90,7,1139.83,19.31915254237288,521,8.830508474576272,162.83285714285714,52,64.0,386,United Kingdom,1.694915254237288,5.051223378141435,1139.83,1075.0334625322996,30.604244740085335,1
13498,538,1,327.38,19.25764705882353,362,21.294117647058822,327.38,17,0.0,0,United Kingdom,0.0,9.118663970588234,327.38,119493.7,2.5896917426298702,1
13499,25,3,454.59000000000003,19.764782608695654,259,11.26086956521739,151.53,18,26.0,52,United Kingdom,8.695652173913043,5.066523715415019,454.59000000000003,3130.6669811320758,34.117885950647796,1
13500,209,1,299.53,14.976499999999998,229,11.45,299.53,20,0.0,0,United Kingdom,0.0,13.337866052631576,299.53,109328.45,22.672861337487493,0
13501,50,5,2840.26,24.485000000000003,1238,10.672413793103448,568.052,90,81.5,327,Switzerland,1.7241379310344827,7.9002552548725635,2840.26,3160.6551829268296,32.987702646896665,1
13502,82,5,671.76,26.8704,334,13.36,134.352,20,67.75,273,United Kingdom,4.0,6.545923999999999,671.76,894.8627737226277,30.8549763165222,1
13503,287,11,1530.54,8.318152173913044,834,4.532608695652174,139.14,149,17.8,181,United Kingdom,6.521739130434782,12.522187499999994,1530.54,3069.48956043956,19.007666440391038,1
13505,0,3,1873.29,19.11520408163265,849,8.66326530612245,624.43,90,19.5,40,Switzerland,2.0408163265306123,36.52246858826004,1873.29,16676.85,35.76132620335871,0
13506,120,8,1308.53,15.21546511627907,936,10.883720930232558,163.56625,55,20.857142857142858,148,United Kingdom,5.813953488372093,5.681135554035568,1308.53,3205.459395973154,28.886180504451676,1
13508,51,2,287.05,10.251785714285715,180,6.428571428571429,143.525,27,399.0,399,United Kingdom,0.0,10.161573941798942,287.05,261.933125,32.41724258683569,1
13509,62,4,785.02,23.78848484848485,874,26.484848484848484,196.255,23,84.0,253,United Kingdom,0.0,0.32686136363636364,785.02,1128.0799212598424,31.985830653794874,0
13510,183,12,2703.23,14.612054054054054,1640,8.864864864864865,225.26916666666668,128,31.181818181818183,349,United Kingdom,5.9459459459459465,15.940514747356051,2703.23,2819.0827142857142,25.553242865537428,0
13511,291,2,244.61,40.76833333333334,53,8.833333333333334,122.305,5,192.0,192,United Kingdom,16.666666666666664,283.50060000000013,244.61,462.60440414507775,17.761722267977493,1
13512,68,4,713.39,18.292051282051283,419,10.743589743589743,178.3475,31,107.0,322,United Kingdom,0.0,9.24434466936572,713.39,806.1527863777089,31.613613442159842,1
13513,249,3,591.89,18.4965625,243,7.59375,197.29666666666665,24,106.5,213,United Kingdom,6.25,1.0544829637096773,591.89,1009.5320093457944,20.454013652852094,0
13514,236,3,663.7,39.04117647058824,248,14.588235294117647,221.23333333333335,13,126.5,253,United Kingdom,0.0,21.40623161764706,663.7,953.742125984252,21.253596160358565,1
13515,55,3,578.1,19.27,318,10.6,192.70000000000002,28,198.0,396,United Kingdom,0.0,7.0243412643678145,578.1,531.5025188916877,32.29658640264847,0
13516,46,2,441.85,18.410416666666666,185,7.708333333333333,220.925,22,179.0,179,United Kingdom,0.0,17.41398097826087,441.85,895.9736111111112,32.735279820158105,1
13519,250,1,220.46,20.041818181818183,110,10.0,220.46,11,0.0,0,United Kingdom,0.0,4.6968818181818195,220.46,80467.90000000001,20.16327742356508,1
13520,67,10,4368.8,28.185806451612905,2129,13.735483870967743,436.88,65,51.0,463,Switzerland,3.225806451612903,74.66971995810643,4368.8,3436.6637931034484,32.573625875250336,0
13523,7,4,2938.93,22.434580152671753,1065,8.129770992366412,734.7325,117,67.0,202,United Kingdom,0.0,404.2138386142102,2938.93,5284.283004926108,35.52150321208966,0
13524,27,1,159.20000000000002,17.68888888888889,100,11.11111111111111,159.20000000000002,9,0.0,0,United Kingdom,0.0,1.6227777777777779,159.20000000000002,58108.00000000001,33.77238078441024,0
13525,56,1,282.88,141.44,208,104.0,282.88,2,0.0,0,United Kingdom,0.0,0.07604999999999992,282.88,103251.2,32.01214533995303,1
13526,546,4,942.5999999999999,17.455555555555552,1647,30.5,235.64999999999998,29,0.0,0,United Kingdom,18.51851851851852,0.558319496855346,942.5999999999999,344048.99999999994,2.450617669684217,1
13527,9,8,2874.62,10.529743589743589,1282,4.695970695970696,359.3275,175,69.0,485,United Kingdom,0.3663003663003663,6.422333478776121,2874.62,2158.922427983539,35.79210084809154,0
13528,490,1,-40.0,-40.0,-16,-16.0,-40.0,1,0.0,0,United Kingdom,100.0,0.0,-40.0,-14600.0,5.4897480216430425,1
13529,12,1,181.1,25.87142857142857,30,4.285714285714286,181.1,7,0.0,0,United Kingdom,0.0,41.34238095238095,181.1,66101.5,34.689940703551194,1
13530,442,1,402.97999999999996,22.387777777777774,272,15.11111111111111,402.97999999999996,18,0.0,0,United Kingdom,0.0,2.6952212418300654,402.97999999999996,147087.69999999998,8.456742382261648,1
13531,13,6,1433.07,19.107599999999998,497,6.626666666666667,238.845,44,106.0,531,United Kingdom,0.0,10.223008576576577,1433.07,983.2153195488721,35.22981942616769,1
13533,75,2,144.94,3.4509523809523808,105,2.5,72.47,42,0.0,0,United Kingdom,0.0,2.1977948896631827,144.94,52903.1,30.940302424293602,0
13534,7,43,4221.98,14.762167832167831,2139,7.479020979020979,98.18558139534883,121,7.794871794871795,320,United Kingdom,14.335664335664337,6.199504685314684,4221.98,4800.693769470405,39.508083870832415,0
13535,210,1,89.5,89.5,10,10.0,89.5,1,0.0,0,United Kingdom,0.0,0.0,89.5,32667.5,22.59446219050083,1
13537,233,2,717.85,17.09166666666667,337,8.023809523809524,358.925,38,26.0,26,United Kingdom,0.0,8.336126596980257,717.85,9704.26851851852,21.34171680268496,1
13538,82,7,2326.58,18.61264,858,6.864,332.36857142857144,102,66.16666666666667,400,United Kingdom,0.0,8.679090232258064,2326.58,2117.709975062344,31.190674213560666,0
13539,47,8,1215.57,16.882916666666667,609,8.458333333333334,151.94625,59,49.57142857142857,350,United Kingdom,2.7777777777777777,9.379171126760562,1215.57,1264.0542735042734,33.3351561960313,1
13540,275,3,632.39,19.7621875,189,5.90625,210.79666666666665,26,94.0,188,United Kingdom,0.0,8.767438709677421,632.39,1221.2822751322751,18.87005748277868,1
13541,231,3,717.9,59.824999999999996,266,22.166666666666668,239.29999999999998,10,73.0,146,United Kingdom,16.666666666666664,5.397351515151516,717.9,1782.5408163265306,21.563323542492004,1
13542,184,18,3924.09,11.74877245508982,801,2.3982035928143715,218.005,98,20.294117647058822,352,United Kingdom,0.8982035928143712,8.307529241516958,3924.09,4057.486827195468,26.19005429966751,1
13543,442,2,1439.6100000000001,30.630000000000003,329,7.0,719.8050000000001,37,52.0,52,United Kingdom,0.0,7.248654301572616,1439.6100000000001,9914.295283018868,8.641873508372926,1
13544,48,6,618.65,3.0475369458128077,281,1.3842364532019704,103.10833333333333,186,100.75,404,United Kingdom,0.49261083743842365,4.238683182948837,618.65,557.5487654320987,33.02579384005836,1
13545,198,3,337.64,6.029285714285714,245,4.375,112.54666666666667,56,173.0,347,United Kingdom,3.571428571428571,2.6010051948051958,337.64,354.13390804597697,23.54656498047281,1
13546,8,3,647.41,7.992716049382715,337,4.160493827160494,215.8033333333333,58,111.5,223,United Kingdom,0.0,5.525178179012346,647.41,1054.9314732142857,35.171664478620706,1
13547,216,1,167.08,3.7972727272727274,79,1.7954545454545454,167.08,44,0.0,0,United Kingdom,0.0,4.103197198731502,167.08,60984.200000000004,22.23457015675754,1
13548,51,2,504.29,4.133524590163935,286,2.3442622950819674,252.145,117,227.0,227,United Kingdom,0.0,5.106439649099035,504.29,807.3063596491229,32.435187239641806,1
13549,0,5,598.0699999999999,16.164054054054052,402,10.864864864864865,119.61399999999999,35,48.25,194,United Kingdom,2.7027027027027026,4.961500750750751,598.0699999999999,1119.464358974359,35.854994315329826,0
13550,191,1,342.55,8.155952380952382,430,10.238095238095237,342.55,40,0.0,0,United Kingdom,0.0,1.6853393728223007,342.55,125030.75,23.775316012910963,1
13551,127,2,244.2,48.839999999999996,36,7.2,122.1,5,346.0,346,United Kingdom,0.0,9.007999999999997,244.2,256.86743515850145,27.77389841300075,1
13552,13,22,4887.89,31.94699346405229,1763,11.522875816993464,222.1768181818182,125,21.19047619047619,453,United Kingdom,5.228758169934641,11.375666099071209,4887.89,3929.6912995594716,37.1072373592177,0
13553,482,1,499.6,5.613483146067416,201,2.258426966292135,499.6,85,0.0,0,United Kingdom,0.0,8.762544994892751,499.6,182354.0,6.022721031927991,1
13554,188,10,1547.46,7.475652173913043,563,2.7198067632850242,154.746,156,7.111111111111111,66,United Kingdom,5.314009661835748,10.46447855635289,1547.46,8430.192537313433,24.953517637760218,1
13555,9,14,6290.16,19.474179566563468,2975,9.210526315789474,449.29714285714283,204,37.15384615384615,487,United Kingdom,1.8575851393188854,8.279361973347694,6290.16,4704.730327868852,36.67124926382281,1
13556,237,2,200.82,22.313333333333333,134,14.88888888888889,100.41,8,6.0,6,United Kingdom,0.0,1.572552777777778,200.82,10471.328571428572,21.05480838392964,1
13557,88,15,2636.7,15.979999999999999,2038,12.351515151515152,175.78,116,31.642857142857142,450,United Kingdom,1.8181818181818181,2.8658853510716917,2636.7,2133.914634146341,31.646010557407198,1
13559,320,2,990.0,495.0,360,180.0,495.0,1,30.0,30,United Kingdom,0.0,0.0,990.0,11656.451612903225,16.052841869074012,1
13561,23,11,1803.4,7.875109170305677,1125,4.9126637554585155,163.94545454545457,131,43.0,433,United Kingdom,0.0,5.496522657626597,1803.4,1516.684331797235,35.147421583406626,1
13562,53,6,3642.12,26.39217391304348,1079,7.818840579710145,607.02,72,89.2,448,United Kingdom,0.0,6.52737150111076,3642.12,2960.743429844098,32.970290908310666,0
13564,162,51,15586.78,12.529565916398715,8775,7.053858520900322,305.62313725490196,491,7.645833333333333,383,United Kingdom,3.617363344051447,15.20987683484103,15586.78,14815.559114583333,31.780109684242273,0
13565,142,2,284.76,8.136,166,4.742857142857143,142.38,28,76.0,76,United Kingdom,0.0,2.232529915966387,284.76,1349.8363636363636,26.861497870651675,1
13566,242,3,831.76,4.2221319796954315,690,3.50253807106599,277.25333333333333,159,102.0,205,United Kingdom,0.0,1.7381614834766397,831.76,1473.7495145631067,20.901178036511688,1
13567,236,5,1074.19,5.317772277227723,641,3.1732673267326734,214.83800000000002,180,28.0,113,United Kingdom,0.49504950495049505,5.194547746416435,1074.19,3439.292543859649,21.486508797655574,1
13569,175,3,497.74,4.046666666666667,232,1.886178861788618,165.91333333333333,103,29.5,60,United Kingdom,0.0,2.499907210449152,497.74,2978.2803278688525,24.9639411080373,1
13570,51,1,239.49,8.870000000000001,161,5.962962962962963,239.49,27,0.0,0,United Kingdom,0.0,5.073935327635327,239.49,87413.85,32.31381150561,1
13571,0,17,2840.92,7.265780051150895,1709,4.370843989769821,167.1129411764706,180,33.1875,539,United Kingdom,0.0,3.9875787277854275,2840.92,1920.2514814814815,37.234290068056374,0
13572,13,1,1384.25,41.946969696969695,534,16.181818181818183,1384.25,32,0.0,0,United Kingdom,0.0,12.81278143939394,1384.25,366939.9750000006,34.72827431504614,1
13573,61,5,646.04,9.939076923076923,355,5.461538461538462,129.208,54,95.25,383,United Kingdom,0.0,6.788942211538463,646.04,614.0744791666666,32.134903052126354,1
13574,219,1,404.45,4.444505494505495,304,3.340659340659341,404.45,84,0.0,0,United Kingdom,0.0,5.303352258852259,404.45,147624.25,22.071027422680206,1
13576,27,20,7199.45,36.178140703517585,2915,14.64824120603015,359.97249999999997,110,26.473684210526315,511,United Kingdom,5.025125628140704,10.158799198010257,7199.45,5132.42041015625,36.24447307625541,0
13577,49,10,2045.07,18.762110091743118,972,8.917431192660551,204.507,66,53.44444444444444,483,United Kingdom,3.669724770642202,6.995633095480802,2045.07,1542.2532024793386,33.48058015006216,0
13578,217,1,147.66,16.406666666666666,127,14.11111111111111,147.66,9,0.0,0,United Kingdom,0.0,2.3083250000000004,147.66,53895.9,22.171915947495844,1
13579,177,5,1068.8,15.489855072463767,584,8.46376811594203,213.76,62,72.0,290,United Kingdom,2.898550724637681,7.609999658994034,1068.8,1340.5910652920961,25.0880171700077,1
13580,214,1,107.75,21.55,45,9.0,107.75,5,0.0,0,United Kingdom,0.0,294.9220000000001,107.75,39328.75,22.351769449125626,1
13581,117,2,280.53000000000003,8.500909090909092,119,3.606060606060606,140.26500000000001,32,104.0,104,United Kingdom,0.0,5.304005871212122,280.53000000000003,975.1757142857144,28.387399986659375,1
13582,197,2,241.68,21.970909090909092,106,9.636363636363637,120.84,10,227.0,227,United Kingdom,0.0,4.076881818181818,241.68,386.90000000000003,23.50018598020228,1
13583,487,1,664.001,15.441883720930232,372,8.651162790697674,664.001,43,0.0,0,United Kingdom,0.0,4.959454419712069,664.001,242360.365,5.731050725140116,0
13584,114,5,340.4,4.004705882352941,273,3.211764705882353,68.08,74,92.0,369,United Kingdom,5.88235294117647,5.617880056022408,340.4,335.79999999999995,28.874003067791197,1
13585,338,4,674.46,16.8615,1338,33.45,168.615,29,68.66666666666667,207,United Kingdom,2.5,6.746608653846153,674.46,1183.5475961538461,15.126881227959593,1
13586,349,1,127.28,6.364,38,1.9,127.28,20,0.0,0,United Kingdom,0.0,7.046836578947368,127.28,46457.2,14.111624441897412,1
13587,257,3,961.1,43.68636363636364,484,22.0,320.3666666666667,20,107.0,214,United Kingdom,0.0,4.749891774891775,961.1,1631.6348837209302,19.99611097913834,1
13588,63,1,113.30000000000001,14.162500000000001,48,6.0,113.30000000000001,8,0.0,0,United Kingdom,0.0,6.725669642857143,113.30000000000001,41354.50000000001,31.570787113749443,0
13589,257,4,741.09,23.906129032258065,179,5.774193548387097,185.2725,29,94.33333333333333,284,United Kingdom,0.0,26.06462365591397,741.09,949.1152631578948,20.077440003876585,0
13590,7,17,5220.65,14.46163434903047,4226,11.706371191135734,307.0970588235294,241,33.3125,538,United Kingdom,0.8310249307479225,5.996305475530936,5220.65,3535.319573283859,37.0035122268885,0
13591,12,7,1740.29,21.223048780487805,627,7.646341463414634,248.61285714285714,71,86.5,520,United Kingdom,1.2195121951219512,16.839422357723578,1740.29,1219.205086372361,35.41574923603521,1
13592,13,3,205.51,15.808461538461538,71,5.461538461538462,68.50333333333333,12,29.0,58,United Kingdom,0.0,32.9438923076923,205.51,1271.3754237288135,34.82991195428081,1
13593,71,14,4430.68,12.842550724637682,1781,5.16231884057971,316.4771428571429,190,34.45454545454545,383,United Kingdom,0.5797101449275363,10.106216380181998,4430.68,4211.453645833333,32.73254704841191,0
13594,293,2,111.45000000000002,12.383333333333335,35,3.888888888888889,55.72500000000001,9,215.0,215,United Kingdom,22.22222222222222,28.144999999999992,111.45000000000002,188.32986111111114,17.628622744442726,1
13595,324,3,784.48,5.485874125874126,341,2.3846153846153846,261.49333333333334,114,64.5,129,United Kingdom,0.0,5.450962306707378,784.48,2202.578461538462,15.891167565553646,1
13597,196,3,372.21,19.59,220,11.578947368421053,124.07,18,6.5,14,United Kingdom,10.526315789473683,2.801654385964912,372.21,9057.11,23.67152068463658,1
13598,303,4,601.92,10.559999999999999,341,5.982456140350878,150.48,46,52.0,156,United Kingdom,0.0,4.110627255639098,601.92,1399.3681528662419,17.257641350743054,1
13599,6,32,6344.38,26.434916666666666,3990,16.625,198.261875,140,17.06451612903226,540,United Kingdom,10.0,10.878824100418413,6344.38,4280.404251386321,38.649922952033414,0
13600,120,2,518.42,12.644390243902437,599,14.609756097560975,259.21,35,321.0,321,United Kingdom,0.0,13.00226719512195,518.42,587.65,28.223900206087198,1
13601,19,3,839.87,6.561484375,684,5.34375,279.95666666666665,114,167.5,335,United Kingdom,0.0,3.6940601316437003,839.87,912.3587797619048,34.51601156014988,1
13602,189,3,596.28,17.036571428571428,271,7.742857142857143,198.76,29,89.5,179,United Kingdom,0.0,4.523658487394959,596.28,1209.1233333333332,24.117379942562717,1
13604,460,2,713.39,31.01695652173913,239,10.391304347826088,356.695,21,6.0,6,United Kingdom,8.695652173913043,23.90261660079051,713.39,37198.19285714285,7.482984535411536,1
13605,195,2,522.67,9.861698113207547,425,8.018867924528301,261.335,50,184.0,184,United Kingdom,0.0,3.8792002177068237,522.67,1031.2137837837836,23.645496689634342,1
13606,51,2,246.63,6.665675675675676,240,6.486486486486487,123.315,37,68.0,68,United Kingdom,0.0,8.946856756756754,246.63,1304.6369565217392,32.41390377783908,1
13607,200,2,382.6,15.304,172,6.88,191.3,24,10.0,10,United Kingdom,4.0,7.135080666666667,382.6,12695.363636363636,23.328676196948237,1
13608,348,1,232.05,6.825,110,3.235294117647059,232.05,31,0.0,0,United Kingdom,0.0,3.002230392156863,232.05,84698.25,14.181328808206617,1
13609,401,1,167.35,23.907142857142855,19,2.7142857142857144,167.35,7,0.0,0,United Kingdom,0.0,56.01869047619047,167.35,61082.75,10.940331165277762,1
13610,51,11,1340.8,5.495081967213115,524,2.1475409836065573,121.89090909090909,204,45.5,460,United Kingdom,0.819672131147541,9.633308048303311,1340.8,1061.587852494577,33.399807774998706,0
13611,167,11,2421.78,13.918275862068967,1408,8.091954022988507,220.1618181818182,131,37.3,377,United Kingdom,2.8735632183908044,6.248853006444753,2421.78,2338.49126984127,26.407292770112793,0
13612,326,2,777.79,14.9575,438,8.423076923076923,388.895,51,114.0,114,United Kingdom,3.8461538461538463,8.521617194570137,777.79,2468.6378260869565,15.669012342526978,1
13613,260,5,1039.8500000000001,17.62457627118644,445,7.5423728813559325,207.97000000000003,50,51.75,207,United Kingdom,0.0,7.354075102279368,1039.8500000000001,1824.736778846154,20.018470749056203,1
13614,138,3,953.03,12.218333333333334,282,3.6153846153846154,317.6766666666667,73,110.0,220,United Kingdom,0.0,22.707562970362968,953.03,1574.0088235294118,27.260401638736806,0
13615,120,12,6212.2300000000005,16.52188829787234,2891,7.6888297872340425,517.6858333333333,259,32.90909090909091,367,United Kingdom,2.393617021276596,236.86102782340413,6212.2300000000005,6161.5868206521745,29.6892502685715,1
13616,376,2,283.85,8.110000000000001,172,4.914285714285715,141.925,31,122.0,122,United Kingdom,0.0,17.611462184873943,283.85,842.3191056910571,12.575708416303376,1
13617,216,6,719.62,11.2440625,292,4.5625,119.93666666666667,31,17.0,86,United Kingdom,1.5625,15.993152356150793,719.62,3019.0954022988503,22.777723997908065,0
13619,352,2,224.94,4.998666666666667,79,1.7555555555555555,112.47,39,129.0,129,United Kingdom,0.0,9.122052727272727,224.94,631.5623076923077,14.036043744988504,1
13620,336,1,112.34,22.468,74,14.8,112.34,5,0.0,0,United Kingdom,0.0,3.0740800000000004,112.34,41004.1,14.904041148304037,1
13622,496,2,651.45,19.16029411764706,377,11.088235294117647,325.725,32,7.0,7,United Kingdom,5.88235294117647,12.430135204991085,651.45,29722.406250000004,5.280065914322601,1
13623,18,13,2279.8,8.230324909747294,865,3.1227436823104693,175.3692307692308,200,43.5,527,United Kingdom,2.888086642599278,10.398583270548844,2279.8,1575.9981060606062,35.691028882731935,1
13624,189,2,427.18,17.799166666666668,814,33.916666666666664,213.59,22,7.0,7,United Kingdom,8.333333333333332,8.273259239130434,427.18,19490.0875,24.003909305536737,1
13625,404,1,301.26,14.345714285714285,144,6.857142857142857,301.26,21,0.0,0,United Kingdom,0.0,20.113146190476193,301.26,109959.9,10.768242335733119,1
13626,60,3,689.49,14.988913043478261,395,8.58695652173913,229.83,44,62.5,126,United Kingdom,4.3478260869565215,14.214851449275361,689.49,1981.6051181102362,32.00053723381905,1
13627,12,5,1199.45,15.182911392405064,800,10.126582278481013,239.89000000000001,76,108.25,435,United Kingdom,1.2658227848101267,8.71037400194742,1199.45,1004.1267201834862,35.17206931143716,0
13628,484,1,310.14,19.38375,106,6.625,310.14,16,0.0,0,United Kingdom,0.0,6.541306250000001,310.14,113201.09999999999,5.884970965431595,1
13629,18,12,8466.5,192.42045454545453,5000,113.63636363636364,705.5416666666666,7,40.81818181818182,455,United Kingdom,0.0,0.02114053911205076,8466.5,6776.913377192983,36.10256572271346,0
13630,53,3,716.52,15.245106382978722,448,9.53191489361702,238.84,43,19.5,40,United Kingdom,4.25531914893617,2.6468787234042552,716.52,6378.775609756098,32.430120417408425,0
13631,9,4,1330.0,332.5,188,47.0,332.5,3,21.333333333333332,65,United Kingdom,0.0,3.765625,1330.0,7355.303030303031,35.2665008149051,0
13632,41,6,2128.37,15.649779411764705,833,6.125,354.7283333333333,110,75.2,378,United Kingdom,1.4705882352941175,8.13814060457516,2128.37,2049.7494722955144,33.57785150932762,0
13633,411,1,-306.66,-306.66,-1,-1.0,-306.66,1,0.0,0,United Kingdom,100.0,0.0,-306.66,-111930.90000000001,10.290675956744437,1
13634,50,14,3530.1,9.833147632311977,1483,4.13091922005571,252.15,186,37.5,456,United Kingdom,7.7994428969359335,10.325524626134046,3530.1,2819.445295404814,33.940207815713926,0
13635,245,5,1877.19,17.878,1192,11.352380952380953,375.438,90,74.75,301,United Kingdom,4.761904761904762,3.641223681318683,1877.19,2268.7892384105958,21.00338837250677,1
13636,56,4,533.95,14.831944444444446,297,8.25,133.4875,32,11.666666666666666,36,United Kingdom,2.7777777777777777,9.44785714285714,533.95,5267.344594594595,32.33139191136742,0
13637,34,1,416.4,6.716129032258064,211,3.403225806451613,416.4,60,0.0,0,United Kingdom,0.0,6.3289358011634045,416.4,151986.0,33.36627582153105,0
13639,244,1,312.93,16.47,197,10.368421052631579,312.93,19,0.0,0,United Kingdom,0.0,0.700316374269006,312.93,114219.45,20.537216079521965,1
13640,419,1,405.0,101.25,108,27.0,405.0,4,0.0,0,United Kingdom,0.0,0.0,405.0,147825.0,9.861060644259988,1
13641,448,7,921.82,18.436400000000003,1080,21.6,131.68857142857144,41,15.166666666666666,93,United Kingdom,12.0,112.33840657142854,921.82,3579.407446808511,8.730314627128585,1
13642,23,5,459.45,4.334433962264151,230,2.169811320754717,91.89,93,54.25,217,United Kingdom,0.9433962264150944,9.878155651392632,459.45,769.2626146788991,34.43939249793968,1
13643,188,12,1592.73,20.16113924050633,621,7.860759493670886,132.7275,58,31.363636363636363,350,United Kingdom,6.329113924050633,17.509269068484258,1592.73,1656.2576923076924,25.156262045919643,0
13646,207,3,323.3,5.479661016949152,78,1.3220338983050848,107.76666666666667,58,0.0,0,United Kingdom,1.694915254237288,7.851111922852134,323.3,118004.5,22.9959299055148,1
13647,42,5,1818.2,21.645238095238096,1175,13.988095238095237,363.64,68,91.5,368,United Kingdom,0.0,8.851494779116466,1818.2,1798.490514905149,33.39167802092127,0
13648,208,11,1679.01,14.858495575221239,928,8.212389380530974,152.63727272727272,95,33.4,337,United Kingdom,6.1946902654867255,6.480439032869787,1679.01,1813.132100591716,23.842885315095646,1
13649,64,6,1453.68,13.46,782,7.2407407407407405,242.28,97,53.4,270,United Kingdom,0.0,12.155106611284191,1453.68,1957.908487084871,32.11796875827069,1
13650,13,12,2007.68,16.190967741935484,1036,8.35483870967742,167.30666666666667,86,42.90909090909091,477,United Kingdom,9.67741935483871,9.150311742722263,2007.68,1533.0610878661087,35.874298800762524,1
13651,189,2,114.75,12.75,27,3.0,57.375,8,0.0,0,United Kingdom,11.11111111111111,29.63319444444444,114.75,41883.75,23.978101683201004,1
13652,64,4,1805.21,15.562155172413794,1170,10.086206896551724,451.3025,102,131.33333333333334,395,United Kingdom,0.0,4.465310644677662,1805.21,1663.8930555555557,31.948001178657886,1
13653,295,1,152.2,16.91111111111111,72,8.0,152.2,9,0.0,0,United Kingdom,0.0,4.15,152.2,55552.99999999999,17.410386202732216,1
13654,9,8,4773.51,20.664545454545454,3389,14.670995670995671,596.68875,192,76.0,535,United Kingdom,0.0,6.464888503670243,4773.51,3250.617817164179,35.948954658471784,0
13655,49,7,1709.98,19.43159090909091,722,8.204545454545455,244.28285714285715,74,58.0,349,United Kingdom,4.545454545454546,9.144388453500522,1709.98,1783.2648571428572,33.15439328344997,0
13656,145,6,836.4,11.616666666666667,482,6.694444444444445,139.4,64,51.2,258,United Kingdom,4.166666666666666,5.136089964788732,836.4,1178.7104247104246,27.12192469848476,0
13657,9,1,152.34,16.926666666666666,132,14.666666666666666,152.34,9,0.0,0,United Kingdom,0.0,0.4798944444444445,152.34,55604.1,34.87071522745491,1
13658,5,8,4233.2,25.197619047619046,1431,8.517857142857142,529.15,119,67.28571428571429,474,United Kingdom,4.166666666666666,18.60309016253208,4233.2,3252.8799999999997,36.148523732732464,0
13659,5,17,4706.43,16.341770833333335,2492,8.652777777777779,276.8488235294118,226,28.4375,463,United Kingdom,4.861111111111112,39.03381836890245,4706.43,3702.256357758621,37.083136288567154,1
13660,203,2,295.74,7.213170731707318,134,3.268292682926829,147.87,39,4.0,4,United Kingdom,2.4390243902439024,15.74271219512195,295.74,21589.02,23.138351126379813,1
13661,411,1,325.24,19.131764705882354,118,6.9411764705882355,325.24,17,0.0,0,United Kingdom,0.0,8.652901470588235,325.24,118712.6,10.342872725793343,1
13662,15,14,1809.71,14.249685039370078,964,7.590551181102362,129.26500000000001,109,34.38461538461539,450,United Kingdom,7.086614173228346,12.313428346456694,1809.71,1464.6211751662972,35.93485075875812,0
13663,188,5,1824.14,20.728863636363638,800,9.090909090909092,364.82800000000003,75,66.0,266,United Kingdom,2.272727272727273,15.017918913270638,1824.14,2493.6745318352064,24.47885976880582,0
13664,490,1,-13.14,-13.14,-1,-1.0,-13.14,1,0.0,0,United Kingdom,100.0,0.0,-13.14,-4796.1,5.491966735389923,1
13665,194,3,1711.6599999999999,16.147735849056602,1652,15.584905660377359,570.5533333333333,97,58.5,117,United Kingdom,0.0,4.7864256603773585,1711.6599999999999,5294.541525423729,23.90426325380516,1
13666,95,4,107.3,7.153333333333333,50,3.3333333333333335,26.825,15,149.0,448,United Kingdom,0.0,9.185642857142856,107.3,87.22605790645879,29.915197005466922,1
13668,9,32,10144.04,18.890204841713224,4601,8.567970204841712,317.00125,298,16.612903225806452,527,United Kingdom,4.655493482309125,7.999571998943837,10144.04,7012.451893939395,38.78063568308543,0
13669,215,1,195.0,39.0,156,31.2,195.0,5,0.0,0,United Kingdom,0.0,0.0,195.0,71175.0,22.29792649062267,0
13671,202,1,172.6,2.696875,95,1.484375,172.6,61,0.0,0,United Kingdom,0.0,1.0412989831349204,172.6,62999.0,23.089726979436154,1
13672,109,7,162.07000000000002,5.788214285714287,80,2.857142857142857,23.152857142857147,14,71.33333333333333,429,United Kingdom,35.714285714285715,166.835846031746,162.07000000000002,137.57104651162794,29.36352777398564,1
13674,237,2,215.88,13.4925,98,6.125,107.94,14,3.0,3,United Kingdom,12.5,10.847622916666664,215.88,19699.05,21.056052383521152,1
13675,92,1,308.44,20.562666666666665,204,13.6,308.44,15,0.0,0,United Kingdom,0.0,1.8165314285714287,308.44,112580.6,29.816454472134836,0
13676,347,3,153.15,10.21,59,3.933333333333333,51.050000000000004,13,39.5,80,United Kingdom,13.333333333333334,14.686380952380949,153.15,690.1203703703704,14.434866476003215,1
13677,212,2,551.24,5.200377358490566,217,2.047169811320755,275.62,98,57.5,115,United Kingdom,0.0,12.090808957771788,551.24,1734.5051724137932,22.610005616479814,1
13679,301,3,281.26,5.6251999999999995,102,2.04,93.75333333333333,44,120.5,241,United Kingdom,0.0,2.759244734693876,281.26,424.2144628099174,17.25375154112333,1
13680,144,11,8572.03,15.786427255985268,3836,7.064456721915286,779.2754545454546,280,39.3,398,United Kingdom,3.867403314917127,5.040339253022359,8572.03,7841.581328320803,28.319472626302556,1
13683,265,1,258.6,25.860000000000003,180,18.0,258.6,10,0.0,0,United Kingdom,0.0,0.9662222222222225,258.6,94389.00000000001,19.250676982211264,1
13684,93,6,544.42,4.860892857142857,222,1.9821428571428572,90.73666666666666,81,66.6,335,United Kingdom,3.571428571428571,3.415777533783783,544.42,591.4086309523809,30.272409479945193,1
13686,188,2,337.04,12.963076923076924,308,11.846153846153847,168.52,23,21.0,21,United Kingdom,0.0,1.2213201538461538,337.04,5591.8,24.057513541674513,0
13687,246,1,11880.84,264.01866666666666,87167,1937.0444444444445,11880.84,45,0.0,0,United Kingdom,0.0,0.007584545454545454,11880.84,366939.9750000006,21.370658807000165,1
13688,443,1,375.5,75.1,130,26.0,375.5,5,0.0,0,United Kingdom,0.0,6.074999999999999,375.5,137057.5,8.393422393670104,1
13689,252,1,349.5,116.5,210,70.0,349.5,3,0.0,0,United Kingdom,0.0,0.03000000000000001,349.5,127567.5,20.05183637897417,1
13691,204,1,212.78,3.9403703703703705,145,2.685185185185185,212.78,54,0.0,0,United Kingdom,0.0,2.7930845911949684,212.78,77664.7,22.970945841637956,1
13692,11,7,2399.71,30.76551282051282,1598,20.487179487179485,342.8157142857143,70,35.833333333333336,216,United Kingdom,3.8461538461538463,27.204801798201803,2399.71,4036.378571428572,35.53126929779145,1
13693,133,13,1948.32,17.395714285714284,871,7.776785714285714,149.8707692307692,80,33.5,407,United Kingdom,5.357142857142857,15.265216602316606,1948.32,1742.9823529411765,28.64289065449852,1
13694,0,134,153658.93,122.04839555202541,148470,117.92692613185068,1146.7084328358208,781,3.774436090225564,542,United Kingdom,2.0651310563939633,6.507742320791098,153658.93,103288.23103130754,61.334085284989065,0
13695,21,5,552.08,29.05684210526316,376,19.789473684210527,110.41600000000001,14,90.75,364,United Kingdom,0.0,0.9691479532163741,552.08,552.08,34.56914412615944,0
13696,229,4,2008.7,80.348,546,21.84,502.175,25,90.66666666666667,273,United Kingdom,4.0,18.674330666666666,2008.7,2675.82299270073,21.891549968404238,1
13698,404,2,451.73,11.887631578947369,227,5.973684210526316,225.865,31,85.0,85,United Kingdom,0.0,39.10395761024184,451.73,1917.2261627906978,10.88017408083414,1
13699,355,2,402.82,15.493076923076924,148,5.6923076923076925,201.41,23,3.0,3,United Kingdom,11.538461538461538,19.002106615384616,402.82,36757.325,13.867586964716024,0
13700,48,9,1248.26,8.266622516556291,1592,10.543046357615895,138.69555555555556,112,53.5,430,United Kingdom,2.6490066225165565,2.030903134657837,1248.26,1057.1111368909512,33.376308911165374,0
13701,245,2,159.55,15.955000000000002,79,7.9,79.775,9,9.0,9,United Kingdom,10.0,1.4004444444444448,159.55,5823.575000000001,20.562998874072196,1
13702,253,1,135.18,27.036,74,14.8,135.18,5,0.0,0,United Kingdom,0.0,2.56892,135.18,49340.700000000004,19.973082865570003,1
13703,126,3,99.5,1.3630136986301369,10,0.136986301369863,33.166666666666664,36,48.0,96,United Kingdom,49.31506849315068,5.2058286910197875,99.5,374.40721649484533,27.922498322775564,1
13705,181,5,1323.47,23.63339285714286,646,11.535714285714286,264.694,43,62.0,250,United Kingdom,0.0,475.2364672402598,1323.47,1924.5679282868527,24.864853404955554,0
13706,110,2,631.17,16.609736842105264,301,7.921052631578948,315.585,38,324.0,324,United Kingdom,0.0,24.217061522048372,631.17,708.8524615384615,28.843714292945247,1
13707,75,5,3365.86,21.715225806451613,2210,14.258064516129032,673.172,142,67.0,269,United Kingdom,0.0,13.773473791369922,3365.86,4550.1440740740745,31.504867202006285,1
13708,79,1,285.33,5.823061224489796,301,6.142857142857143,285.33,49,0.0,0,United Kingdom,0.0,3.4505849489795906,285.33,104145.45,30.60819631289321,1
13709,123,6,1718.0,16.84313725490196,909,8.911764705882353,286.3333333333333,90,76.0,382,United Kingdom,0.0,9.279975655212585,1718.0,1637.2584856396866,28.537848753397338,0
13710,231,2,329.04,47.00571428571429,160,22.857142857142858,164.52,7,188.0,188,United Kingdom,0.0,1.1043476190476194,329.04,635.4476190476191,21.431700093365706,1
13711,26,15,1632.6100000000001,15.850582524271847,796,7.728155339805825,108.84066666666668,81,36.57142857142857,519,United Kingdom,10.679611650485436,9.791776185037124,1632.6100000000001,1145.9666346153847,35.348173602149664,1
13712,54,2,766.42,23.224848484848483,1128,34.18181818181818,383.21,32,364.0,364,United Kingdom,0.0,9.67002575757576,766.42,766.42,32.273689753232865,1
13713,216,3,740.76,9.2595,284,3.55,246.92,70,87.0,174,United Kingdom,0.0,9.810108212025321,740.76,1545.0137142857145,22.48096276041171,1
13714,273,1,161.35,5.378333333333333,50,1.6666666666666667,161.35,30,0.0,0,United Kingdom,0.0,9.891232758620689,161.35,58892.75,18.75424336231844,1
13715,89,21,8108.09,15.652683397683399,4785,9.237451737451737,386.0995238095238,277,18.31578947368421,357,United Kingdom,1.1583011583011582,3.0652546156546174,8108.09,8266.6280726257,32.63392807279293,1
13716,77,1,138.28,6.584761904761905,138,6.571428571428571,138.28,21,0.0,0,United Kingdom,0.0,1.3076547619047618,138.28,50472.2,30.71814967935377,1
13717,41,7,873.63,14.321803278688524,875,14.344262295081966,124.80428571428571,54,41.666666666666664,252,United Kingdom,4.918032786885246,9.53258393442623,873.63,1260.3752964426878,33.573708841016376,0
13718,54,2,306.55,25.545833333333334,173,14.416666666666666,153.275,9,49.0,49,United Kingdom,0.0,16.790662878787877,306.55,2237.815,32.2357031601287,1
13719,13,8,2080.14,10.000673076923077,1165,5.600961538461538,260.0175,159,51.714285714285715,365,United Kingdom,0.0,8.48917762913415,2080.14,2074.456557377049,35.48227425625088,1
13720,46,2,432.1,16.61923076923077,250,9.615384615384615,216.05,26,16.0,16,United Kingdom,0.0,4.7189538461538465,432.1,9277.44117647059,32.73447444193651,0
13721,203,1,217.39999999999998,15.528571428571427,196,14.0,217.39999999999998,14,0.0,0,United Kingdom,0.0,0.13873626373626372,217.39999999999998,79350.99999999999,23.03237752806071,1
13722,90,8,4723.47,31.489800000000002,2616,17.44,590.43375,112,51.714285714285715,363,United Kingdom,0.0,10.59570751230425,4723.47,4736.446565934066,30.99976626457492,0
13723,25,6,1194.08,20.58758620689655,593,10.224137931034482,199.01333333333332,51,78.6,394,United Kingdom,0.0,9.087042861464004,1194.08,1103.3903797468354,34.47747742780498,1
13724,445,1,213.01,5.071666666666666,130,3.0952380952380953,213.01,39,0.0,0,United Kingdom,0.0,1.4516306620209058,213.01,77748.65,8.257900127238983,1
13725,33,8,1714.0,18.630434782608695,688,7.478260869565218,214.25,83,11.571428571428571,83,United Kingdom,4.3478260869565215,16.731878547539413,1714.0,7447.738095238095,34.231028811449114,0
13727,419,7,727.9200000000001,11.373750000000001,203,3.171875,103.98857142857143,55,19.5,118,United Kingdom,1.5625,106.08137497519844,727.9200000000001,2232.695798319328,10.484749696332399,1
13728,6,13,2332.96,17.673939393939396,976,7.393939393939394,179.45846153846153,65,43.583333333333336,531,United Kingdom,0.0,10.667139642609301,2332.96,1600.6210526315788,36.4280207852055,0
13729,243,5,676.4300000000001,15.373409090909092,405,9.204545454545455,135.286,36,82.33333333333333,248,United Kingdom,11.363636363636363,13.9643460359408,676.4300000000001,991.5540160642571,21.026302242979792,1
13731,27,2,610.59,16.068157894736842,278,7.315789473684211,305.295,36,27.0,27,United Kingdom,0.0,17.281297012802273,610.59,7959.476785714286,33.909169392531034,1
13733,218,3,484.53000000000003,16.151,333,11.1,161.51000000000002,28,162.0,324,United Kingdom,3.3333333333333335,7.23490816091954,484.53000000000003,544.1644615384615,22.337697298648028,1
13734,316,6,3445.34,118.8048275862069,209,7.206896551724138,574.2233333333334,24,18.6,94,United Kingdom,6.896551724137931,181.28838374384236,3445.34,13237.358947368422,16.897870254560427,1
13735,42,16,7572.89,14.315482041587902,3468,6.555765595463138,473.305625,292,32.4,492,United Kingdom,3.402646502835539,8.523550474737936,7572.89,5606.703549695741,34.961559435186295,0
13736,68,11,2329.0,5.164079822616408,1269,2.813747228381375,211.72727272727272,257,47.1,473,United Kingdom,2.4390243902439024,7.310547632421774,2329.0,1793.428270042194,32.44358491751502,1
13737,8,1,339.59999999999997,11.319999999999999,125,4.166666666666667,339.59999999999997,29,0.0,0,United Kingdom,0.0,9.760322298850571,339.59999999999997,123953.99999999999,34.94723350653329,1
13738,204,1,434.78000000000003,4.885168539325843,237,2.662921348314607,434.78000000000003,88,0.0,0,United Kingdom,0.0,6.219415653728294,434.78000000000003,158694.7,22.989283684222002,1
13739,335,1,75.3,25.099999999999998,22,7.333333333333333,75.3,3,0.0,0,United Kingdom,0.0,0.4800000000000001,75.3,27484.5,14.962031598140975,1
13740,48,5,1582.77,16.837978723404255,987,10.5,316.554,83,123.75,496,United Kingdom,0.0,11.043610706932052,1582.77,1162.3964788732394,33.005930455163416,1
13741,19,2,160.86,17.873333333333335,75,8.333333333333334,80.43,8,6.0,6,United Kingdom,11.11111111111111,5.472127777777779,160.86,8387.7,34.360420881177824,0
13742,21,6,1606.43,8.113282828282829,673,3.398989898989899,267.73833333333334,132,21.0,106,United Kingdom,0.5050505050505051,10.905283507665493,1606.43,5479.878037383178,34.75573897556166,0
13743,25,2,353.15999999999997,27.166153846153843,420,32.30769230769231,176.57999999999998,7,41.0,41,United Kingdom,0.0,0.2646358974358974,353.15999999999997,3069.128571428571,34.010005051494176,0
13744,100,1,817.3199999999999,18.575454545454544,899,20.431818181818183,817.3199999999999,44,0.0,0,United Kingdom,0.0,3.8258621564482027,817.3199999999999,298321.8,29.370088944699067,1
13745,349,2,469.73,14.234242424242424,635,19.242424242424242,234.865,31,4.0,4,United Kingdom,6.0606060606060606,2.1465780303030297,469.73,34290.29,14.239414290688906,0
13746,221,1,176.69,19.63222222222222,83,9.222222222222221,176.69,9,0.0,0,United Kingdom,0.0,14.858974999999997,176.69,64491.85,21.930113665323592,1
13747,181,2,169.79999999999998,33.959999999999994,60,12.0,84.89999999999999,4,51.0,51,United Kingdom,0.0,23.182999999999993,169.79999999999998,1191.8653846153845,24.471049460944965,1
13748,40,7,1696.95,39.46395348837209,812,18.88372093023256,242.42142857142858,32,84.0,505,United Kingdom,0.0,15.095222480620155,1696.95,1224.084486166008,33.70276751718489,1
13749,509,1,-10.25,-5.125,-7,-3.5,-10.25,2,0.0,0,United Kingdom,100.0,5.119999999999999,-10.25,-3741.25,4.332254297803934,1
13750,104,10,2605.14,42.7072131147541,1084,17.770491803278688,260.514,39,35.111111111111114,320,United Kingdom,3.278688524590164,5.44302830601093,2605.14,2962.230841121495,30.16909019544414,0
13751,96,1,296.25,32.916666666666664,152,16.88888888888889,296.25,9,0.0,0,United Kingdom,0.0,7.854475,296.25,108131.25,29.57124729865036,1
13752,16,4,1129.1200000000001,15.054933333333334,693,9.24,282.28000000000003,66,106.33333333333333,319,United Kingdom,0.0,12.162045945945946,1129.1200000000001,1287.9025000000001,34.82255711810295,0
13753,95,4,2094.57,26.182125000000003,1450,18.125,523.6425,64,149.33333333333334,449,United Kingdom,0.0,2.410082768987342,2094.57,1698.929,30.07935125966509,1
13754,125,2,320.45,18.849999999999998,183,10.764705882352942,160.225,16,119.0,119,United Kingdom,0.0,11.937665441176469,320.45,974.7020833333333,27.902297005808226,0
13756,13,14,4854.14,20.31020920502092,2533,10.598326359832637,346.7242857142857,118,39.30769230769231,518,United Kingdom,0.41841004184100417,15.293037794029745,4854.14,3413.7978805394996,36.30842961103004,0
13757,482,1,195.55,24.44375,54,6.75,195.55,8,0.0,0,United Kingdom,0.0,16.179612499999998,195.55,71375.75,5.997605621848358,1
13758,9,17,7705.26,28.644089219330855,4307,16.01115241635688,453.2505882352941,201,33.125,537,United Kingdom,2.2304832713754648,82.35659105032465,7705.26,5227.546282527881,37.08664808254848,1
13760,64,5,1206.94,13.263076923076923,518,5.6923076923076925,241.388,80,83.75,336,United Kingdom,1.098901098901099,7.65176376068376,1206.94,1307.219881305638,31.998084832513968,1
13761,310,4,881.52,16.95230769230769,437,8.403846153846153,220.38,50,51.0,154,United Kingdom,0.0,5.522581410256412,881.52,2075.837419354839,16.853386692701175,0
13762,12,6,2165.76,51.56571428571429,2336,55.61904761904762,360.96000000000004,23,98.2,494,United Kingdom,16.666666666666664,0.2208880952380953,2165.76,1596.9745454545457,35.3513918020056,1
13763,196,3,3492.53,97.01472222222223,2495,69.30555555555556,1164.1766666666667,35,23.0,46,United Kingdom,2.7777777777777777,7.353071349206349,3492.53,27122.83936170213,23.929268148473714,0
13764,145,4,1900.09,8.190043103448275,1440,6.206896551724138,475.0225,196,101.33333333333333,305,United Kingdom,0.0,7.145785012688459,1900.09,2266.447222222222,27.010783596235257,0
13765,461,1,352.821,20.754176470588238,297,17.470588235294116,352.821,17,0.0,0,United Kingdom,0.0,24.133463441176467,352.821,128779.66500000001,7.292647943724123,1
13766,303,1,190.35,11.197058823529412,137,8.058823529411764,190.35,16,0.0,0,United Kingdom,0.0,0.9569757352941176,190.35,69477.75,16.92513701475777,1
13767,8,74,23684.8,37.29889763779527,10256,16.151181102362205,320.06486486486483,114,7.169014084507042,538,United Kingdom,4.251968503937007,7.407750195981023,23684.8,16038.871985157699,44.139296191784894,0
13768,371,8,758.07,17.629534883720932,357,8.30232558139535,94.75875,37,24.428571428571427,174,United Kingdom,23.25581395348837,12.720329014396457,758.07,1581.1174285714287,13.51714559156738,1
13769,15,21,4112.02,18.77634703196347,1891,8.634703196347031,195.8104761904762,105,25.4,515,United Kingdom,3.65296803652968,6.7344759457081835,4112.02,2908.6963178294577,36.821545641782045,0
13770,230,4,785.37,16.361875,468,9.75,196.3425,48,102.33333333333333,308,United Kingdom,0.0,24.20434308510638,785.37,927.7024271844659,21.7294493083977,1
13771,7,7,4559.22,27.300718562874252,2488,14.89820359281437,651.3171428571429,135,75.0,453,United Kingdom,0.0,8.00796013996104,4559.22,3665.452202643172,35.95385131874245,0
13772,47,7,2186.31,5.060902777777778,970,2.2453703703703702,312.33,313,68.66666666666667,414,United Kingdom,0.4629629629629629,21.126364449063338,2186.31,1922.899156626506,33.3158396422981,1
13773,204,2,301.54,15.870526315789474,174,9.157894736842104,150.77,19,263.0,263,United Kingdom,0.0,3.990561988304095,301.54,416.901893939394,23.07778016211798,1
13775,398,1,1049.66,16.661269841269842,455,7.222222222222222,1049.66,63,0.0,0,United Kingdom,0.0,9.094093138760877,1049.66,366939.9750000006,11.196362708294288,1
13776,236,8,-340.17,-42.52125,-4,-0.5,-42.52125,3,36.142857142857146,254,United Kingdom,75.0,21117.03788392857,-340.17,-486.91,21.66818603044499,1
13777,14,56,33184.46,114.82512110726643,15239,52.73010380622837,592.5796428571429,50,9.425925925925926,531,United Kingdom,12.802768166089965,2.018017094386775,33184.46,22767.533646616543,42.76665046234683,0
13778,299,4,937.84,26.051111111111112,440,12.222222222222221,234.46,28,24.0,74,United Kingdom,2.7777777777777777,9.43159642857143,937.84,4564.154666666667,17.52958955927137,0
13779,323,1,161.13,5.967777777777777,53,1.962962962962963,161.13,27,0.0,0,United Kingdom,0.0,11.666741025641025,161.13,58812.45,15.701722137178592,1
13780,215,1,372.06,9.074634146341463,161,3.926829268292683,372.06,35,0.0,0,United Kingdom,0.0,1.7896124390243906,372.06,135801.9,22.312552159126863,0
13781,58,4,770.88,13.29103448275862,299,5.155172413793103,192.72,56,156.33333333333334,470,United Kingdom,1.7241379310344827,7.4378104053236545,770.88,597.3910828025478,32.22886289306657,1
13782,42,10,1230.57,7.196315789473684,429,2.508771929824561,123.05699999999999,141,55.111111111111114,499,United Kingdom,0.5847953216374269,11.584569790161686,1230.57,898.3161,33.84065051982383,0
13783,295,4,1542.09,154.209,3437,343.7,385.5225,4,61.0,185,United Kingdom,0.0,0.09783222222222225,1542.09,3026.1443548387097,17.823702602486964,1
13784,26,9,1206.86,41.61586206896551,1674,57.724137931034484,134.09555555555553,10,28.5,231,United Kingdom,6.896551724137931,19.76795246305419,1206.86,1898.7237068965514,34.71599049443348,0
13785,236,4,542.49,18.083000000000002,151,5.033333333333333,135.6225,26,10.0,31,United Kingdom,0.0,12.130882298850572,542.49,6187.7765625,21.343086351075655,1
13786,175,8,2505.46,21.23271186440678,1502,12.728813559322035,313.1825,81,52.285714285714285,368,United Kingdom,1.694915254237288,3108.73161501521,2505.46,2478.30054200542,25.627297029239397,1
13787,172,8,971.06,13.872285714285713,706,10.085714285714285,121.3825,56,46.714285714285715,330,United Kingdom,11.428571428571429,14.588253022774323,971.06,1070.8063444108761,25.68370133103392,1
13788,313,1,3.75,3.75,1,1.0,3.75,1,0.0,0,United Kingdom,0.0,0.0,3.75,1368.75,16.29922270413922,1
13789,196,1,239.45999999999998,13.303333333333333,258,14.333333333333334,239.45999999999998,18,0.0,0,United Kingdom,0.0,0.2323555555555555,239.45999999999998,87402.9,23.46155017526431,1
13792,95,2,263.0,18.785714285714285,92,6.571428571428571,131.5,14,135.0,135,United Kingdom,0.0,14.068310439560442,263.0,705.8455882352941,29.729053301019732,1
13793,454,1,96.0,13.714285714285714,52,7.428571428571429,96.0,7,0.0,0,United Kingdom,0.0,0.09642857142857152,96.0,35040.0,7.698784213100332,1
13794,354,1,126.03,14.003333333333334,63,7.0,126.03,9,0.0,0,United Kingdom,0.0,10.269177777777777,126.03,46000.95,13.806270883028953,1
13795,196,4,836.3,28.837931034482757,1250,43.10344827586207,209.075,23,82.33333333333333,249,United Kingdom,0.0,6.837795812807883,836.3,1220.9979999999998,23.80935834951782,1
13796,307,1,289.7,13.168181818181818,218,9.909090909090908,289.7,22,0.0,0,United Kingdom,0.0,6.3910660173160165,289.7,105740.5,16.689143368128352,1
13797,244,4,1168.45,14.605625,570,7.125,292.1125,71,69.66666666666667,210,United Kingdom,2.5,11.623992642405062,1168.45,2021.2523696682467,20.90639197053061,1
13798,4,99,58414.24,79.36717391304347,37342,50.73641304347826,590.0428282828283,159,5.123711340206185,534,United Kingdom,22.82608695652174,4.57865097881544,58414.24,39852.705794392525,49.739810894193006,0
13799,102,12,1692.66,18.200645161290325,1142,12.279569892473118,141.055,53,31.454545454545453,349,United Kingdom,10.75268817204301,5.8054930107526905,1692.66,1765.2025714285717,30.41482180347455,0
13800,117,3,1679.56,23.00767123287671,891,12.205479452054794,559.8533333333334,73,213.0,427,United Kingdom,0.0,9.780820776255707,1679.56,1432.335046728972,28.602466401745684,1
13802,62,22,24548.2,55.538914027149325,13302,30.09502262443439,1115.8272727272727,210,19.0,407,United Kingdom,1.3574660633484164,6.665446049701936,24548.2,21961.01225490196,35.73978288097869,0
13803,63,4,1319.1100000000001,16.697594936708864,819,10.367088607594937,329.77750000000003,73,120.66666666666667,363,United Kingdom,1.2658227848101267,4.455113696851671,1319.1100000000001,1322.7339285714288,31.968897972680452,1
13804,97,3,1296.3600000000001,17.758356164383564,752,10.301369863013699,432.12000000000006,69,73.0,146,United Kingdom,0.0,8.357037975646884,1296.3600000000001,3218.85306122449,29.791814193565795,0
13807,175,4,397.3,14.714814814814815,114,4.222222222222222,99.325,25,122.33333333333333,368,United Kingdom,7.4074074074074066,30.021602564102547,397.3,392.99322493224935,25.055146960873625,1
13809,113,3,679.7,27.188000000000002,281,11.24,226.5666666666667,23,77.0,155,Cyprus,0.0,12.7911,679.7,1590.323717948718,28.764075315828435,1
13811,43,3,258.75,32.34375,29,3.625,86.25,7,1.5,3,Germany,12.5,9721.838169642857,258.75,23610.9375,33.00280790088337,0
13813,329,7,1333.01,16.256219512195123,726,8.853658536585366,190.43,50,34.833333333333336,212,Germany,9.75609756097561,17.794087925323694,1333.01,2284.2659624413145,16.029237376284645,0
13814,321,2,676.95,29.432608695652174,349,15.173913043478262,338.475,22,14.0,14,Germany,4.3478260869565215,10.555148221343872,676.95,16472.45,15.965932971893613,0
13815,126,6,4282.89,18.071265822784813,3409,14.38396624472574,713.815,151,69.0,347,Germany,1.6877637130801686,23.70986994564829,4282.89,4492.111637931034,28.56656590837953,0
13817,159,1,128.7,14.299999999999999,63,7.0,128.7,9,0.0,0,Germany,0.0,29.10298611111111,128.7,46975.49999999999,25.711253337519235,1
13818,237,1,61.28,12.256,60,12.0,61.28,5,0.0,0,United Kingdom,0.0,0.6636799999999999,61.28,22367.2,20.94377948846575,1
13819,109,7,2631.1,25.299038461538462,2302,22.134615384615383,375.87142857142857,47,72.33333333333333,436,United Kingdom,2.8846153846153846,3.3968500373413004,2631.1,2197.600686498856,29.56747679864907,1
13820,226,5,632.5,6.875,282,3.0652173913043477,126.5,68,65.25,262,United Kingdom,3.260869565217391,7.017343657429521,632.5,877.8041825095057,22.060524535674446,1
13821,69,6,1239.89,6.595159574468085,428,2.276595744680851,206.64833333333334,151,87.8,442,United Kingdom,0.5319148936170213,12.923520135965415,1239.89,1021.5797968397293,31.795058780200375,0
13823,187,6,2400.89,19.05468253968254,1121,8.896825396825397,400.1483333333333,91,68.6,345,United Kingdom,2.380952380952381,68.40779548571429,2400.89,2532.7307803468207,24.687053536834046,1
13824,11,12,2807.4,33.42142857142857,1184,14.095238095238095,233.95000000000002,47,38.90909090909091,433,United Kingdom,4.761904761904762,3.573479905335628,2807.4,2361.0622119815666,36.06245810967036,0
13825,429,2,255.59,6.38975,182,4.55,127.795,38,108.0,108,United Kingdom,0.0,1.7675525641025644,255.59,855.8747706422018,9.337720822850928,1
13829,167,2,0.0,0.0,0,0.0,0.0,1,61.0,61,United Kingdom,50.0,0.0,0.0,0.0,25.311724344155863,1
13830,382,2,135.95000000000002,10.457692307692309,45,3.4615384615384617,67.97500000000001,11,7.0,7,United Kingdom,15.384615384615385,33.905641025641025,135.95000000000002,6202.718750000001,12.197191081903098,1
13831,8,17,5466.14,32.15376470588235,2039,11.994117647058824,321.53764705882355,119,32.5625,528,United Kingdom,2.3529411764705883,12.215195924121131,5466.14,3771.533270321361,36.962740350414826,0
13832,230,1,557.6899999999999,10.72480769230769,392,7.538461538461538,557.6899999999999,51,0.0,0,United Kingdom,0.0,5.642505279034691,557.6899999999999,203556.84999999998,21.412134818686198,1
13833,212,1,316.56,19.785,126,7.875,316.56,16,0.0,0,United Kingdom,0.0,12.7307,316.56,115544.4,22.491117881631038,0
13834,384,3,247.89,11.804285714285713,214,10.19047619047619,82.63,20,72.0,145,United Kingdom,23.809523809523807,31.039726190476188,247.89,619.7249999999999,12.183840015378038,1
13835,23,5,538.7,13.812820512820513,228,5.846153846153846,107.74000000000001,34,107.25,430,United Kingdom,5.128205128205128,11.006133603238863,538.7,456.20765661252904,34.4459387773306,0
13836,207,3,602.52,18.258181818181818,270,8.181818181818182,200.84,29,7.0,15,United Kingdom,6.0606060606060606,15.963972916666664,602.52,13744.9875,23.018994285723437,1
13837,19,2,266.59000000000003,14.810555555555558,182,10.11111111111111,133.29500000000002,17,105.0,105,United Kingdom,0.0,1.4574617647058823,266.59000000000003,917.975,34.36915448521571,1
13838,177,7,1245.91,4.3411498257839725,520,1.8118466898954704,177.98714285714286,242,34.666666666666664,209,United Kingdom,0.0,5.196911476328548,1245.91,2165.510238095238,25.301651943780996,0
13839,294,1,139.95000000000002,19.992857142857144,25,3.5714285714285716,139.95000000000002,7,0.0,0,United Kingdom,0.0,0.6914285714285716,139.95000000000002,51081.75000000001,17.47042437832437,1
13840,224,1,651.4,16.285,358,8.95,651.4,40,0.0,0,United Kingdom,0.0,5.042451025641026,651.4,237761.0,21.78617590223229,1
13841,60,1,85.0,85.0,100,100.0,85.0,1,0.0,0,United Kingdom,0.0,0.0,85.0,31025.0,31.751599634984633,1
13842,7,16,3737.2400000000002,15.31655737704918,1670,6.844262295081967,233.57750000000001,158,30.2,461,United Kingdom,1.2295081967213115,20.897186136409644,3737.2400000000002,2952.581385281386,36.78147577956236,0
13843,189,1,319.75,17.76388888888889,145,8.055555555555555,319.75,18,0.0,0,United Kingdom,0.0,11.51176470588235,319.75,116708.75,23.89553278901597,1
13846,50,4,1089.21,15.127916666666668,657,9.125,272.3025,69,52.0,157,United Kingdom,4.166666666666666,5.681933020344288,1089.21,2516.2129746835444,32.74355836088047,1
13847,527,1,310.72,16.353684210526318,96,5.052631578947368,310.72,19,0.0,0,United Kingdom,0.0,17.74282105263158,310.72,113412.8,3.2598662499577933,1
13848,105,7,2695.0,299.44444444444446,8200,911.1111111111111,385.0,3,71.66666666666667,432,United Kingdom,0.0,0.032161111111111106,2695.0,2271.766743648961,29.816955367809317,1
13849,205,4,1905.85,15.882083333333332,865,7.208333333333333,476.4625,108,75.33333333333333,227,United Kingdom,0.8333333333333334,14.319925203081231,1905.85,3051.031798245614,23.348255725904043,0
13851,96,7,2111.62,27.423636363636362,964,12.519480519480519,301.65999999999997,56,64.83333333333333,391,United Kingdom,1.2987012987012987,8.579283834586466,2111.62,1966.1767857142856,30.318217040653206,0
13852,414,2,170.45000000000002,13.111538461538462,79,6.076923076923077,85.22500000000001,11,3.0,3,United Kingdom,15.384615384615385,5.2256410256410275,170.45000000000002,15553.562500000002,10.246438928162178,1
13854,4,34,8919.63,62.375034965034956,2873,20.09090909090909,262.3420588235294,53,14.787878787878787,504,United Kingdom,2.797202797202797,10.53289456318329,8919.63,6446.861287128712,39.18375115337755,0
13855,308,5,1253.94,16.284935064935066,561,7.285714285714286,250.788,65,56.75,230,United Kingdom,5.194805194805195,4.449464593301437,1253.94,1981.3337662337663,17.105752272341636,1
13856,11,11,789.88,15.19,706,13.576923076923077,71.80727272727273,30,41.0,415,United Kingdom,9.615384615384617,16.562505882352937,789.88,693.0437499999999,35.79630263035069,0
13857,201,7,997.11,7.72953488372093,780,6.046511627906977,142.4442857142857,99,35.0,177,United Kingdom,0.7751937984496124,6.051414716569765,997.11,2044.6356741573034,23.815898878422278,1
13859,134,2,515.86,14.329444444444444,167,4.638888888888889,257.93,34,203.0,203,United Kingdom,0.0,20.10823111111111,515.86,922.9848039215686,27.36898788797637,1
13861,237,3,251.31,10.926521739130434,220,9.565217391304348,83.77,21,50.0,101,United Kingdom,8.695652173913043,12.532311857707509,251.31,899.2955882352941,21.15848149163628,1
13862,40,5,1189.44,15.650526315789474,839,11.039473684210526,237.888,67,39.0,157,United Kingdom,2.631578947368421,1.062596543859649,1189.44,2747.7569620253166,33.46184074706128,0
13863,53,6,1217.63,16.45445945945946,546,7.378378378378378,202.93833333333336,59,69.0,348,United Kingdom,5.405405405405405,14.448378008145127,1217.63,1273.4525787965617,32.770021016569274,1
13864,194,1,662.4000000000001,662.4000000000001,192,192.0,662.4000000000001,1,0.0,0,United Kingdom,0.0,0.0,662.4000000000001,241776.00000000003,23.618586365573872,1
13865,97,1,123.30000000000001,17.614285714285717,42,6.0,123.30000000000001,7,0.0,0,United Kingdom,0.0,25.206190476190475,123.30000000000001,45004.50000000001,29.495911066992594,0
13867,26,1,138.85,17.35625,31,3.875,138.85,8,0.0,0,United Kingdom,0.0,14.255535714285712,138.85,50680.25,33.831749876556756,1
13869,70,9,6486.38,9.65235119047619,3317,4.936011904761905,720.7088888888889,425,53.125,428,United Kingdom,0.0,9.488900443545525,6486.38,5518.714918414918,32.465891441921386,0
13870,95,9,3482.62,21.6311801242236,2507,15.571428571428571,386.9577777777778,113,47.25,381,United Kingdom,0.6211180124223602,3.676361902173914,3482.62,3327.634293193717,30.691520645218294,0
13871,14,12,3810.88,20.163386243386245,1713,9.063492063492063,317.5733333333333,106,46.0,512,United Kingdom,2.6455026455026456,7.294154154002025,3810.88,2711.444834307992,35.96219827911583,0
13872,321,6,891.32,14.611803278688525,332,5.442622950819672,148.55333333333334,52,43.4,217,United Kingdom,6.557377049180328,13.091181420765023,891.32,1492.3477064220185,16.381650504641204,1
13873,26,8,871.82,16.76576923076923,396,7.615384615384615,108.9775,47,60.42857142857143,427,United Kingdom,1.9230769230769231,16.236307503770742,871.82,743.4913551401869,34.5888127330904,0
13874,166,10,1989.2,27.24931506849315,851,11.657534246575343,198.92000000000002,47,40.666666666666664,370,United Kingdom,5.47945205479452,21.551119101978692,1989.2,1957.0296495956873,26.33310798348803,1
13875,65,11,3711.2599999999998,18.372574257425743,2226,11.01980198019802,337.3872727272727,126,46.2,465,United Kingdom,0.0,430.6318759987192,3711.2599999999998,2906.8881974248925,32.740913777648174,0
13877,272,4,329.09,14.958636363636362,367,16.681818181818183,82.2725,20,74.66666666666667,225,United Kingdom,9.090909090909092,14.300015584415581,329.09,531.4949115044247,19.12765669558231,1
13878,355,3,1145.33,17.0944776119403,464,6.925373134328358,381.77666666666664,59,27.5,56,United Kingdom,0.0,12.1774934418815,1145.33,7334.130701754386,14.028422927490277,1
13879,453,1,395.5,15.82,204,8.16,395.5,25,0.0,0,United Kingdom,0.0,5.430102333333333,395.5,144357.5,7.784573841059948,1
13880,25,9,2100.72,18.590442477876106,1288,11.398230088495575,233.4133333333333,85,42.625,344,United Kingdom,0.0,3.281703223767383,2100.72,2222.5008695652173,34.85087597878162,0
13881,21,33,30972.44,91.63443786982248,21924,64.86390532544378,938.5587878787878,161,13.483870967741936,431,United Kingdom,2.366863905325444,7.9389404956718765,30972.44,26168.84398148148,39.868023566323906,0
13883,8,24,5447.19,19.248021201413426,2968,10.487632508833922,226.96624999999997,192,22.652173913043477,530,United Kingdom,5.30035335689046,9.434429100568888,5447.19,3744.3019774011295,37.657692438498934,1
13884,85,12,1197.58,8.741459854014598,510,3.7226277372262775,99.79833333333333,87,17.181818181818183,192,United Kingdom,2.9197080291970803,7.005217604121942,1197.58,2264.8533678756476,31.411777800305273,1
13885,8,1,399.15,17.354347826086954,159,6.913043478260869,399.15,23,0.0,0,United Kingdom,0.0,7.425899209486166,399.15,145689.75,34.952152508902124,0
13887,12,1,349.55,18.397368421052633,147,7.7368421052631575,349.55,19,0.0,0,United Kingdom,0.0,8.974192397660817,349.55,127585.75,34.70385516113355,1
13888,26,6,1635.48,10.830993377483443,615,4.072847682119205,272.58,110,88.75,357,United Kingdom,0.0,12.716563646799113,1635.48,1667.458659217877,34.45288828439724,0
13889,190,7,1438.8300000000002,19.184400000000004,801,10.68,205.5471428571429,52,50.0,303,United Kingdom,9.333333333333334,4.052286954954955,1438.8300000000002,1727.5425986842108,24.52393690054153,1
13890,125,10,1183.1200000000001,14.60641975308642,630,7.777777777777778,118.31200000000001,51,45.77777777777778,416,United Kingdom,8.641975308641975,5.264603919753087,1183.1200000000001,1035.5846522781776,28.769575945323655,0
13891,186,3,859.21,8.678888888888888,476,4.808080808080808,286.40333333333336,97,101.5,203,United Kingdom,0.0,9.142325046382181,859.21,1537.3120098039217,24.32224890476975,1
13892,54,3,689.1999999999999,57.43333333333333,2282,190.16666666666666,229.73333333333332,11,164.0,329,United Kingdom,0.0,0.26467500000000005,689.1999999999999,762.2969696969697,32.366813645280004,1
13893,105,1,821.1,39.1,190,9.047619047619047,821.1,21,0.0,0,United Kingdom,0.0,8.122,821.1,299701.5,29.065150878390057,1
13894,110,2,150.95,13.72272727272727,99,9.0,75.475,10,8.0,8,United Kingdom,9.090909090909092,1.8616363636363638,150.95,6121.861111111111,28.804046730937547,1
13895,314,3,1335.5,19.355072463768117,694,10.057971014492754,445.1666666666667,67,114.5,230,United Kingdom,1.4492753623188406,189.68541457800512,1335.5,2110.2056277056276,16.54718402299417,0
13896,433,1,388.55,18.502380952380953,149,7.095238095238095,388.55,21,0.0,0,United Kingdom,0.0,11.19722619047619,388.55,141820.75,9.005000971944234,1
13897,246,2,849.56,20.227619047619047,620,14.761904761904763,424.78,42,238.0,238,United Kingdom,0.0,4.4587365853658545,849.56,1297.4451882845187,20.55894563627176,1
13898,133,2,686.4,14.921739130434782,544,11.826086956521738,343.2,43,85.0,85,United Kingdom,0.0,3.932226666666666,686.4,2913.209302325581,27.444125046658332,1
13899,82,1,298.5,19.9,122,8.133333333333333,298.5,15,0.0,0,United Kingdom,0.0,8.052380952380952,298.5,108952.5,30.42613400986389,1
13900,0,6,1599.59,16.83778947368421,935,9.842105263157896,266.5983333333333,79,86.0,431,United Kingdom,1.0526315789473684,7.2985035162374015,1599.59,1351.5054398148147,36.037225253814405,0
13901,64,17,3380.44,16.65241379310345,1895,9.334975369458128,198.84941176470588,178,27.625,447,United Kingdom,3.9408866995073892,31.174711256889225,3380.44,2754.1531250000003,33.37165207450537,0
13902,440,8,30411.26,453.89940298507463,218090,3255.0746268656717,3801.4075,60,13.714285714285714,98,Denmark,5.970149253731343,10.720168430574402,30411.26,112122.32222222221,11.754130704945347,1
13903,208,1,165.45000000000002,16.545,103,10.3,165.45000000000002,10,0.0,0,United Kingdom,0.0,4.629,165.45000000000002,60389.25000000001,22.722836002439948,1
13904,102,1,201.12,11.830588235294117,223,13.117647058823529,201.12,17,0.0,0,United Kingdom,0.0,0.7003485294117647,201.12,73408.8,29.19708891899405,1
13905,379,3,244.45,16.296666666666667,124,8.266666666666667,81.48333333333333,12,80.5,161,United Kingdom,20.0,10.917080952380951,244.45,550.766975308642,12.488806166671184,1
13906,217,1,42.0,42.0,100,100.0,42.0,1,0.0,0,United Kingdom,0.0,0.0,42.0,15330.0,22.16318812566057,1
13907,499,1,136.8,34.2,68,17.0,136.8,4,0.0,0,United Kingdom,0.0,0.3756249999999999,136.8,49932.00000000001,4.954901663944111,1
13908,19,3,808.61,14.439464285714285,550,9.821428571428571,269.5366666666667,49,32.0,65,United Kingdom,7.142857142857142,43.500261785714265,808.61,4471.858333333334,34.513429393667096,0
13909,231,2,282.85,7.44342105263158,301,7.921052631578948,141.425,35,98.0,98,United Kingdom,0.0,12.123875391180654,282.85,1042.830808080808,21.427884665667705,1
13910,251,1,-127.66,-127.66,-1,-1.0,-127.66,1,0.0,0,United Kingdom,100.0,0.0,-127.66,-46595.9,20.073471642873773,1
13911,5,19,3323.04,16.6152,3210,16.05,174.89684210526315,152,24.444444444444443,451,United Kingdom,2.0,6.2403653040201,3323.04,2683.4283185840704,37.16786924543774,0
13912,231,1,124.95,17.85,29,4.142857142857143,124.95,7,0.0,0,United Kingdom,0.0,3.28,124.95,45606.75,21.315339181060377,1
13913,314,1,42.22,14.073333333333332,10,3.3333333333333335,42.22,3,0.0,0,United Kingdom,0.0,55.98519999999999,42.22,15410.3,16.241350376441446,1
13915,202,2,31.200000000000003,7.800000000000001,16,4.0,15.600000000000001,4,337.0,337,United Kingdom,50.0,1.333333333333333,31.200000000000003,33.69230769230769,23.17754941771283,1
13916,271,5,1260.51,16.8068,667,8.893333333333333,252.102,73,68.25,274,United Kingdom,1.3333333333333335,208.5621433513513,1260.51,1673.0405454545455,19.365147232210912,1
13918,61,1,198.2,24.775,100,12.5,198.2,8,0.0,0,United Kingdom,0.0,1.0735714285714286,198.2,72343.0,31.699900221594543,1
13919,232,2,975.87,19.915714285714287,659,13.448979591836734,487.935,45,116.0,116,Denmark,0.0,14.56934336734694,975.87,3044.380769230769,21.424080062579776,0
13920,239,5,1734.88,19.714545454545455,1768,20.09090909090909,346.976,81,32.0,130,United Kingdom,2.272727272727273,9.750847113375137,1734.88,4833.8259541984735,21.35793352088761,1
13921,207,5,720.75,16.016666666666666,209,4.644444444444445,144.15,36,79.75,322,United Kingdom,2.2222222222222223,14.805941919191918,720.75,814.469814241486,23.227765401067234,1
13922,159,5,824.7,24.990909090909092,453,13.727272727272727,164.94,31,28.5,115,United Kingdom,9.090909090909092,8.54939659090909,824.7,2594.9612068965516,26.1667549023558,1
13927,221,2,340.97,14.824782608695653,243,10.565217391304348,170.485,20,23.0,23,United Kingdom,13.043478260869565,4.819507509881422,340.97,5185.585416666668,22.043186156397976,1
13929,130,13,2888.2999999999997,54.496226415094334,1450,27.358490566037737,222.17692307692306,38,30.833333333333332,372,United Kingdom,5.660377358490567,15.573006095791,2888.2999999999997,2826.35254691689,28.903685906442167,0
13931,88,10,4398.06,18.875793991416312,2974,12.763948497854077,439.80600000000004,177,50.22222222222222,455,United Kingdom,0.0,4.053053474174931,4398.06,3520.3769736842105,31.293991553892795,1
13932,102,1,307.4,19.2125,72,4.5,307.4,16,0.0,0,United Kingdom,0.0,14.10215625,307.4,112200.99999999999,29.205867954623923,1
13934,71,1,922.1,29.74516129032258,390,12.580645161290322,922.1,31,0.0,0,United Kingdom,0.0,7.737327956989246,922.1,336566.5,31.149195846438932,1
13935,404,3,6116.92,76.4615,2252,28.15,2038.9733333333334,67,27.5,55,United Kingdom,0.0,8.93548803797468,6116.92,39869.21071428571,11.447637660417499,1
13936,190,2,563.08,17.063030303030303,331,10.030303030303031,281.54,31,31.0,31,United Kingdom,0.0,18.599982954545457,563.08,6422.63125,23.954084977852308,0
13937,204,2,708.53,15.402826086956521,463,10.065217391304348,354.265,45,6.0,6,United Kingdom,2.1739130434782608,8.670459903381643,708.53,36944.77857142857,23.111398714159787,0
13939,118,8,1149.61,14.370124999999998,955,11.9375,143.70125,62,42.714285714285715,301,United Kingdom,3.75,3.3136708860759474,1149.61,1389.4293046357616,28.995153374554246,0
13941,105,13,6957.58,100.83449275362318,3362,48.72463768115942,535.1984615384615,36,34.916666666666664,425,United Kingdom,1.4492753623188406,6.821100809889175,6957.58,5961.306807511736,30.76607173931711,0
13942,342,1,320.0,320.0,1000,1000.0,320.0,1,0.0,0,United Kingdom,0.0,0.0,320.0,116800.0,14.554894099080258,1
13943,385,1,246.54,16.436,94,6.266666666666667,246.54,15,0.0,0,United Kingdom,0.0,15.209126666666666,246.54,89987.09999999999,11.923673465295993,1
13944,461,1,200.43,5.726571428571429,153,4.371428571428571,200.43,35,0.0,0,United Kingdom,0.0,0.7404937815126051,200.43,73156.95,7.280060006024911,1
13945,202,2,854.15,16.748039215686273,413,8.098039215686274,427.075,49,85.0,85,United Kingdom,0.0,10.188987843137253,854.15,3625.171511627907,23.245527469760304,1
13946,9,6,1669.83,30.360545454545452,2643,48.054545454545455,278.305,48,106.2,534,United Kingdom,1.8181818181818181,2.704724713804714,1669.83,1139.229813084112,35.493576731675134,1
13948,168,5,536.86,21.4744,246,9.84,107.372,23,93.25,374,United Kingdom,4.0,8.040917333333333,536.86,522.5437333333333,25.59352793574583,1
13950,54,1,179.30999999999997,25.615714285714283,81,11.571428571428571,179.30999999999997,7,0.0,0,United Kingdom,0.0,56.559928571428564,179.30999999999997,65448.14999999999,32.125690280267435,1
13951,44,2,516.05,16.1265625,315,9.84375,258.025,32,57.0,57,United Kingdom,0.0,7.919173286290322,516.05,3247.5560344827586,32.86350907703182,0
13952,19,17,12790.891,30.9706803874092,5938,14.37772397094431,752.4053529411765,238,31.5,512,United Kingdom,0.9685230024213075,10.963275533463401,12790.891,9100.73141325536,36.89623531312234,1
13953,18,8,4875.0,609.375,3900,487.5,609.375,1,73.42857142857143,517,United Kingdom,0.0,0.0,4875.0,3435.0868725868727,35.40788747678635,0
13955,113,2,426.21,6.765238095238095,228,3.619047619047619,213.105,63,69.0,69,United Kingdom,0.0,8.023811264720944,426.21,2222.380714285714,28.643633820533683,0
13956,51,2,290.32,5.376296296296296,132,2.4444444444444446,145.16,49,28.0,28,United Kingdom,0.0,6.9539358490566014,290.32,3654.0275862068966,32.417512698300776,0
13957,225,3,458.25,16.97222222222222,157,5.814814814814815,152.75,21,120.0,240,United Kingdom,0.0,9.078199430199431,458.25,694.0300829875519,21.908176067229544,1
13958,180,12,4504.78,18.386857142857142,2215,9.040816326530612,375.3983333333333,177,32.54545454545455,362,United Kingdom,7.346938775510205,13.629831304784199,4504.78,4529.599724517906,25.88520629331501,1
13959,89,5,808.17,8.00168316831683,537,5.316831683168317,161.634,75,57.0,230,United Kingdom,0.0,5.192204198019802,808.17,1276.9785714285713,30.43889375001361,1
13961,193,2,498.7,23.747619047619047,222,10.571428571428571,249.35,19,7.0,7,United Kingdom,9.523809523809524,17.956904761904763,498.7,22753.1875,23.76561682035275,1
13962,53,2,310.85,16.360526315789475,103,5.421052631578948,155.425,19,190.0,190,United Kingdom,0.0,31.0402485380117,310.85,594.0327225130891,32.29710841362521,1
13963,116,18,2748.32,16.26224852071006,2000,11.834319526627219,152.68444444444447,129,16.529411764705884,288,United Kingdom,2.366863905325444,15.82208105804451,2748.32,3471.0615916955016,30.244336445778682,1
13964,195,3,421.9,16.875999999999998,226,9.04,140.63333333333333,22,21.0,43,United Kingdom,4.0,6.220371,421.9,3499.8522727272725,23.73667528351547,1
13965,263,5,777.6600000000001,27.773571428571433,402,14.357142857142858,155.532,23,61.5,248,United Kingdom,14.285714285714285,19.917765476190475,777.6600000000001,1139.943373493976,19.813662912991102,1
13966,243,1,384.26,18.298095238095236,760,36.19047619047619,384.26,21,0.0,0,United Kingdom,0.0,1.2369590476190475,384.26,140254.9,20.60415820503833,1
13967,204,1,85.6,21.4,24,6.0,85.6,4,0.0,0,United Kingdom,0.0,13.609166666666665,85.6,31243.999999999996,22.960440405512557,0
13968,231,1,123.66,15.4575,174,21.75,123.66,8,0.0,0,United Kingdom,0.0,0.7059553571428572,123.66,45135.9,21.31523262332644,1
13969,26,25,5366.62,9.220996563573882,2950,5.0687285223367695,214.66479999999999,304,16.5,406,United Kingdom,0.3436426116838488,7.8746318919270655,5366.62,4812.816461916462,36.651638511948335,0
13970,194,2,846.55,65.11923076923077,469,36.07692307692308,423.275,10,51.0,51,United Kingdom,0.0,2.842225641025641,846.55,5942.129807692308,23.73330017616242,1
13971,19,12,2818.39,16.776130952380953,1950,11.607142857142858,234.8658333333333,129,42.45454545454545,471,United Kingdom,5.357142857142857,5.6849176504134595,2818.39,2179.4753177966104,35.57496542708068,0
13972,9,1,145.9,16.211111111111112,42,4.666666666666667,145.9,9,0.0,0,United Kingdom,0.0,3.1511111111111116,145.9,53253.5,34.87018326481418,1
13973,95,1,264.7,24.063636363636363,109,9.909090909090908,264.7,11,0.0,0,United Kingdom,0.0,8.946345454545455,264.7,96615.5,29.62969123837823,1
13974,385,3,249.93,14.701764705882354,105,6.176470588235294,83.31,15,1.5,4,United Kingdom,11.76470588235294,8.880049999999999,249.93,18244.890000000003,12.122958464232804,1
13975,23,10,3717.62,6.922942271880819,2742,5.106145251396648,371.762,345,50.666666666666664,460,United Kingdom,0.5586592178770949,2.5685161017538025,3717.62,2943.451843817787,35.20603920859772,0
13976,14,4,1192.36,21.292142857142856,452,8.071428571428571,298.09,49,153.33333333333334,461,United Kingdom,0.0,10.574402597402596,1192.36,942.0160173160172,34.94988104725269,1
13977,219,1,519.8100000000001,39.98538461538462,303,23.307692307692307,519.8100000000001,13,0.0,0,United Kingdom,0.0,4.705185897435897,519.8100000000001,189730.65000000002,22.08055649259235,1
13979,201,10,2420.66,7.016405797101449,1613,4.6753623188405795,242.06599999999997,311,37.77777777777778,343,United Kingdom,1.7391304347826086,6.699711093697337,2420.66,2568.432848837209,24.231995691606667,1
13980,245,8,521.88,9.319285714285714,285,5.089285714285714,65.235,48,30.857142857142858,219,United Kingdom,7.142857142857142,16.12407269480519,521.88,865.8463636363637,21.18994330621775,1
13981,208,2,327.39,14.234347826086957,233,10.130434782608695,163.695,22,15.0,15,United Kingdom,4.3478260869565215,9.515781027667982,327.39,7468.584374999999,22.835715202741145,1
13982,134,10,2970.18,17.07,1846,10.60919540229885,297.018,96,39.77777777777778,361,United Kingdom,4.597701149425287,4.200749627931695,2970.18,2994.7947513812155,28.367741724558883,0
13983,40,23,5593.76,18.58392026578073,3315,11.013289036544851,243.20695652173913,214,22.181818181818183,498,United Kingdom,4.318936877076411,140.957284192691,5593.76,4091.6280561122244,35.616695103584995,0
13984,57,10,1690.52,20.61609756097561,1211,14.768292682926829,169.052,50,53.111111111111114,482,United Kingdom,0.0,2.055541342968986,1690.52,1277.5151138716355,32.962892805408636,0
13985,22,10,3598.58,21.809575757575757,1804,10.933333333333334,359.858,85,50.0,453,United Kingdom,0.6060606060606061,5.376011581670363,3598.58,2893.131497797357,35.2572562210838,0
13987,187,2,682.54,14.837826086956522,492,10.695652173913043,341.27,46,21.0,21,United Kingdom,0.0,2.1827755072463773,682.54,11323.959090909091,24.14710290278218,1
13988,4,5,1959.27,14.40639705882353,1109,8.154411764705882,391.854,110,106.75,428,United Kingdom,0.7352941176470588,16.13256296296297,1959.27,1666.977972027972,35.72323313115391,0
13989,47,4,1656.65,24.3625,1763,25.926470588235293,414.1625,53,108.0,324,United Kingdom,0.0,4.392830640913079,1656.65,1860.5453846153848,32.97358073049863,1
13990,21,1,311.3,19.45625,190,11.875,311.3,16,0.0,0,United Kingdom,0.0,3.6214266666666663,311.3,113624.5,34.1512450509675,1
13992,188,2,142.7,23.78333333333333,90,15.0,71.35,5,82.0,82,United Kingdom,0.0,7.183,142.7,627.5361445783132,24.041460495152972,1
13993,13,17,4769.27,22.496556603773588,1632,7.69811320754717,280.5452941176471,102,32.8125,531,United Kingdom,1.4150943396226416,16.277503199052145,4769.27,3272.149530075188,36.599926566058464,0
13995,50,14,2753.02,16.290059171597633,1628,9.633136094674557,196.6442857142857,117,36.46153846153846,479,United Kingdom,4.733727810650888,4.825137559876023,2753.02,2093.4422916666663,33.87601875843821,0
13996,194,2,895.76,27.144242424242425,613,18.575757575757574,447.88,29,13.0,13,United Kingdom,0.0,72.38271136363636,895.76,23353.742857142857,23.737365064601885,1
13997,327,3,376.46,8.55590909090909,143,3.25,125.48666666666666,36,15.5,31,United Kingdom,0.0,15.853225581395352,376.46,4293.996875,15.674313749380305,1
13998,254,3,566.7,18.280645161290323,204,6.580645161290323,188.9,30,64.5,129,United Kingdom,0.0,20.765080645161287,566.7,1591.119230769231,20.14668258068876,1
13999,22,25,6819.57,20.356925373134327,3693,11.023880597014925,272.7828,147,21.166666666666668,520,United Kingdom,1.4925373134328357,5.36189462865314,6819.57,4777.625815738964,37.01585663174537,0
14000,14,8,1877.5900000000001,36.1075,1811,34.82692307692308,234.69875000000002,28,75.42857142857143,531,United Kingdom,5.769230769230769,5.110729864253394,1877.5900000000001,1288.1961466165415,35.40449297891525,1
14001,40,8,3494.91,39.71488636363636,1449,16.46590909090909,436.86375,48,36.857142857142854,260,United Kingdom,0.0,4.561274072622779,3494.91,4887.517816091954,33.950786704983145,0
14003,540,1,209.41,13.088125,149,9.3125,209.41,16,0.0,0,United Kingdom,0.0,6.387449583333333,209.41,76434.65,2.4578469570629027,1
14004,96,5,2575.83,26.01848484848485,1139,11.505050505050505,515.1659999999999,69,36.5,146,United Kingdom,0.0,16.992300515357655,2575.83,6395.768367346938,30.15755715519522,0
14005,23,1,187.16,13.368571428571428,240,17.142857142857142,187.16,14,0.0,0,United Kingdom,0.0,10.350613186813186,187.16,68313.4,34.01889060554134,0
14006,49,6,1896.57,28.307014925373135,1987,29.65671641791045,316.09499999999997,53,82.0,411,United Kingdom,0.0,6.931876526458619,1896.57,1680.2137135922328,33.070303669976774,0
14007,320,1,79.48,15.896,16,3.2,79.48,5,0.0,0,United Kingdom,0.0,10.92607,79.48,29010.2,15.878127793990997,1
14008,183,2,493.74,14.961818181818183,320,9.696969696969697,246.87,32,57.0,57,United Kingdom,3.0303030303030303,1.3699829545454547,493.74,3107.1568965517245,24.375707720496532,1
14009,6,4,1090.23,14.345131578947369,947,12.460526315789474,272.5575,71,87.66666666666667,264,United Kingdom,2.631578947368421,4.279619842105265,1090.23,1501.6375471698113,35.42984530203557,1
14010,373,3,288.09999999999997,10.289285714285713,128,4.571428571428571,96.03333333333332,20,0.0,0,United Kingdom,14.285714285714285,3.0786904761904768,288.09999999999997,105156.49999999999,12.85871214931747,1
14011,288,3,451.91999999999996,13.694545454545453,642,19.454545454545453,150.64,32,63.0,127,United Kingdom,3.0303030303030303,2.368330113636364,451.91999999999996,1288.678125,18.06149934475337,1
14012,85,1,328.8,29.89090909090909,160,14.545454545454545,328.8,11,0.0,0,United Kingdom,0.0,3.6176363636363638,328.8,120012.0,30.245486694417746,1
14013,83,4,651.7,14.167391304347827,394,8.565217391304348,162.925,38,151.66666666666666,456,United Kingdom,8.695652173913043,20.789692028985503,651.7,520.5043763676149,30.69276675384582,0
14014,184,2,1443.03,39.00081081081081,928,25.08108108108108,721.515,37,200.0,200,United Kingdom,0.0,17.155790090090083,1443.03,2620.4276119402984,24.393071761187944,1
14016,15,11,10415.88,25.78188118811881,5024,12.435643564356436,946.8981818181818,324,48.7,492,EIRE,0.24752475247524752,31.52040029174753,10415.88,7711.55415821501,36.34723784882615,0
14017,379,1,229.75,16.410714285714285,73,5.214285714285714,229.75,14,0.0,0,United Kingdom,0.0,10.676332417582417,229.75,83858.75,12.288586928997324,1
14018,453,1,367.15000000000003,28.242307692307694,224,17.23076923076923,367.15000000000003,13,0.0,0,United Kingdom,0.0,4.484747435897437,367.15000000000003,134009.75,7.782232049000228,1
14020,284,3,570.46,15.417837837837839,200,5.405405405405405,190.15333333333334,29,26.0,52,United Kingdom,10.81081081081081,14.223855855855854,570.46,3928.6396226415095,18.315491336070338,1
14021,19,6,1586.38,18.446279069767442,838,9.744186046511627,264.3966666666667,80,75.6,381,United Kingdom,0.0,13.496874145006835,1586.38,1515.7819371727749,34.8761829096266,0
14022,33,2,792.15,16.854255319148937,681,14.48936170212766,396.075,45,261.0,261,United Kingdom,0.0,2.416746530989825,792.15,1103.567748091603,33.557866407760216,1
14023,58,1,273.14,17.07125,162,10.125,273.14,16,0.0,0,United Kingdom,0.0,5.5387,273.14,99696.09999999999,31.889240665660264,1
14024,198,1,318.04,17.66888888888889,88,4.888888888888889,318.04,18,0.0,0,United Kingdom,0.0,11.399979411764704,318.04,116084.6,23.345940988615784,0
14025,272,10,3969.1,39.298019801980196,1898,18.792079207920793,396.90999999999997,60,12.777777777777779,119,United Kingdom,1.9801980198019802,67.1461622178218,3969.1,12072.679166666667,20.02534698304709,1
14026,278,2,713.11,14.2622,427,8.54,356.555,43,154.0,154,United Kingdom,0.0,3.767125551020408,713.11,1679.2590322580645,18.59407251771218,1
14028,306,5,3175.5,244.26923076923077,4679,359.9230769230769,635.1,4,12.75,52,United Kingdom,30.76923076923077,1001941.6848076923,3175.5,21869.009433962263,17.386578812440842,1
14030,51,19,6481.28,9.039442119944212,3333,4.648535564853557,341.12,525,27.055555555555557,495,United Kingdom,0.5578800557880056,75.26338998542968,6481.28,4769.490322580645,34.620446202732374,0
14031,4,46,28081.96,42.8732213740458,10672,16.293129770992365,610.4773913043479,247,11.909090909090908,540,United Kingdom,3.3587786259541987,16.362185338842586,28081.96,18946.23918669131,41.960644927923376,0
14032,8,17,3048.04,17.028156424581006,2762,15.430167597765363,179.29647058823528,68,32.3125,525,United Kingdom,5.027932960893855,3.207281890653442,3048.04,2115.084790874525,36.76299829116943,0
14033,363,1,109.44,109.44,576,576.0,109.44,1,0.0,0,United Kingdom,0.0,0.0,109.44,39945.6,13.25544995155827,1
14035,75,8,2063.06,19.648190476190475,1037,9.876190476190477,257.8825,47,48.714285714285715,344,United Kingdom,2.857142857142857,5.8695831868131885,2063.06,2182.65768115942,31.695759613708656,0
14036,92,1,626.65,16.49078947368421,268,7.052631578947368,626.65,38,0.0,0,United Kingdom,0.0,11.556750568990044,626.65,228727.25,29.84273953920091,1
14037,172,6,720.55,6.376548672566371,551,4.876106194690266,120.09166666666665,95,73.0,368,United Kingdom,0.8849557522123894,2.2164289664981034,720.55,712.7391598915989,25.46400350480266,0
14038,8,6,2156.87,17.825371900826447,1233,10.190082644628099,359.4783333333333,87,94.2,473,United Kingdom,5.785123966942149,4.726339999999997,2156.87,1660.8809071729956,35.59485770647354,0
14039,383,1,115.08000000000001,28.770000000000003,100,25.0,115.08000000000001,4,0.0,0,United Kingdom,0.0,17.740691666666667,115.08000000000001,42004.200000000004,12.03491461088216,1
14040,23,32,10286.97,15.399655688622753,3977,5.953592814371257,321.4678125,298,16.451612903225808,523,United Kingdom,1.1976047904191618,8.022034706075106,10286.97,7165.542080152672,37.937741260098704,0
14041,74,1,141.41,6.733809523809524,94,4.476190476190476,141.41,21,0.0,0,United Kingdom,0.0,2.490849047619048,141.41,51614.65,30.901558409563805,1
14042,533,1,431.98,20.570476190476192,180,8.571428571428571,431.98,21,0.0,0,United Kingdom,0.0,12.416899999999996,431.98,157672.7,2.903582310647252,1
14043,299,3,299.65,7.134523809523809,151,3.5952380952380953,99.88333333333333,37,119.0,238,United Kingdom,2.380952380952381,5.4622829268292685,299.65,457.6244769874477,17.377370730453723,1
14044,117,8,2584.77,3.8292888888888887,1868,2.7674074074074073,323.09625,465,53.0,374,United Kingdom,0.14814814814814814,8.52155391493571,2584.77,2515.8428,29.174751805707533,0
14045,145,18,8926.23,223.15574999999998,4071,101.775,495.90166666666664,16,20.88235294117647,362,United Kingdom,10.0,9.654105384615383,8926.23,8975.410330578512,28.98419792342777,0
14046,92,1,154.99,11.070714285714287,460,32.857142857142854,154.99,14,0.0,0,United Kingdom,0.0,0.8638686813186814,154.99,56571.350000000006,29.80377905797032,1
14047,7,17,3208.42,22.280694444444446,1357,9.42361111111111,188.73058823529414,88,29.4375,477,United Kingdom,4.166666666666666,8.145139039432788,3208.42,2449.944142259414,36.83729620444305,1
14048,85,4,713.89,4.957569444444444,453,3.1458333333333335,178.4725,126,34.666666666666664,104,United Kingdom,2.083333333333333,11.744883741258747,713.89,2481.617619047619,30.57580370575607,1
14049,8,15,10318.039999999999,12.181865407319952,6645,7.845336481700118,687.8693333333333,465,31.615384615384617,416,United Kingdom,1.6528925619834711,34.09116990881456,10318.039999999999,9031.377937649879,37.16451635922523,0
14051,14,30,11664.57,55.282322274881516,3497,16.57345971563981,388.819,74,17.75862068965517,530,United Kingdom,4.739336492890995,7.877125190701877,11664.57,8018.018926553672,38.40198058191938,0
14052,198,1,241.3,3.7123076923076925,85,1.3076923076923077,241.3,65,0.0,0,United Kingdom,0.0,9.412185096153848,241.3,88074.5,23.33960204249011,1
14053,205,2,312.05,62.410000000000004,275,55.0,156.025,3,89.0,89,United Kingdom,0.0,0.08922999999999996,312.05,1265.5361111111113,23.017598257489354,0
14055,385,2,795.3199999999999,34.579130434782606,504,21.91304347826087,397.65999999999997,23,145.0,145,United Kingdom,0.0,16.047226877470354,795.3199999999999,1988.2999999999997,12.06850676931436,0
14056,5,11,3252.54,7.195884955752212,1852,4.097345132743363,295.68545454545455,221,8.3,87,United Kingdom,0.6637168141592921,6.017919931617051,3252.54,13490.648863636363,36.36602584087638,0
14057,7,14,4734.67,14.479113149847095,3935,12.033639143730888,338.1907142857143,194,40.76923076923077,537,United Kingdom,2.1406727828746175,4.545029984428062,4734.67,3212.1831784386613,36.664861409521784,0
14058,270,2,469.19,19.549583333333334,211,8.791666666666666,234.595,23,67.0,67,United Kingdom,0.0,8.813034782608694,469.19,2518.4463235294115,19.062324508080685,1
14059,74,1,183.6,22.95,128,16.0,183.6,8,0.0,0,United Kingdom,0.0,2.805535714285715,183.6,67014.0,30.90504342568372,1
14060,13,22,5704.02,38.80285714285714,4979,33.87074829931973,259.2736363636364,72,20.142857142857142,433,United Kingdom,0.6802721088435374,2.175751756593049,5704.02,4797.159677419356,37.174652059524526,0
14061,315,3,917.4300000000001,48.28578947368421,133,7.0,305.81,17,114.5,230,United Kingdom,0.0,27.147648538011694,917.4300000000001,1449.6188311688313,16.451600169830993,1
14062,47,21,19786.06,65.08572368421054,9819,32.29934210526316,942.1933333333334,136,24.15,490,United Kingdom,1.644736842105263,3.2574461861646693,19786.06,14708.57820773931,36.162664761044994,0
14063,238,13,-3767.1999999999994,-85.61818181818181,3846,87.4090909090909,-289.78461538461534,30,24.75,300,United Kingdom,9.090909090909092,7339251.6013646405,-3767.1999999999994,-4568.199335548172,21.760515748539614,1
14064,19,18,2485.29,12.551969696969698,2911,14.702020202020202,138.07166666666666,100,27.705882352941178,475,United Kingdom,3.535353535353535,1.5099210711172637,2485.29,1905.7370798319328,36.14446532828829,0
14065,197,4,889.37,17.7874,581,11.62,222.3425,42,14.0,42,United Kingdom,2.0,11.711327510204079,889.37,7549.303488372093,23.752692024080076,1
14066,74,1,152.55,21.792857142857144,45,6.428571428571429,152.55,7,0.0,0,United Kingdom,0.0,15.734761904761903,152.55,55680.75000000001,30.902478605808785,1
14068,128,5,1493.32,13.700183486238531,498,4.568807339449541,298.664,93,88.75,357,United Kingdom,0.9174311926605505,8.10641822969759,1493.32,1522.5189944134077,28.114536742243473,1
14069,322,2,225.81,5.507560975609756,58,1.4146341463414633,112.905,37,46.0,46,United Kingdom,0.0,11.967804512195123,225.81,1753.6308510638298,15.867617441008571,1
14070,492,1,321.6,7.843902439024391,85,2.073170731707317,321.6,40,0.0,0,United Kingdom,0.0,25.994128048780482,321.6,117384.00000000001,5.397517106202336,1
14071,49,3,225.4,5.931578947368421,200,5.2631578947368425,75.13333333333334,22,11.0,23,United Kingdom,23.684210526315788,1.677899359886202,225.4,3427.9583333333335,32.63375272805067,1
14072,474,1,390.85,20.571052631578947,65,3.4210526315789473,390.85,19,0.0,0,United Kingdom,0.0,7.190935672514619,390.85,142660.25,6.502138455549134,1
14074,431,1,219.39999999999998,36.56666666666666,228,38.0,219.39999999999998,6,0.0,0,United Kingdom,0.0,0.04266666666666667,219.39999999999998,80080.99999999999,9.11312881443584,1
14075,69,4,1100.53,19.65232142857143,1010,18.035714285714285,275.1325,48,92.66666666666667,280,United Kingdom,0.0,30.92639295454546,1100.53,1429.5140569395016,31.58454226569531,1
14077,33,3,315.27,7.881749999999999,191,4.775,105.08999999999999,35,84.0,169,United Kingdom,0.0,6.993168653846156,315.27,676.9032352941176,33.61797722698241,0
14078,21,7,1088.08,8.918688524590163,440,3.6065573770491803,155.44,89,67.66666666666667,407,United Kingdom,0.0,6.929292866820213,1088.08,973.4049019607842,34.812424252747995,0
14079,490,1,243.63,243.63,1,1.0,243.63,1,0.0,0,United Kingdom,0.0,0.0,243.63,88924.95,5.513176680616522,0
14080,221,5,1030.13,12.876625,219,2.7375,206.026,70,64.4,323,United Kingdom,1.25,119.0330098734178,1030.13,1160.4859567901235,22.398620229873817,1
14081,75,16,4747.52,5.56567409144197,3361,3.94021101992966,296.72,467,30.466666666666665,461,United Kingdom,1.0550996483001172,8.404418586981057,4747.52,3750.7463203463208,32.71352368043663,1
14082,172,2,413.36,6.359384615384616,246,3.7846153846153845,206.68,48,27.0,27,United Kingdom,0.0,3.1806789903846155,413.36,5388.442857142857,25.040618771385468,1
14083,7,7,553.23,5.423823529411765,418,4.098039215686274,79.03285714285714,96,86.66666666666667,522,United Kingdom,0.0,6.587610910502816,553.23,386.0974187380497,35.62294494931338,0
14084,320,1,150.5,21.5,306,43.714285714285715,150.5,7,0.0,0,United Kingdom,0.0,0.3992142857142857,150.5,54932.5,15.883994251559999,1
14085,6,26,8071.79,9.14132502831257,4917,5.568516421291053,310.4534615384615,431,21.833333333333332,533,United Kingdom,0.11325028312570783,7.304117919481874,8071.79,5517.234737827715,38.19559709268777,0
14086,270,1,39.95,39.95,1,1.0,39.95,1,0.0,0,United Kingdom,0.0,0.0,39.95,14581.750000000002,18.927365554073564,1
14087,212,3,608.0,4.164383561643835,444,3.041095890410959,202.66666666666666,126,165.0,330,United Kingdom,0.684931506849315,6.02097897496457,608.0,670.453172205438,22.714196644335114,1
14088,130,7,19529.44,103.33037037037036,4513,23.87830687830688,2789.9199999999996,171,16.166666666666668,98,United Kingdom,1.5873015873015872,8545.290110638301,19529.44,72002.4808080808,29.681277313226857,0
14090,132,1,76.32000000000001,76.32000000000001,72,72.0,76.32000000000001,1,0.0,0,United Kingdom,0.0,0.0,76.32000000000001,27856.800000000003,27.355278246255782,1
14091,462,2,9530.08,733.0830769230769,3316,255.07692307692307,4765.04,13,44.0,44,United Kingdom,0.0,3.195747435897436,9530.08,77299.53777777778,8.089168527420936,1
14092,4,18,4940.360000000001,18.57278195488722,2436,9.157894736842104,274.4644444444445,134,30.529411764705884,526,United Kingdom,0.7518796992481203,6.703450749042416,4940.360000000001,3421.6914611005695,37.2630121322951,0
14094,247,2,310.82,7.0640909090909085,157,3.5681818181818183,155.41,41,0.0,0,United Kingdom,2.272727272727273,6.331097410147991,310.82,113449.3,20.453394091826528,1
14095,530,1,2.95,2.95,1,1.0,2.95,1,0.0,0,United Kingdom,0.0,0.0,2.95,1076.75,3.0512933739603523,1
14097,289,2,422.85999999999996,10.571499999999999,352,8.8,211.42999999999998,39,164.0,164,United Kingdom,0.0,9.09727692307692,422.85999999999996,935.4175757575757,17.898546356026287,1
14099,26,15,3914.2000000000003,9.761097256857855,2719,6.780548628428928,260.94666666666666,224,36.0,511,United Kingdom,0.7481296758104738,3.30088047755611,3914.2000000000003,2790.396484375,35.53663954026376,0
14101,5,12,8124.73,100.3053086419753,9438,116.51851851851852,677.0608333333333,19,37.90909090909091,423,United Kingdom,1.2345679012345678,0.85023,8124.73,6994.166155660377,36.86798532510322,0
14104,197,3,527.3199999999999,4.625614035087719,424,3.719298245614035,175.7733333333333,100,84.5,170,United Kingdom,0.0,4.91597190653625,527.3199999999999,1125.566081871345,23.623283158555935,0
14105,47,8,5709.88,19.621580756013746,3485,11.97594501718213,713.735,202,68.28571428571429,482,United Kingdom,4.123711340206185,6.128997037563695,5709.88,4314.91966873706,33.70639921091371,1
14106,545,1,214.79999999999998,214.79999999999998,24,24.0,214.79999999999998,1,0.0,0,United Kingdom,0.0,0.0,214.79999999999998,78402.0,2.153041881414075,1
14107,28,10,3625.55,19.284840425531915,2764,14.702127659574469,362.555,89,56.111111111111114,509,United Kingdom,1.5957446808510638,6.9411332205028975,3625.55,2594.75637254902,34.893183654848706,0
14108,539,2,447.05,24.836111111111112,279,15.5,223.525,18,6.0,6,United Kingdom,0.0,1.774281045751634,447.05,23310.464285714286,2.638029257529532,1
14110,28,25,8975.970000000001,29.142759740259745,4158,13.5,359.03880000000004,149,22.043478260869566,518,United Kingdom,0.974025974025974,4.330517444688864,8975.970000000001,6312.58005780347,36.82768114719379,0
14111,49,1,94.2,47.1,148,74.0,94.2,2,0.0,0,United Kingdom,0.0,5.12,94.2,34383.0,32.42391025316491,0
14112,11,20,3819.84,14.469090909090909,2462,9.325757575757576,190.99200000000002,160,28.333333333333332,518,United Kingdom,10.227272727272728,5.048182565675766,3819.84,2686.4,36.94210848469846,0
14113,119,27,4753.58,42.44267857142857,2450,21.875,176.05851851851853,61,15.73076923076923,421,United Kingdom,19.642857142857142,6.841343943050193,4753.58,4111.508767772511,31.122348930958825,1
14114,81,7,1364.09,18.43364864864865,650,8.783783783783784,194.86999999999998,72,54.833333333333336,332,United Kingdom,0.0,18.290460736764157,1364.09,1495.1737237237237,31.17221981466155,1
14115,309,2,622.6700000000001,28.303181818181823,509,23.136363636363637,311.33500000000004,22,165.0,165,United Kingdom,0.0,8.243637445887446,622.6700000000001,1369.1237951807232,16.694050019379652,1
14118,236,1,458.45,30.563333333333333,97,6.466666666666667,458.45,15,0.0,0,United Kingdom,0.0,8.854214285714287,458.45,167334.25,21.0376369411334,1
14119,162,3,163.47,13.6225,175,14.583333333333334,54.49,11,181.5,363,United Kingdom,8.333333333333332,15.553709090909091,163.47,163.9190934065934,25.729980232135983,1
14120,238,1,-23.8,-23.8,-4,-4.0,-23.8,1,0.0,0,United Kingdom,100.0,0.0,-23.8,-8687.0,20.875701573149694,1
14122,202,5,309.77,19.360625,95,5.9375,61.95399999999999,12,85.0,342,United Kingdom,18.75,12.979811666666668,309.77,329.6386297376093,23.49906756872659,1
14123,541,1,436.18,18.174166666666668,234,9.75,436.18,24,0.0,0,United Kingdom,0.0,8.285721557971014,436.18,159205.7,2.415528754403759,1
14126,252,1,466.33000000000004,16.654642857142857,379,13.535714285714286,466.33000000000004,28,0.0,0,United Kingdom,0.0,4.346567592592592,466.33000000000004,170210.45,20.06148687514126,1
14127,64,5,1642.6000000000001,16.103921568627452,704,6.901960784313726,328.52000000000004,88,41.5,169,United Kingdom,0.0,20.88772413123666,1642.6000000000001,3526.7588235294124,32.03407160954174,0
14128,63,3,577.4,13.747619047619047,516,12.285714285714286,192.46666666666667,34,147.0,295,United Kingdom,2.380952380952381,2.0892451219512203,577.4,711.9966216216216,31.80812809222181,1
14129,68,5,1826.3799999999999,25.01890410958904,986,13.506849315068493,365.27599999999995,37,79.0,318,United Kingdom,0.0,1.2087741248097414,1826.3799999999999,2089.7451410658305,31.80505212529687,1
14130,127,4,1858.77,8.448954545454546,1215,5.5227272727272725,464.6925,189,135.66666666666666,408,United Kingdom,0.0,5.334887139892072,1858.77,1658.804523227384,28.106271543534675,1
14131,456,1,168.22,3.65695652173913,105,2.282608695652174,168.22,45,0.0,0,United Kingdom,0.0,2.7716821739130433,168.22,61400.3,7.582649672042639,1
14133,109,4,608.2,23.392307692307693,196,7.538461538461538,152.05,25,143.66666666666666,432,United Kingdom,7.6923076923076925,154.83913846153848,608.2,512.6859122401847,29.101871940632495,0
14134,190,15,11123.35,61.79638888888889,5814,32.3,741.5566666666667,130,24.428571428571427,347,United Kingdom,0.0,90.37538300434514,11123.35,11666.732040229885,26.119926185102212,1
14135,28,18,6231.75,36.874260355029584,7176,42.46153846153846,346.2083333333333,111,30.058823529411764,517,United Kingdom,0.591715976331361,4.225457551422936,6231.75,4391.097972972973,35.904483219051336,0
14136,208,7,1553.96,14.388518518518518,1145,10.601851851851851,221.99428571428572,86,54.666666666666664,331,United Kingdom,1.8518518518518516,7.9082013153340265,1553.96,1708.4198795180723,23.43454587288683,1
14137,489,2,294.1,21.00714285714286,400,28.571428571428573,147.05,11,13.0,13,United Kingdom,21.428571428571427,0.16417197802197803,294.1,7667.607142857144,5.677898197315334,1
14139,298,3,670.98,15.604186046511629,539,12.534883720930232,223.66,29,26.0,52,United Kingdom,0.0,6.917943521594685,670.98,4620.9,17.469093724326903,1
14142,181,4,655.94,13.665416666666667,512,10.666666666666666,163.985,42,90.66666666666667,273,United Kingdom,8.333333333333332,5.591013785460991,655.94,873.788686131387,24.710211007212617,1
14144,294,1,30.599999999999998,30.599999999999998,12,12.0,30.599999999999998,1,0.0,0,United Kingdom,0.0,0.0,30.599999999999998,11169.0,17.461391751808314,1
14145,25,4,4986.45,277.025,1127,62.611111111111114,1246.6125,11,130.66666666666666,393,United Kingdom,0.0,5.215294117647058,4986.45,4619.427030456853,34.59173319178172,0
14146,62,10,5921.6,17.114450867052025,3603,10.413294797687861,592.1600000000001,248,48.666666666666664,440,United Kingdom,10.115606936416185,10.168689154728996,5921.6,4901.097505668935,33.00714195511552,1
14147,93,10,1733.7,59.782758620689656,781,26.93103448275862,173.37,23,43.875,354,United Kingdom,6.896551724137931,5.729875123152709,1733.7,1782.53661971831,30.76865740059193,1
14148,41,2,466.29,27.428823529411765,223,13.117647058823529,233.145,15,180.0,180,United Kingdom,0.0,15.65578823529412,466.29,940.3085635359116,33.04254894015055,1
14149,20,3,259.43,6.48575,129,3.225,86.47666666666667,28,4.0,8,United Kingdom,30.0,6.616654102564101,259.43,10521.327777777778,34.40701547500305,1
14150,167,1,306.18,25.515,262,21.833333333333332,306.18,12,0.0,0,United Kingdom,0.0,2.1378083333333335,306.18,111755.7,25.23751321083864,1
14151,481,3,666.7,14.815555555555557,404,8.977777777777778,222.23333333333335,44,21.5,43,United Kingdom,2.2222222222222223,8.821596161616158,666.7,5530.579545454546,6.296579011777177,1
14152,40,8,1668.66,14.51008695652174,1484,12.904347826086957,208.5825,90,60.714285714285715,427,United Kingdom,1.7391304347826086,1.2068018306636157,1668.66,1423.0394859813084,33.799933168861024,1
14153,291,1,233.4,13.729411764705883,312,18.352941176470587,233.4,17,0.0,0,United Kingdom,0.0,0.2333191176470588,233.4,85191.0,17.661293801967705,1
14154,47,10,6263.6,21.304761904761907,3204,10.89795918367347,626.36,236,56.75,456,United Kingdom,0.6802721088435374,137.88510836177477,6263.6,5002.6564551422325,33.95114306079321,1
14155,74,1,118.75,19.791666666666668,25,4.166666666666667,118.75,6,0.0,0,United Kingdom,0.0,1.5,118.75,43343.75,30.89968662797392,1
14156,15,157,224179.83000000002,69.47004338394794,124862,38.69290362565851,1427.897006369427,1218,2.9935897435897436,530,EIRE,2.138208862720793,12312.51677500925,224179.83000000002,154097.2466101695,68.53212204751578,0
14157,93,5,790.53,10.266623376623377,425,5.51948051948052,158.106,68,89.5,360,United Kingdom,1.2987012987012987,2.983635099111416,790.53,799.2893351800554,30.19323639075399,1
14159,64,13,3524.23,4.246060240963855,2467,2.972289156626506,271.0946153846154,429,39.583333333333336,479,United Kingdom,0.3614457831325301,4.111133131948784,3524.23,2679.8832291666668,32.98551959446003,0
14160,418,7,8421.47,78.70532710280374,4661,43.5607476635514,1203.0671428571427,80,14.5,88,United Kingdom,0.0,3.648784870393229,8421.47,34537.4893258427,11.181309256537736,1
14161,23,7,2996.93,10.819241877256317,1480,5.342960288808665,428.1328571428571,202,84.5,510,United Kingdom,0.0,5.8639716554177825,2996.93,2140.6642857142856,34.848000665857576,1
14162,100,1,177.68,13.667692307692308,110,8.461538461538462,177.68,13,0.0,0,United Kingdom,0.0,12.372456410256413,177.68,64853.200000000004,29.317252829246556,0
14163,7,3,898.5,28.983870967741936,338,10.903225806451612,299.5,26,131.0,262,United Kingdom,0.0,8.731385161290325,898.5,1246.967680608365,35.25345530045648,0
14165,83,1,120.44,5.0183333333333335,53,2.2083333333333335,120.44,23,0.0,0,United Kingdom,0.0,10.189382608695652,120.44,43960.6,30.350375677415112,1
14166,313,2,251.15,4.924509803921569,82,1.607843137254902,125.575,39,121.0,121,United Kingdom,0.0,4.78248431372549,251.15,751.391393442623,16.419161147806328,1
14167,71,6,970.7,10.55108695652174,265,2.880434782608696,161.78333333333333,41,82.8,417,United Kingdom,0.0,5.036919194935499,970.7,847.6208133971292,31.650722784923683,0
14168,228,3,305.9,17.99411764705882,138,8.117647058823529,101.96666666666665,11,71.5,143,United Kingdom,11.76470588235294,8.274963235294118,305.9,775.3715277777777,21.712441333098827,1
14169,238,2,621.51,9.71109375,205,3.203125,310.755,50,13.0,13,United Kingdom,0.0,14.99796267361111,621.51,16203.653571428571,21.028508534576343,1
14170,183,3,570.18,3.9322758620689653,270,1.8620689655172413,190.05999999999997,123,9.0,19,United Kingdom,0.0,6.229005411877394,570.18,10405.784999999998,24.481524373316034,1
14171,538,1,135.0,22.5,44,7.333333333333333,135.0,6,0.0,0,United Kingdom,0.0,1.041866666666667,135.0,49275.0,2.5738005977815894,1
14172,413,4,356.27,7.917111111111111,77,1.711111111111111,89.0675,38,12.333333333333334,37,United Kingdom,2.2222222222222223,17.618393131313127,356.27,3422.067105263158,10.52184323419683,1
14173,27,4,230.15,14.384375,81,5.0625,57.5375,14,170.33333333333334,511,United Kingdom,6.25,15.801679583333332,230.15,164.07177734375,34.07674892246319,1
14175,130,13,4505.36,19.935221238938052,1565,6.924778761061947,346.56615384615384,137,25.083333333333332,305,United Kingdom,12.389380530973451,13.956280196656834,4505.36,5374.040522875816,29.037259743059078,0
14176,105,6,753.5600000000001,19.830526315789474,263,6.921052631578948,125.59333333333335,33,16.4,83,United Kingdom,2.631578947368421,5.25852894736842,753.5600000000001,3274.397619047619,29.55708431670494,1
14177,189,9,1660.23,10.123353658536585,839,5.115853658536586,184.47,118,33.625,270,United Kingdom,0.0,13.72877792907377,1660.23,2236.103136531365,24.802280217563297,0
14180,13,32,4444.95,19.24220779220779,598,2.588744588744589,138.9046875,108,10.580645161290322,342,United Kingdom,4.761904761904762,172.51244405797092,4444.95,4730.048833819242,38.06567410873969,0
14181,218,2,308.35,5.929807692307692,120,2.3076923076923075,154.175,48,151.0,151,United Kingdom,0.0,4.204542797888386,308.35,740.4457236842105,22.223641833128823,1
14182,251,5,660.07,12.693653846153847,172,3.3076923076923075,132.014,42,38.0,152,United Kingdom,3.8461538461538463,8.663194984917043,660.07,1574.6767973856208,20.536550371224912,1
14183,219,2,278.34000000000003,8.186470588235295,60,1.7647058823529411,139.17000000000002,27,69.0,69,United Kingdom,0.0,7.8549619429590045,278.34000000000003,1451.344285714286,22.160112859214138,1
14185,139,1,197.65,65.88333333333334,6,2.0,197.65,3,0.0,0,United Kingdom,0.0,8318.925833333333,197.65,72142.25,26.9379500280978,1
14186,235,5,1550.63,14.909903846153847,1550,14.903846153846153,310.12600000000003,75,53.75,217,United Kingdom,0.0,1.1046960044809557,1550.63,2596.2383027522937,21.58691418177204,1
14187,281,1,123.5,15.4375,50,6.25,123.5,8,0.0,0,United Kingdom,0.0,16.282857142857143,123.5,45077.5,18.26271635436027,1
14188,22,2,760.9,33.082608695652176,413,17.956521739130434,380.45,17,95.0,95,United Kingdom,0.0,2.1203703557312257,760.9,2893.005208333333,34.226835738857055,0
14189,8,13,2985.4900000000002,18.09387878787879,2315,14.030303030303031,229.65307692307695,118,15.25,188,United Kingdom,2.4242424242424243,15.781380354767169,2985.4900000000002,5765.628835978837,36.35982152986828,0
14190,474,1,79.9,79.9,2,2.0,79.9,1,0.0,0,United Kingdom,0.0,0.0,79.9,29163.500000000004,6.476453085497294,1
14191,4,6,457.75,11.737179487179487,356,9.128205128205128,76.29166666666667,31,106.0,532,United Kingdom,15.384615384615385,8.953739406207825,457.75,313.468574108818,35.69870572053234,0
14192,196,1,293.74,20.981428571428573,218,15.571428571428571,293.74,14,0.0,0,United Kingdom,0.0,0.9879494505494505,293.74,107215.1,23.466033860379003,1
14193,77,2,779.34,17.31866666666667,458,10.177777777777777,389.67,39,126.0,126,United Kingdom,0.0,3.814412828282829,779.34,2239.835433070866,30.870605578478692,1
14194,4,33,10568.54,17.912779661016952,5854,9.922033898305084,320.2587878787879,345,15.787878787878787,532,United Kingdom,3.5593220338983054,7.382697937901073,10568.54,7237.367917448406,39.220453404622816,0
14195,9,10,2381.24,108.23818181818181,1844,83.81818181818181,238.12399999999997,11,47.55555555555556,432,United Kingdom,27.27272727272727,12.077880735930735,2381.24,2007.280831408776,35.950351207116306,1
14197,218,1,390.05,19.5025,143,7.15,390.05,20,0.0,0,United Kingdom,0.0,18.41828947368421,390.05,142368.25,22.130888002049144,1
14198,34,8,1037.48,15.484776119402985,430,6.417910447761194,129.685,41,68.0,477,United Kingdom,4.477611940298507,20.61437222976029,1037.48,792.2179916317991,34.11409624019654,0
14199,26,6,916.4999999999999,45.824999999999996,230,11.5,152.74999999999997,15,62.2,312,United Kingdom,10.0,16.76302631578947,916.4999999999999,1068.7619808306708,34.39349845529329,1
14200,425,1,379.2,18.057142857142857,140,6.666666666666667,379.2,21,0.0,0,United Kingdom,0.0,6.372785714285714,379.2,138408.0,9.492629123280937,1
14201,15,8,750.96,20.296216216216216,478,12.91891891891892,93.87,30,53.857142857142854,380,United Kingdom,5.405405405405405,6.368593243243243,750.96,719.4236220472441,35.25038001880905,0
14202,189,3,847.76,29.233103448275862,166,5.724137931034483,282.58666666666664,27,121.5,243,United Kingdom,0.0,55.067325615763544,847.76,1268.1655737704918,24.13815291847729,1
14203,205,1,339.34,21.20875,80,5.0,339.34,16,0.0,0,United Kingdom,0.0,12.942691666666663,339.34,123859.09999999999,22.920350002918692,1
14204,230,3,874.22,4.829944751381215,397,2.1933701657458564,291.4066666666667,158,157.0,315,United Kingdom,0.0,5.213621252302028,874.22,1009.7794303797469,21.637286088013852,1
14205,72,10,1912.5,14.825581395348838,1158,8.976744186046512,191.25,70,41.55555555555556,378,United Kingdom,12.4031007751938,12.475314583333336,1912.5,1841.8535620052771,32.06547808018387,1
14206,47,5,1145.21,15.687808219178082,926,12.684931506849315,229.042,62,40.25,163,United Kingdom,2.73972602739726,8.521317389649925,1145.21,2548.790548780488,33.03083679368612,1
14207,495,1,157.8,78.9,36,18.0,157.8,2,0.0,0,United Kingdom,0.0,0.08000000000000014,157.8,57597.00000000001,5.200836568929332,1
14208,359,1,415.31,16.6124,415,16.6,415.31,25,0.0,0,United Kingdom,0.0,7.3783009999999996,415.31,151588.15,13.52491594310618,1
14209,14,16,3947.09,19.443793103448275,1371,6.753694581280788,246.693125,125,34.53333333333333,525,United Kingdom,2.955665024630542,20.386014749061097,3947.09,2738.9502851711027,36.371459569627525,0
14210,5,19,5208.13,17.13200657894737,2385,7.845394736842105,274.1121052631579,141,27.61111111111111,505,United Kingdom,1.9736842105263157,7.929015737363213,5208.13,3756.8526679841902,37.32358313587358,0
14211,15,21,2974.23,15.820372340425532,1807,9.611702127659575,141.63,117,25.65,522,United Kingdom,6.382978723404255,9.312035393673911,2974.23,2075.7054493307837,36.727560894423036,1
14212,253,1,1119.6599999999999,93.30499999999999,894,74.5,1119.6599999999999,12,0.0,0,United Kingdom,0.0,1.528765909090909,1119.6599999999999,366939.9750000006,20.054403763169727,1
14213,179,2,-1.4210854715202004e-14,-1.4210854715202005e-15,0,0.0,-7.105427357601002e-15,5,32.0,32,United Kingdom,50.0,4.896,-1.4210854715202004e-14,-1.571806657893555e-13,24.57912361155513,1
14214,81,3,634.5,15.8625,310,7.75,211.5,37,1.5,4,United Kingdom,7.5,9.401564102564103,634.5,46318.5,30.713943618597963,0
14215,123,7,2370.92,18.237846153846153,1276,9.815384615384616,338.70285714285717,123,68.83333333333333,416,United Kingdom,0.7692307692307693,20.320994514013133,2370.92,2075.2657074340527,28.691284322851303,0
14216,217,2,303.09,15.154499999999999,115,5.75,151.545,18,5.0,5,United Kingdom,10.0,11.76523052631579,303.09,18437.975,22.2842574029537,1
14217,7,18,1964.1,16.505042016806723,780,6.554621848739496,109.11666666666666,89,18.764705882352942,328,United Kingdom,4.201680672268908,24.907168978777957,1964.1,2179.016717325228,36.83401425829273,0
14219,217,2,543.89,15.108055555555556,285,7.916666666666667,271.945,32,83.0,83,United Kingdom,0.0,19.627878968253963,543.89,2363.331547619048,22.30414817995477,1
14220,55,4,1515.0,39.86842105263158,468,12.31578947368421,378.75,26,107.0,321,United Kingdom,0.0,6.17056906116643,1515.0,1717.3136645962734,32.473479542089,1
14221,14,11,3942.7200000000003,20.11591836734694,1994,10.173469387755102,358.4290909090909,93,52.5,529,United Kingdom,0.5102040816326531,9.979691491365777,3942.7200000000003,2715.2694339622644,35.873586157167516,0
14223,68,2,289.0,15.210526315789474,128,6.7368421052631575,144.5,18,3.0,3,United Kingdom,5.263157894736842,11.430994152046786,289.0,26371.25,31.379552624628968,0
14224,23,7,1324.05,6.755357142857143,572,2.9183673469387754,189.15,167,54.5,329,United Kingdom,0.0,88.34081474358973,1324.05,1464.4795454545454,34.7098159356684,0
14225,242,5,2009.17,22.32411111111111,1154,12.822222222222223,401.834,70,65.0,261,United Kingdom,4.444444444444445,6.074454044943822,2009.17,2799.034541984733,21.19744048567606,1
14226,7,6,2427.59,30.728987341772154,1484,18.78481012658228,404.59833333333336,66,48.0,242,United Kingdom,8.860759493670885,6.100261927945473,2427.59,3646.380041152264,35.678270023128796,1
14227,4,17,5402.72,15.705581395348839,3499,10.171511627906977,317.8070588235294,237,31.066666666666666,473,United Kingdom,2.3255813953488373,6.040713946708254,5402.72,4160.3223628691985,37.20170191904443,0
14228,245,3,745.5,19.61842105263158,260,6.842105263157895,248.5,38,53.5,108,United Kingdom,0.0,39.844520981507834,745.5,2496.3990825688074,20.710902527679973,1
14229,99,10,1683.92,26.31125,604,9.4375,168.392,37,19.444444444444443,179,United Kingdom,9.375,20.07437847222222,1683.92,3414.615555555556,30.398245062202225,1
14230,243,3,979.8000000000001,29.69090909090909,246,7.454545454545454,326.6,27,56.0,112,United Kingdom,0.0,14.46156837121212,979.8000000000001,3164.8407079646017,20.852356507966768,1
14231,40,4,904.11,15.0685,489,8.15,226.0275,56,72.66666666666667,218,United Kingdom,5.0,5.361021327683615,904.11,1506.8500000000001,33.33876917560493,0
14232,65,2,691.53,14.406875,567,11.8125,345.765,47,6.0,6,United Kingdom,2.083333333333333,5.087311657801419,691.53,36058.35,31.595952950911382,0
14233,19,8,2278.55,37.35327868852459,965,15.819672131147541,284.81875,30,61.142857142857146,432,United Kingdom,4.918032786885246,5.4726754098360635,2278.55,1920.7176674364898,35.13236313025277,1
14235,34,6,2837.68,24.462758620689655,1911,16.474137931034484,472.94666666666666,89,78.0,392,United Kingdom,0.0,4.300069415292352,2837.68,2635.5043256997456,34.063792995791964,0
14236,180,6,1241.88,33.564324324324325,500,13.513513513513514,206.98000000000002,29,26.0,133,United Kingdom,5.405405405405405,8.526151201201204,1241.88,3382.732835820896,25.018666383403694,1
14237,181,3,466.04,17.26074074074074,236,8.74074074074074,155.34666666666666,26,108.5,217,United Kingdom,3.7037037037037033,19.932507692307688,466.04,780.2963302752294,24.59502222998056,1
14238,134,3,434.23,33.402307692307694,189,14.538461538461538,144.74333333333334,13,204.0,408,United Kingdom,0.0,11.139956410256408,434.23,387.5157701711492,27.461747501258667,1
14239,8,19,3117.9100000000003,18.34064705882353,1322,7.776470588235294,164.1005263157895,80,27.63157894736842,533,United Kingdom,2.941176470588235,8.811593320570829,3117.9100000000003,2131.1557116104873,36.96777473053411,0
14240,33,2,584.0,20.137931034482758,316,10.89655172413793,292.0,26,197.0,197,United Kingdom,0.0,14.737906403940885,584.0,1076.5656565656566,33.540672615265315,1
14241,504,1,120.0,60.0,96,48.0,120.0,2,0.0,0,United Kingdom,0.0,0.0,120.0,43800.0,4.6482636300658235,0
14242,42,2,280.55,17.534375,123,7.6875,140.275,13,91.0,91,United Kingdom,0.0,12.007672916666662,280.55,1113.0516304347827,32.96615621747184,1
14243,53,15,6114.25,19.723387096774193,3059,9.86774193548387,407.6166666666667,214,16.0,230,United Kingdom,1.6129032258064515,12.468514843929423,6114.25,9661.044372294373,34.07001839000682,0
14244,467,2,354.82,17.741,802,40.1,177.41,16,1.0,1,United Kingdom,20.0,1.447206315789474,354.82,64754.65,7.026015188172097,1
14245,5,4,1681.6,15.287272727272727,973,8.845454545454546,420.4,107,21.666666666666668,66,United Kingdom,1.8181818181818181,8.115465562969144,1681.6,9160.955223880597,35.53974423681954,0
14246,53,1,449.64,18.735,216,9.0,449.64,24,0.0,0,United Kingdom,0.0,3.8319471014492748,449.64,164118.6,32.20907038179383,0
14247,86,6,750.61,6.584298245614035,377,3.307017543859649,125.10166666666667,82,54.2,273,United Kingdom,0.8771929824561403,10.230421464058374,750.61,999.9001824817518,30.71679179811726,1
14248,126,3,1032.95,21.977659574468085,692,14.72340425531915,344.31666666666666,41,98.0,197,United Kingdom,0.0,6.858954949121185,1032.95,1904.1755050505053,27.999603994667794,1
14249,218,12,5400.461,19.854636029411765,2383,8.761029411764707,450.0384166666667,178,24.181818181818183,268,United Kingdom,0.0,19.91420566679781,5400.461,7327.763066914498,23.639289816581698,1
14252,189,1,350.99,35.099000000000004,111,11.1,350.99,10,0.0,0,United Kingdom,0.0,1172.466978888889,350.99,128111.35,23.898113303440862,1
14253,301,2,363.40000000000003,30.283333333333335,88,7.333333333333333,181.70000000000002,11,129.0,129,United Kingdom,0.0,11.753390151515152,363.40000000000003,1020.3153846153847,17.161034055317234,1
14254,240,1,601.03,26.13173913043478,263,11.434782608695652,601.03,23,0.0,0,United Kingdom,0.0,3.5799905138339936,601.03,219375.94999999998,20.805214217634205,1
14255,354,4,-1441.6,-360.4,-2,-0.5,-360.4,1,0.0,0,United Kingdom,75.0,37507.36963333334,-1441.6,-526184.0,13.975287570174869,1
14256,62,9,2384.14,17.2763768115942,1138,8.246376811594203,264.90444444444444,100,54.75,440,United Kingdom,3.6231884057971016,14.906841806833809,2384.14,1973.2678004535146,32.61543503229499,1
14257,126,5,3474.87,20.085953757225433,2074,11.988439306358382,694.9739999999999,127,81.75,329,United Kingdom,0.0,2.4494030246000795,3474.87,3843.4168181818177,28.400318629985097,0
14258,7,28,25985.09,97.68830827067669,14787,55.590225563909776,928.0389285714285,89,19.296296296296298,536,United Kingdom,3.7593984962406015,10.371283750886638,25985.09,17662.118901303536,39.81324243721593,0
14260,279,3,824.28,16.16235294117647,544,10.666666666666666,274.76,50,38.5,77,United Kingdom,0.0,11.194689019607846,824.28,3857.2076923076925,18.6417079080084,1
14262,48,1,240.0,15.0,196,12.25,240.0,16,0.0,0,United Kingdom,0.0,2.704705,240.0,87600.0,32.497003816236386,0
14263,231,1,322.93,20.183125,171,10.6875,322.93,16,0.0,0,United Kingdom,0.0,1.7342916666666668,322.93,117869.45,21.331692902117982,1
14264,53,7,1257.59,17.965571428571426,493,7.042857142857143,179.65571428571428,52,60.5,365,United Kingdom,4.285714285714286,30.601108095238104,1257.59,1254.1539617486337,32.87282431579659,0
14265,272,2,843.17,17.566041666666667,385,8.020833333333334,421.585,47,147.0,147,Unspecified,0.0,11.86917588652482,843.17,2079.4395270270265,18.971116216474172,0
14266,236,1,40.56,40.56,24,24.0,40.56,1,0.0,0,United Kingdom,0.0,0.0,40.56,14804.400000000001,21.0031180175413,1
14267,48,6,789.11,23.209117647058825,265,7.794117647058823,131.51833333333335,16,97.4,490,United Kingdom,11.76470588235294,14.864562923351157,789.11,586.6092668024439,33.039874329458705,0
14268,278,1,354.85,18.676315789473687,147,7.7368421052631575,354.85,19,0.0,0,United Kingdom,0.0,3.270292397660819,354.85,129520.25000000001,18.464976717158283,1
14269,243,2,261.68,13.084,114,5.7,130.84,16,4.0,4,United Kingdom,20.0,15.177466052631575,261.68,19102.64,20.693535229789923,1
14270,139,1,492.65000000000003,16.98793103448276,197,6.793103448275862,492.65000000000003,29,0.0,0,United Kingdom,0.0,11.680092364532017,492.65000000000003,179817.25,26.962317881982,1
14271,33,2,214.18,5.636315789473684,148,3.8947368421052633,107.09,38,183.0,183,United Kingdom,0.0,4.665767283072546,214.18,424.8679347826087,33.51012441281292,1
14272,62,3,614.94,15.76769230769231,585,15.0,204.98000000000002,38,163.5,327,United Kingdom,0.0,7.687752631578947,614.94,684.3082317073172,31.87227906593226,1
14273,25,2,218.7,18.224999999999998,109,9.083333333333334,109.35,10,24.0,24,United Kingdom,0.0,0.0898022727272728,218.7,3193.02,33.99889826629665,0
14274,494,1,256.6,17.10666666666667,178,11.866666666666667,256.6,15,0.0,0,United Kingdom,0.0,0.8666666666666668,256.6,93659.00000000001,5.270047795958238,1
14275,203,6,1189.3799999999999,51.71217391304347,538,23.391304347826086,198.23,14,42.0,211,United Kingdom,0.0,1.4314897233201584,1189.3799999999999,2047.7533018867923,23.610178327289848,1
14276,89,10,1174.83,12.237812499999999,825,8.59375,117.48299999999999,51,41.77777777777778,378,United Kingdom,20.833333333333336,6.280636304824561,1174.83,1131.4325857519789,30.966693365130265,0
14277,20,11,1996.5,6.35828025477707,1122,3.573248407643312,181.5,238,52.0,523,France,26.43312101910828,410.3510487871632,1996.5,1390.69179389313,35.346522385489145,1
14278,217,1,205.83,15.833076923076923,131,10.076923076923077,205.83,13,0.0,0,United Kingdom,0.0,11.11230641025641,205.83,75127.95000000001,22.17672095787023,1
14279,328,2,191.86,63.95333333333334,46,15.333333333333334,95.93,3,160.0,160,United Kingdom,0.0,1.6971999999999996,191.86,434.96211180124226,15.49851270643916,1
14280,4,1,134.04,16.755,52,6.5,134.04,8,0.0,0,United Kingdom,0.0,16.932398214285715,134.04,48924.6,35.17445389973545,1
14281,216,1,245.15,35.02142857142857,45,6.428571428571429,245.15,7,0.0,0,United Kingdom,0.0,11.50892857142857,245.15,89479.75,22.241018964732927,1
14282,11,16,5325.6,36.22857142857143,3735,25.408163265306122,332.85,80,30.266666666666666,459,United Kingdom,0.6802721088435374,0.42940318702823577,5325.6,4225.747826086957,36.668478668906225,0
14283,271,4,628.4399999999999,15.327804878048779,550,13.414634146341463,157.10999999999999,36,35.333333333333336,106,United Kingdom,0.0,3.1587497560975613,628.4399999999999,2143.743925233645,19.213433933107748,1
14284,461,1,704.4,20.125714285714285,349,9.971428571428572,704.4,35,0.0,0,United Kingdom,0.0,13.324288739495797,704.4,257106.0,7.3216893867775275,1
14285,321,5,1248.63,35.67514285714286,412,11.771428571428572,249.72600000000003,34,54.0,217,United Kingdom,2.857142857142857,431.6166608403361,1248.63,2090.5961009174316,16.31166285732093,0
14286,50,8,5850.97,15.986256830601093,6387,17.450819672131146,731.37125,218,69.85714285714286,492,United Kingdom,1.639344262295082,1.5294938213938178,5850.97,4331.854056795132,33.53490347015173,1
14287,6,2,83.28,20.82,216,54.0,41.64,4,0.0,0,United Kingdom,0.0,0.22089166666666663,83.28,30397.2,35.14766334227154,0
14288,20,2,413.85,24.344117647058823,187,11.0,206.925,16,1.0,1,United Kingdom,5.88235294117647,12.894705882352945,413.85,75527.625,34.32026852641307,1
14289,7,3,594.22,17.47705882352941,214,6.294117647058823,198.07333333333335,30,44.5,90,United Kingdom,0.0,12.178734759358289,594.22,2383.40989010989,35.22832089171111,0
14290,124,10,2671.84,28.423829787234045,819,8.712765957446809,267.184,72,45.55555555555556,415,United Kingdom,22.340425531914892,19.221597174559594,2671.84,2344.2826923076923,28.953598587507585,1
14291,18,16,5584.56,16.047586206896554,4266,12.258620689655173,349.035,195,34.4,519,United Kingdom,0.5747126436781609,8.08150937344728,5584.56,3919.931538461539,36.262519087121404,0
14292,6,17,5160.83,35.591931034482755,2180,15.03448275862069,303.57823529411763,102,33.375,540,United Kingdom,6.896551724137931,11.228050143678159,5160.83,3481.8908502772647,37.05962098278821,0
14293,113,8,2270.87,28.03543209876543,967,11.938271604938272,283.85875,63,60.142857142857146,424,United Kingdom,1.2345679012345678,9.626284104938275,2270.87,1950.276588235294,29.3930230013171,0
14294,215,1,375.34,16.319130434782608,190,8.26086956521739,375.34,23,0.0,0,United Kingdom,0.0,7.0047055335968365,375.34,136999.09999999998,22.3128230966209,1
14295,140,7,2149.86,30.279718309859156,938,13.211267605633802,307.1228571428572,63,66.16666666666667,399,United Kingdom,5.633802816901409,8.116442454728372,2149.86,1961.74725,27.63517308913707,1
14296,221,3,448.45,16.01607142857143,313,11.178571428571429,149.48333333333332,27,79.5,160,United Kingdom,3.571428571428571,12.272381349206348,448.45,1016.6723602484473,22.151566803063464,1
14297,82,1,232.6,21.145454545454545,78,7.090909090909091,232.6,11,0.0,0,United Kingdom,0.0,9.802227272727274,232.6,84899.0,30.420690479114842,1
14298,27,65,66435.5,32.84008897676718,74249,36.70242214532872,1022.0846153846154,1022,7.671875,508,United Kingdom,0.049431537320810674,8.260087576255836,66435.5,47640.38801571709,45.61515420664649,0
14299,124,32,10279.87,43.55877118644068,6173,26.156779661016948,321.2459375,101,13.161290322580646,421,United Kingdom,8.47457627118644,13.977807738910927,10279.87,8891.356753554503,31.771098613491432,0
14301,217,5,1324.19,30.095227272727275,1073,24.386363636363637,264.838,29,64.0,257,United Kingdom,9.090909090909092,10.690843128964056,1324.19,1873.3695736434108,22.667110681237418,0
14302,238,3,742.9000000000001,26.532142857142862,298,10.642857142857142,247.63333333333335,25,153.0,306,United Kingdom,0.0,3.1534656084656087,742.9000000000001,883.2524429967428,21.138038187504645,1
14303,215,2,277.94,12.633636363636363,218,9.909090909090908,138.97,21,27.0,27,United Kingdom,0.0,0.6419569264069264,277.94,3623.1464285714287,22.404280062256575,1
14304,30,5,1523.81,15.392020202020202,687,6.9393939393939394,304.762,69,86.5,348,United Kingdom,11.11111111111111,7.341018202432489,1523.81,1593.6694842406876,34.09996128740346,1
14306,186,4,1058.0800000000002,81.39076923076924,990,76.15384615384616,264.52000000000004,12,99.0,298,United Kingdom,0.0,0.6031410256410258,1058.0800000000002,1291.636120401338,24.438178629965677,1
14307,27,8,2979.23,15.680157894736842,1936,10.189473684210526,372.40375,150,72.57142857142857,512,United Kingdom,0.5263157894736842,6.636802840434424,2979.23,2119.7250487329434,34.70184083798646,0
14308,357,5,-849.45,-169.89000000000001,-1,-0.2,-169.89000000000001,1,0.0,0,United Kingdom,60.0,91371.46032000003,-849.45,-310049.25,13.940553178578503,1
14309,42,7,2331.31,19.109098360655736,1560,12.78688524590164,333.0442857142857,96,52.166666666666664,316,United Kingdom,4.918032786885246,10.76335878607235,2331.31,2684.315930599369,33.6330673672542,0
14310,240,1,492.1,22.36818181818182,230,10.454545454545455,492.1,22,0.0,0,United Kingdom,0.0,0.6846536796536797,492.1,179616.5,20.79621628433384,1
14311,33,3,435.90000000000003,11.471052631578948,214,5.631578947368421,145.3,31,170.5,342,United Kingdom,18.421052631578945,19.363957325746796,435.90000000000003,463.85860058309044,33.62794161414868,1
14312,81,8,2072.72,16.45015873015873,1132,8.984126984126984,259.09,109,32.42857142857143,230,United Kingdom,0.0,40.59099794285714,2072.72,3275.077056277056,31.330257191369373,0
14313,432,1,-302.31,-302.31,-1,-1.0,-302.31,1,0.0,0,United Kingdom,100.0,0.0,-302.31,-110343.15,9.008983997284329,1
14314,221,2,101.9,33.96666666666667,34,11.333333333333334,50.95,2,17.0,17,United Kingdom,33.33333333333333,2.43,101.9,2066.3055555555557,22.023438282404427,0
14315,74,4,1242.1399999999999,20.702333333333332,578,9.633333333333333,310.53499999999997,46,122.33333333333333,368,United Kingdom,1.6666666666666667,5.522085762711865,1242.1399999999999,1228.6750677506775,31.29098935633837,0
14316,230,6,1355.34,42.354375,4482,140.0625,225.89,21,41.2,208,United Kingdom,3.125,0.8032474798387098,1355.34,2366.9813397129187,21.975535455313192,1
14318,268,1,158.02,17.55777777777778,152,16.88888888888889,158.02,9,0.0,0,United Kingdom,0.0,1.3788444444444445,158.02,57677.3,19.059218599929984,1
14319,232,2,476.95000000000005,17.664814814814818,327,12.11111111111111,238.47500000000002,27,304.0,304,United Kingdom,3.7037037037037033,3.1776088319088327,476.95000000000005,570.7762295081968,21.3828678264445,1
14320,14,7,1204.1200000000001,12.947526881720432,626,6.731182795698925,172.0171428571429,68,79.66666666666667,480,United Kingdom,12.903225806451612,13.601205072463763,1204.1200000000001,913.7293139293141,35.24935991997884,1
14321,141,4,994.65,11.432758620689654,1510,17.35632183908046,248.6625,85,46.0,139,United Kingdom,2.2988505747126435,7.221620636193531,994.65,2593.1946428571428,27.18019187561885,0
14322,235,6,384.3,22.605882352941176,142,8.352941176470589,64.05,10,46.0,232,United Kingdom,23.52941176470588,13.017647058823528,384.3,602.0150214592275,21.590074435365548,1
14323,41,2,286.72,12.46608695652174,218,9.478260869565217,143.36,19,5.0,5,United Kingdom,17.391304347826086,6.600023715415019,286.72,17442.133333333335,33.02771593838111,0
14324,217,2,701.61,17.112439024390245,402,9.804878048780488,350.805,41,283.0,283,United Kingdom,0.0,5.696994512195124,701.61,901.7170774647889,22.317176308478892,1
14325,377,1,245.48000000000002,13.637777777777778,320,17.77777777777778,245.48000000000002,18,0.0,0,United Kingdom,0.0,0.8307859477124184,245.48000000000002,89600.20000000001,12.411986394628286,1
14326,42,4,923.98,15.930689655172413,568,9.793103448275861,230.995,54,99.0,297,United Kingdom,1.7241379310344827,6.474578977616454,923.98,1131.7204697986579,33.21831037301897,1
14327,190,5,1583.28,16.84340425531915,1157,12.308510638297872,316.656,89,79.0,318,United Kingdom,0.0,3.365143674216425,1583.28,1811.5899686520374,24.33686391353095,0
14328,238,3,-445.06,-148.35333333333332,-1,-0.3333333333333333,-148.35333333333332,1,12.0,25,United Kingdom,66.66666666666666,3.33333333332727e-05,-445.06,-6247.957692307693,21.039909252927433,1
14329,35,19,6892.78,16.29498817966903,3921,9.26950354609929,362.7778947368421,265,26.944444444444443,496,United Kingdom,3.546099290780142,14.254633855444629,6892.78,5062.102012072434,35.631238270629446,0
14330,431,1,200.63,15.433076923076923,103,7.923076923076923,200.63,13,0.0,0,United Kingdom,0.0,3.3866102564102563,200.63,73229.95,9.111578358105648,1
14332,189,2,1077.2,29.113513513513514,412,11.135135135135135,538.6,31,35.0,35,United Kingdom,0.0,1.786088588588589,1077.2,10921.611111111111,24.05760283903439,0
14334,11,11,3419.0,16.842364532019705,2400,11.822660098522167,310.8181818181818,137,35.8,365,United Kingdom,0.9852216748768473,9.644826508315852,3419.0,3409.658469945355,36.01347555239827,0
14336,6,3,1114.39,18.887966101694918,989,16.76271186440678,371.46333333333337,53,38.0,77,United Kingdom,0.0,2.4082185271770893,1114.39,5214.7737179487185,35.33233850040505,1
14337,539,1,-658.63,-18.295277777777777,-393,-10.916666666666666,-658.63,36,0.0,0,United Kingdom,100.0,2.263034285714286,-658.63,-240399.95,2.4471944015514615,1
14338,4,2,919.85,18.772448979591836,621,12.673469387755102,459.925,43,340.0,340,United Kingdom,0.0,8.52900824829932,919.85,984.5901759530792,35.33886656784254,0
14339,42,5,600.66,22.246666666666666,438,16.22222222222222,120.13199999999999,22,48.25,194,United Kingdom,14.814814814814813,1.5219717948717955,600.66,1124.3123076923075,33.29110569272408,1
14340,26,1,134.7,22.45,58,9.666666666666666,134.7,6,0.0,0,United Kingdom,0.0,4.573666666666667,134.7,49165.49999999999,33.83140707454449,1
14341,23,16,2964.34,16.11054347826087,1831,9.951086956521738,185.27125,126,36.92857142857143,523,United Kingdom,1.0869565217391304,4.836168873247801,2964.34,2064.855152671756,35.740831025584775,0
14342,14,6,483.78000000000003,21.03391304347826,263,11.434782608695652,80.63000000000001,19,52.8,266,United Kingdom,17.391304347826086,18.09471185770751,483.78000000000003,661.347191011236,35.09035526337616,0
14343,229,4,1079.66,4.613931623931625,626,2.675213675213675,269.915,193,89.0,268,United Kingdom,0.0,3.6405676460878182,1079.66,1464.9661710037176,21.814808575276853,1
14344,14,18,2749.0,13.47549019607843,1402,6.872549019607843,152.72222222222223,124,24.11764705882353,419,United Kingdom,0.0,14.800900347725296,2749.0,2389.0119047619046,36.47149884285319,0
14346,105,4,1556.61,15.11271844660194,1377,13.368932038834952,389.1525,88,66.33333333333333,200,United Kingdom,0.0,9.567039310869983,1556.61,2826.679850746268,29.424413596027033,0
14347,544,1,82.6,13.766666666666666,48,8.0,82.6,6,0.0,0,United Kingdom,0.0,7.317666666666668,82.6,30148.999999999996,2.2031718398082325,1
14348,68,1,409.57,22.753888888888888,183,10.166666666666666,409.57,18,0.0,0,United Kingdom,0.0,6.1882771241830055,409.57,149493.05,31.29000956805938,1
14350,78,4,947.8,15.287096774193548,526,8.483870967741936,236.95,56,52.666666666666664,159,United Kingdom,4.838709677419355,33.95133942358541,947.8,2162.16875,31.022475776164303,1
14352,42,2,845.32,22.245263157894737,410,10.789473684210526,422.66,35,38.0,38,United Kingdom,0.0,17.629621123755335,845.32,7911.328205128205,33.01280785421144,0
14353,23,3,376.5,15.06,344,13.76,125.5,18,108.0,216,United Kingdom,0.0,3.633508333333333,376.5,633.2834101382489,34.23353561271464,1
14355,173,3,840.0500000000001,14.000833333333334,617,10.283333333333333,280.0166666666667,57,130.5,261,United Kingdom,0.0,3.4869765819209038,840.0500000000001,1170.2986641221376,25.11431702696149,1
14358,197,3,384.29999999999995,14.780769230769229,337,12.961538461538462,128.1,22,146.0,292,United Kingdom,3.8461538461538463,10.018279538461538,384.29999999999995,478.735494880546,23.611469292581294,1
14361,386,1,214.70999999999998,15.33642857142857,251,17.928571428571427,214.70999999999998,14,0.0,0,United Kingdom,0.0,13.310938461538463,214.70999999999998,78369.15,11.859994154113274,1
14363,210,2,227.47000000000003,28.433750000000003,105,13.125,113.73500000000001,8,49.0,49,United Kingdom,0.0,16.60847857142857,227.47000000000003,1660.5310000000002,22.705361399420315,1
14364,8,2,1117.2,85.93846153846154,600,46.15384615384615,558.6,11,10.0,10,United Kingdom,0.0,8.075380769230769,1117.2,37070.72727272727,35.11096800487635,0
14365,202,2,634.68,12.44470588235294,557,10.92156862745098,317.34,50,287.0,287,United Kingdom,0.0,4.548186352941178,634.68,804.36875,23.2273986124994,1
14366,333,1,136.0,136.0,16,16.0,136.0,1,0.0,0,United Kingdom,0.0,0.0,136.0,49640.0,15.089145715938626,1
14367,20,8,2737.41,13.895482233502538,1318,6.690355329949239,342.17625,134,9.0,64,United Kingdom,3.5532994923857872,8.101901553921058,2737.41,15371.609999999999,35.10921623338341,0
14368,127,1,155.0,19.375,36,4.5,155.0,8,0.0,0,United Kingdom,0.0,18.393571428571423,155.0,56575.0,27.667027747247133,1
14369,450,2,469.13,18.04346153846154,255,9.807692307692308,234.565,24,19.0,19,United Kingdom,0.0,6.878486153846154,469.13,8561.6225,8.073308562896027,1
14370,258,9,1092.13,22.288367346938777,257,5.244897959183674,121.3477777777778,37,28.0,226,United Kingdom,10.204081632653061,32.241566666666664,1092.13,1756.068061674009,20.542899300730728,1
14371,103,1,100.5,25.125,34,8.5,100.5,4,0.0,0,United Kingdom,0.0,2.7225,100.5,36682.5,29.12772735469711,1
14372,251,3,830.1800000000001,21.28666666666667,376,9.64102564102564,276.7266666666667,37,141.0,282,United Kingdom,2.564102564102564,18.290040620782733,830.1800000000001,1070.726855123675,20.351596974487794,1
14373,166,1,76.55,19.1375,17,4.25,76.55,4,0.0,0,United Kingdom,0.0,102.80916666666667,76.55,27940.75,25.279595169219444,1
14374,349,1,108.0,15.428571428571429,20,2.857142857142857,108.0,7,0.0,0,United Kingdom,0.0,24.573928571428567,108.0,39420.0,14.110031858091014,1
14375,258,2,871.26,6.268057553956835,463,3.3309352517985613,435.63,128,91.0,91,United Kingdom,0.0,13.84052947554999,871.26,3456.629347826087,19.82813738648217,0
14376,491,1,215.46,11.97,50,2.7777777777777777,215.46,17,0.0,0,United Kingdom,0.0,5.83914117647059,215.46,78642.90000000001,5.449799696027757,1
14377,70,1,314.6,78.65,124,31.0,314.6,4,0.0,0,United Kingdom,0.0,17.179999999999996,314.6,114829.00000000001,31.160064649066438,0
14378,429,1,131.25,14.583333333333334,57,6.333333333333333,131.25,9,0.0,0,United Kingdom,0.0,13.326527777777775,131.25,47906.25,9.227947491383782,1
14379,103,3,1028.04,10.384242424242425,548,5.5353535353535355,342.68,75,92.0,184,United Kingdom,0.0,17.092137250051533,1028.04,2028.2951351351348,29.403349818607087,1
14380,411,2,-99.72999999999999,-49.864999999999995,0,0.0,-49.864999999999995,2,78.0,78,United Kingdom,50.0,4973.0364500000005,-99.72999999999999,-460.7778481012658,10.407271461270211,1
14381,259,1,423.26,7.5582142857142856,303,5.410714285714286,423.26,56,0.0,0,United Kingdom,0.0,0.8451254220779222,423.26,154489.9,19.630578741123742,1
14382,198,2,572.19,3.7155194805194807,435,2.824675324675325,286.095,138,0.0,0,United Kingdom,0.6493506493506493,3.351496311858078,572.19,208849.35,23.46643700182092,1
14384,308,1,58.5,19.5,30,10.0,58.5,3,0.0,0,United Kingdom,0.0,0.0,58.5,21352.5,16.608995517864642,1
14386,104,1,142.4,20.342857142857145,54,7.714285714285714,142.4,7,0.0,0,United Kingdom,0.0,9.415595238095241,142.4,51976.0,29.07013835492755,1
14388,11,14,4277.65,15.009298245614033,2978,10.449122807017543,305.5464285714285,130,36.84615384615385,485,United Kingdom,3.1578947368421053,9.567657726711143,4277.65,3212.6383744855966,36.382909990466764,0
14389,126,7,808.8100000000001,13.045322580645163,623,10.048387096774194,115.54428571428572,37,68.0,410,United Kingdom,32.25806451612903,2.225947858276044,808.8100000000001,718.2862530413626,28.379099332138228,0
14390,19,9,2525.44,8.987330960854093,1123,3.99644128113879,280.6044444444444,150,26.5,214,United Kingdom,1.0676156583629894,11.731476209964407,2525.44,4287.3748837209305,35.252259446443674,0
14391,384,1,135.6,9.685714285714285,168,12.0,135.6,14,0.0,0,United Kingdom,0.0,0.007252747252747253,135.6,49494.0,11.975559561227705,1
14392,240,1,266.4,19.02857142857143,114,8.142857142857142,266.4,14,0.0,0,United Kingdom,0.0,4.981703296703295,266.4,97235.99999999999,20.777572811040063,1
14393,26,1,67.95,13.59,13,2.6,67.95,5,0.0,0,United Kingdom,0.0,1.383,67.95,24801.75,33.825893331335095,1
14394,372,1,93.8,15.633333333333333,58,9.666666666666666,93.8,6,0.0,0,United Kingdom,0.0,8.470000000000002,93.8,34237.0,12.704707492837386,1
14395,30,18,5926.61,10.130957264957264,3006,5.138461538461539,329.25611111111107,254,21.88235294117647,377,United Kingdom,0.5128205128205128,6.545991091207123,5926.61,5722.784788359788,35.757177649716546,0
14396,179,6,1591.74,7.579714285714286,773,3.6809523809523808,265.29,167,72.8,366,United Kingdom,0.0,5.781763189792665,1591.74,1583.0656675749317,25.108615893131475,1
14397,6,2,242.24,17.302857142857142,224,16.0,121.12,11,15.0,15,United Kingdom,0.0,7.551674725274727,242.24,5526.1,35.160793898384874,0
14398,209,2,707.79,13.354528301886791,267,5.037735849056604,353.895,50,126.0,126,United Kingdom,0.0,6.605078519593611,707.79,2034.1996062992125,22.806087282767532,1
14399,202,9,2093.21,10.734410256410257,957,4.907692307692308,232.57888888888888,120,34.625,280,United Kingdom,1.5384615384615385,3.9737052233677,2093.21,2718.938256227758,24.04439482518295,1
14400,208,3,1143.3,22.41764705882353,1243,24.372549019607842,381.09999999999997,47,115.0,230,United Kingdom,5.88235294117647,2.089320313725491,1143.3,1806.5129870129867,23.00261421797337,0
14401,123,13,3215.54,30.05177570093458,2342,21.88785046728972,247.34923076923076,79,33.666666666666664,410,United Kingdom,2.803738317757009,5.804113383882916,3215.54,2855.6498783454986,29.358067304996215,0
14402,460,1,285.6,35.7,240,30.0,285.6,8,0.0,0,United Kingdom,0.0,0.0342857142857143,285.6,104244.00000000001,7.3481453556014715,1
14403,25,7,1322.96,44.09866666666667,610,20.333333333333332,188.99428571428572,20,69.83333333333333,422,United Kingdom,26.666666666666668,12.02105333333333,1322.96,1141.5612293144209,34.587625776413255,0
14404,67,12,1874.39,14.093157894736843,1023,7.69172932330827,156.19916666666668,90,41.45454545454545,459,United Kingdom,1.5037593984962405,52.86050832763726,1874.39,1487.2877173913043,32.5665853642483,0
14405,194,1,195.0,97.5,100,50.0,195.0,2,0.0,0,United Kingdom,0.0,0.0,195.0,71175.0,23.579977772673953,1
14407,7,4,972.98,26.296756756756757,414,11.18918918918919,243.245,33,25.333333333333332,77,United Kingdom,5.405405405405405,27.731569969969964,972.98,4553.047435897436,35.35911005160272,0
14408,46,6,2208.88,58.12842105263158,1206,31.736842105263158,368.1466666666667,13,98.4,493,United Kingdom,0.0,0.13243648648648648,2208.88,1632.067206477733,33.279251563115345,0
14409,126,7,1882.74,29.4178125,1352,21.125,268.96285714285716,52,41.0,248,United Kingdom,1.5625,2.1986873015873027,1882.74,2759.8397590361446,28.467809058653017,0
14410,14,10,2236.63,7.123025477707007,1130,3.5987261146496814,223.663,251,25.22222222222222,230,United Kingdom,4.45859872611465,4.055577205388577,2236.63,3534.069047619048,35.63315569728906,0
14411,118,1,1063.0,75.92857142857143,196,14.0,1063.0,14,0.0,0,United Kingdom,0.0,22.405673076923076,1063.0,366939.9750000006,28.29148172492431,1
14412,232,1,656.16,16.00390243902439,642,15.658536585365853,656.16,41,0.0,0,United Kingdom,0.0,0.558890975609756,656.16,239498.4,21.298168603609728,1
14413,170,4,764.52,7.96375,277,2.8854166666666665,191.13,93,108.33333333333333,326,United Kingdom,0.0,1211.3294459210529,764.52,853.3633027522936,25.39073070105057,1
14414,166,2,1119.55,38.6051724137931,511,17.620689655172413,559.775,28,16.0,16,United Kingdom,0.0,66.11382783251231,1119.55,24037.39705882353,25.465252475768835,0
14415,6,21,8372.52,9.150295081967213,4337,4.739890710382514,398.6914285714286,346,25.9,525,United Kingdom,2.73224043715847,9.19117032966244,8372.52,5809.828517110267,37.72292582334664,0
14417,195,1,524.65,4.484188034188034,543,4.641025641025641,524.65,106,0.0,0,United Kingdom,0.0,5.2682673445328625,524.65,191497.25,23.546157755803307,1
14419,60,3,509.99,6.374875,230,2.875,169.99666666666667,53,64.5,130,United Kingdom,0.0,3.4315391772151904,509.99,1420.964503816794,31.98571001425222,1
14420,204,5,1241.85,18.53507462686567,782,11.671641791044776,248.36999999999998,58,73.25,294,United Kingdom,4.477611940298507,15.560954002713702,1241.85,1536.5262711864405,23.45395995255321,1
14421,19,6,2098.69,24.690470588235296,1170,13.764705882352942,349.7816666666667,67,95.2,479,United Kingdom,1.1764705882352942,7.753586638655465,2098.69,1595.8788541666668,34.918501198519536,1
14422,75,16,6338.59,17.905621468926554,3328,9.401129943502825,396.161875,206,29.866666666666667,455,United Kingdom,0.847457627118644,9.213964718874537,6338.59,5073.652083333333,32.84495066782489,0
14423,26,4,914.9599999999999,57.184999999999995,418,26.125,228.73999999999998,12,158.0,476,United Kingdom,6.25,1.4180395833333335,914.9599999999999,700.1266247379453,34.19436627171135,1
14425,235,5,635.89,15.509512195121951,319,7.780487804878049,127.178,36,77.0,310,United Kingdom,4.878048780487805,2.4525937804878044,635.89,746.3017684887459,21.511354010036328,1
14426,84,17,8656.4,17.77494866529774,5155,10.585215605749486,509.2,384,22.6875,369,United Kingdom,2.2587268993839835,23.899746004343392,8656.4,8539.421621621621,32.58646042089024,0
14427,302,2,900.1800000000001,33.34,310,11.481481481481481,450.09000000000003,27,137.0,137,United Kingdom,0.0,3154.2059849002853,900.1800000000001,2380.9108695652176,17.14432357598908,1
14428,40,3,326.38,11.25448275862069,141,4.862068965517241,108.79333333333334,25,46.0,93,United Kingdom,3.4482758620689653,16.45918645320197,326.38,1267.3265957446808,33.19154451779013,1
14429,211,1,516.28,23.467272727272725,286,13.0,516.28,22,0.0,0,United Kingdom,0.0,3.3206123376623373,516.28,188442.19999999998,22.568665392775173,1
14430,319,5,956.4000000000001,23.910000000000004,408,10.2,191.28000000000003,33,23.75,95,United Kingdom,12.5,10.157044871794874,956.4000000000001,3636.3125,16.409623935554677,1
14431,106,5,2567.1,30.201176470588234,1196,14.070588235294117,513.42,72,96.75,389,United Kingdom,4.705882352941177,10.129040952380956,2567.1,2402.5423076923075,29.546335421425425,1
14433,273,1,280.7,3.7932432432432432,131,1.7702702702702702,280.7,72,0.0,0,United Kingdom,0.0,3.6380007404664947,280.7,102455.5,18.764102017779727,1
14435,309,1,90.42,30.14,282,94.0,90.42,3,0.0,0,United Kingdom,0.0,0.3605333333333334,90.42,33003.3,16.550582141207745,1
14436,361,1,182.64000000000001,91.32000000000001,168,84.0,182.64000000000001,2,0.0,0,United Kingdom,0.0,0.01804999999999999,182.64000000000001,66663.6,13.383596605537457,1
14437,173,6,850.84,19.78697674418605,414,9.627906976744185,141.80666666666667,34,43.0,217,United Kingdom,2.3255813953488373,8.732723477297895,850.84,1424.5715596330276,25.41371577487996,0
14438,114,1,131.9,14.655555555555557,82,9.11111111111111,131.9,9,0.0,0,United Kingdom,0.0,0.2327777777777777,131.9,48143.5,28.45877041403445,1
14439,127,5,9443.04,73.20186046511628,2244,17.3953488372093,1888.6080000000002,105,91.5,367,Greece,0.0,17.95059945494186,9443.04,9366.058695652175,28.8322566859387,1
14440,124,12,4698.16,44.3222641509434,1348,12.716981132075471,391.5133333333333,55,37.72727272727273,420,United Kingdom,1.8867924528301887,8.876580098831985,4698.16,4073.2266033254155,29.319983459861238,1
14441,63,13,3085.69,25.501570247933884,911,7.528925619834711,237.36076923076922,77,35.666666666666664,435,United Kingdom,4.132231404958678,39.46580865013774,3085.69,2583.20378440367,33.0103449821461,1
14442,6,11,5276.27,27.91677248677249,1421,7.518518518518518,479.6609090909091,129,48.8,492,Channel Islands,3.1746031746031744,135.32555795339414,5276.27,3906.366227180528,36.47214173555878,1
14443,113,6,1251.85,14.90297619047619,759,9.035714285714286,208.64166666666665,72,14.4,73,United Kingdom,5.952380952380952,3.01998432300631,1251.85,6174.66554054054,29.10984402461618,0
14444,264,1,120.44,10.94909090909091,172,15.636363636363637,120.44,11,0.0,0,United Kingdom,0.0,0.43882909090909095,120.44,43960.6,19.300314627354066,1
14445,263,1,221.65,6.9265625,83,2.59375,221.65,32,0.0,0,United Kingdom,0.0,1.9896144153225803,221.65,80902.25,19.36972492735877,1
14446,54,2,492.96999999999997,3.9437599999999997,493,3.944,246.48499999999999,113,140.0,140,United Kingdom,0.0,1.9930880903225805,492.96999999999997,1276.128014184397,32.251101991725626,1
14447,4,3,1149.53,15.327066666666667,655,8.733333333333333,383.1766666666667,63,101.5,204,United Kingdom,0.0,3.4448631711711717,1149.53,2046.7241463414632,35.4573412882187,1
14448,172,1,102.35000000000001,5.686111111111112,44,2.4444444444444446,102.35000000000001,18,0.0,0,United Kingdom,0.0,4.034158496732026,102.35000000000001,37357.75,24.915425957597765,1
14449,54,6,1745.07,5.16292899408284,1196,3.5384615384615383,290.84499999999997,211,37.4,189,United Kingdom,0.0,1.9200303276385784,1745.07,3352.3713157894736,32.75253902620627,1
14450,51,6,914.64,15.502372881355932,433,7.338983050847458,152.44,37,73.0,367,United Kingdom,0.0,2.9940586791350086,914.64,907.1836956521739,32.86709328765796,0
14451,2,17,2931.6,6.290987124463519,1529,3.281115879828326,172.4470588235294,218,30.8125,497,United Kingdom,1.502145922746781,4.4675799349300895,2931.6,2148.6626506024095,37.11968037643157,1
14452,203,2,399.9,5.7956521739130435,169,2.449275362318841,199.95,62,126.0,126,United Kingdom,0.0,5.336494032395567,399.9,1149.3188976377953,23.146955043873294,1
14454,184,6,970.7,8.745045045045046,396,3.5675675675675675,161.78333333333333,94,71.0,357,United Kingdom,0.9009009009009009,10.212433628173628,970.7,989.6801675977654,24.75206588626678,1
14455,240,5,584.37,7.304625,669,8.3625,116.874,66,15.5,63,United Kingdom,3.75,1.5007818829113921,584.37,3332.73515625,21.20184800366021,1
14457,118,1,113.64,28.41,88,22.0,113.64,4,0.0,0,United Kingdom,0.0,0.4704333333333334,113.64,41478.6,28.21306184098022,1
14458,188,1,228.07,4.852553191489362,317,6.74468085106383,228.07,46,0.0,0,United Kingdom,0.0,1.2918502312673454,228.07,83245.55,23.949009816696186,1
14459,341,2,3501.221,45.4704025974026,1542,20.025974025974026,1750.6105,76,118.0,118,United Kingdom,1.2987012987012987,25.04911313328777,3501.221,10739.039201680673,14.978224710408968,0
14460,118,10,515.26,15.613939393939393,904,27.393939393939394,51.525999999999996,23,45.55555555555556,413,United Kingdom,18.181818181818183,2.8910672348484856,515.26,454.2751207729468,29.14175920353814,0
14461,69,12,5334.18,10.238349328214971,2514,4.825335892514396,444.51500000000004,424,38.45454545454545,428,United Kingdom,0.19193857965451055,10.329017000590577,5334.18,4538.404895104895,32.730273910588934,0
14462,20,10,1160.82,6.274702702702703,507,2.7405405405405405,116.082,137,27.125,219,United Kingdom,2.7027027027027026,9.152975423031728,1160.82,1925.9059090909088,35.17799031103221,0
14463,13,2,372.87,93.2175,127,31.75,186.435,4,294.0,294,United Kingdom,0.0,20.71769166666666,372.87,461.3476271186441,34.744233887145946,0
14464,376,2,111.0,27.75,62,15.5,55.5,4,59.0,59,United Kingdom,0.0,5.562291666666667,111.0,675.25,12.561430505985124,1
14465,54,11,3925.85,20.34119170984456,2539,13.155440414507773,356.8954545454545,128,45.0,454,United Kingdom,0.0,4.8216531411917085,3925.85,3149.308241758242,33.43019020433448,1
14466,88,9,3030.4,19.059119496855345,1816,11.421383647798741,336.7111111111111,73,55.125,445,United Kingdom,0.0,10.174159469787437,3030.4,2480.035874439462,31.08151639160766,0
14467,120,9,1738.68,7.592489082969433,948,4.139737991266376,193.18666666666667,120,52.625,424,United Kingdom,0.0,3.361437688653949,1738.68,1493.2192941176472,29.021214627092814,1
14468,541,1,204.24,17.02,164,13.666666666666666,204.24,12,0.0,0,United Kingdom,0.0,18.67640833333333,204.24,74547.6,2.3963698390481594,1
14469,224,4,2093.46,14.437655172413793,973,6.710344827586207,523.365,120,87.0,263,United Kingdom,0.0,13.556894559386969,2093.46,2894.3670454545454,22.203801694994294,1
14470,95,2,548.49,10.547884615384616,227,4.365384615384615,274.245,48,142.0,142,United Kingdom,0.0,11.2883189668175,548.49,1399.991958041958,29.752635601377023,1
14471,399,2,400.95,9.779268292682927,187,4.560975609756097,200.475,38,141.0,141,United Kingdom,0.0,5.186937804878051,400.95,1030.6109154929577,11.181229811100579,1
14472,65,5,1521.81,6.5879220779220775,912,3.948051948051948,304.36199999999997,150,107.5,431,United Kingdom,0.0,10.24917071710898,1521.81,1285.7885416666666,31.963043944862278,0
14473,90,1,85.0,85.0,10,10.0,85.0,1,0.0,0,United Kingdom,0.0,0.0,85.0,31025.0,29.9200978034828,1
14474,387,1,711.23,7.257448979591837,308,3.142857142857143,711.23,97,0.0,0,United Kingdom,0.0,5.757283904902167,711.23,259598.95,11.839958082251634,1
14475,110,3,510.3,20.412,222,8.88,170.1,22,53.0,106,United Kingdom,12.0,9.457566666666665,510.3,1740.7429906542054,28.933232568646474,0
14476,65,1,193.0,11.352941176470589,110,6.470588235294118,193.0,17,0.0,0,United Kingdom,0.0,7.106544117647059,193.0,70445.0,31.45527044234278,1
14477,105,6,817.8,116.82857142857142,496,70.85714285714286,136.29999999999998,3,83.6,419,United Kingdom,28.57142857142857,0.01285714285714286,817.8,710.7071428571428,29.56239072664908,0
14478,190,4,1276.66,18.774411764705885,1226,18.029411764705884,319.165,59,118.33333333333333,356,United Kingdom,0.0,9.122959679543461,1276.66,1305.2686274509804,24.212033726450212,1
14479,61,4,1124.71,8.091438848920864,562,4.043165467625899,281.1775,127,159.33333333333334,479,United Kingdom,0.0,6.80435379001147,1124.71,855.2482291666666,32.074940092085356,1
14480,210,4,1016.22,19.173962264150944,526,9.924528301886792,254.055,43,104.66666666666667,315,United Kingdom,1.8867924528301887,5.532067271407839,1016.22,1173.798417721519,22.969519407599492,1
14481,95,5,1574.87,11.841127819548872,1312,9.864661654135338,314.974,107,97.0,390,United Kingdom,0.7518796992481203,1055.0796485418086,1574.87,1470.147186700767,30.135925022943823,0
14482,47,9,2356.35,19.002822580645162,1267,10.21774193548387,261.81666666666666,99,28.75,231,United Kingdom,1.6129032258064515,3.049386329661684,2356.35,3707.188577586207,33.52889041360712,1
14483,89,2,257.1,19.77692307692308,193,14.846153846153847,128.55,13,455.0,455,United Kingdom,0.0,0.5926397435897436,257.1,205.79276315789477,30.094866310242413,0
14484,209,3,749.0600000000001,19.206666666666667,534,13.692307692307692,249.6866666666667,37,160.0,321,United Kingdom,0.0,2.187263157894737,749.0600000000001,849.0897515527951,22.908998791786672,1
14486,319,2,175.5,29.25,90,15.0,87.75,4,41.0,41,United Kingdom,0.0,0.0,175.5,1525.1785714285716,16.046611872535316,1
14487,176,3,213.14000000000001,5.074761904761905,85,2.0238095238095237,71.04666666666667,32,5.0,10,United Kingdom,2.380952380952381,9.033630255516846,213.14000000000001,7072.372727272728,24.87938226320607,1
14489,15,4,1574.93,15.7493,1011,10.11,393.7325,65,134.66666666666666,405,United Kingdom,0.0,7.114791959595959,1574.93,1415.8853448275863,34.92043237556018,1
14490,214,2,1273.47,15.918375000000001,933,11.6625,636.735,72,22.0,22,United Kingdom,0.0,2.4984182120253164,1273.47,20209.415217391306,22.547563782890837,1
14491,180,1,127.2,31.8,40,10.0,127.2,4,0.0,0,United Kingdom,0.0,6.960000000000001,127.2,46428.0,24.429078151126163,0
14492,238,10,1574.3600000000001,15.138076923076925,639,6.144230769230769,157.436,70,20.555555555555557,188,United Kingdom,11.538461538461538,8.94838527819268,1574.3600000000001,3040.430687830688,21.903236603119826,1
14493,198,7,2630.92,11.054285714285715,1857,7.802521008403361,375.8457142857143,204,41.333333333333336,251,United Kingdom,1.2605042016806722,34.6331747065915,2630.92,3810.6579365079365,24.134006496672626,0
14494,209,2,261.9,26.189999999999998,118,11.8,130.95,10,329.0,329,United Kingdom,0.0,0.6862933333333333,261.9,289.67727272727274,22.769255478128795,1
14495,455,2,42.5,21.25,5,2.5,21.25,1,12.0,12,United Kingdom,50.0,0.0,42.5,1193.2692307692307,7.732817384755492,0
14496,119,10,2341.54,21.482018348623853,894,8.20183486238532,234.154,64,35.111111111111114,321,United Kingdom,2.7522935779816518,17.809610567448175,2341.54,2654.230124223602,29.231565156697034,1
14497,109,3,679.16,16.17047619047619,330,7.857142857142857,226.38666666666666,40,185.5,372,United Kingdom,4.761904761904762,12.603512891986059,679.16,664.593565683646,29.008230954465635,1
14498,169,6,2109.73,11.103842105263158,1092,5.747368421052632,351.62166666666667,154,37.0,188,United Kingdom,0.0,19.546243163464215,2109.73,4074.3462962962963,25.76190397696591,0
14499,86,8,1397.8700000000001,8.420903614457831,796,4.795180722891566,174.73375000000001,119,26.571428571428573,190,United Kingdom,1.8072289156626504,3.5744536546184746,1397.8700000000001,2671.322251308901,30.969262322750414,0
14501,127,1,66.93,16.7325,45,11.25,66.93,4,0.0,0,United Kingdom,0.0,6.771225000000001,66.93,24429.45,27.659752910326517,0
14502,42,8,961.69,4.109786324786325,426,1.8205128205128205,120.21125,176,10.857142857142858,78,United Kingdom,1.282051282051282,8.301012165731265,961.69,4443.251265822785,33.61943527842018,0
14504,51,3,542.71,5.653229166666667,263,2.7395833333333335,180.90333333333334,81,17.0,35,United Kingdom,0.0,9.311881008771927,542.71,5502.476388888889,32.537863330411554,1
14505,12,23,8937.97,7.417402489626555,3853,3.1975103734439836,388.6073913043478,739,23.5,525,United Kingdom,1.4107883817427387,8.238293672957353,8937.97,6202.203517110266,37.60233823887853,0
14506,91,4,1553.76,8.353548387096774,445,2.39247311827957,388.44,133,104.66666666666667,316,United Kingdom,0.0,7.994425623365307,1553.76,1789.0296529968455,30.2788790324785,0
14507,23,11,2352.23,10.316798245614034,1190,5.219298245614035,213.8390909090909,176,51.1,513,United Kingdom,4.385964912280701,10.043153742561248,2352.23,1670.3578793774318,35.19275653000753,1
14508,184,4,536.02,4.357886178861788,205,1.6666666666666667,134.005,100,54.666666666666664,164,United Kingdom,0.8130081300813009,7.203873104091696,536.02,1185.741212121212,24.517155084951266,1
14509,342,1,110.95,4.438,38,1.52,110.95,25,0.0,0,United Kingdom,0.0,7.225958333333332,110.95,40496.75,14.537625963980283,1
14510,183,4,964.55,12.691447368421052,787,10.355263157894736,241.1375,67,20.0,60,United Kingdom,1.3157894736842104,4.991529877192983,964.55,5771.487704918032,24.613602964391152,1
14512,40,6,1067.01,15.243,664,9.485714285714286,177.835,53,99.6,500,United Kingdom,0.0,10.48570807453416,1067.01,777.3625748502993,33.55123016224706,0
14513,14,6,632.67,26.36125,395,16.458333333333332,105.445,15,71.6,361,United Kingdom,25.0,2.4980201086956524,632.67,637.9131215469613,35.102654008341645,1
14514,9,9,3788.7,13.06448275862069,1970,6.793103448275862,420.96666666666664,198,58.111111111111114,525,United Kingdom,0.3448275862068966,4.674632363679748,3788.7,2629.0408745247146,35.96710898947906,1
14515,26,10,2042.21,21.496947368421054,950,10.0,204.221,67,36.55555555555556,331,United Kingdom,4.2105263157894735,5.782154602463607,2042.21,2245.200753012048,34.884495309935225,0
14516,324,1,151.17,4.3191428571428565,63,1.8,151.17,35,0.0,0,United Kingdom,0.0,3.617576470588236,151.17,55177.049999999996,15.639849351299086,1
14519,491,2,203.14,5.34578947368421,81,2.1315789473684212,101.57,38,45.0,45,United Kingdom,0.0,3.1388077524893307,203.14,1611.8717391304347,5.548284515929425,1
14520,98,1,165.0,165.0,100,100.0,165.0,1,0.0,0,United Kingdom,0.0,0.0,165.0,60225.0,29.43830554664413,1
14521,285,2,167.65,8.3825,203,10.15,83.825,17,13.0,13,United Kingdom,15.0,8.578605263157893,167.65,4370.875,18.12166551551539,1
14522,6,5,1052.51,30.071714285714286,599,17.114285714285714,210.502,27,121.0,486,United Kingdom,0.0,5.4844526050420175,1052.51,788.8421971252567,35.52623200841636,1
14524,44,8,1819.76,7.743659574468085,809,3.442553191489362,227.47,193,25.285714285714285,180,United Kingdom,0.0,10.982472940534647,1819.76,3669.681767955801,33.568214222023165,0
14525,43,13,4952.21,16.90174061433447,3212,10.96245733788396,380.9392307692308,184,40.333333333333336,490,United Kingdom,0.6825938566552902,5.373767766141476,4952.21,3681.3781059063135,34.38552615783187,0
14526,197,1,258.65,6.308536585365853,178,4.341463414634147,258.65,41,0.0,0,United Kingdom,0.0,2.9647324390243908,258.65,94407.24999999999,23.40208526376014,1
14527,7,145,20609.07,9.414833257195067,5213,2.3814527181361353,142.1315172413793,543,3.3402777777777777,538,United Kingdom,5.070808588396528,25.67092921604867,20609.07,13956.049257884972,51.01095866898001,0
14530,70,15,4189.62,12.469107142857142,2083,6.199404761904762,279.308,205,29.928571428571427,424,United Kingdom,1.1904761904761905,12.832410937277901,4189.62,3598.1442352941176,32.873187343270516,0
14531,287,1,376.34,12.977241379310344,260,8.96551724137931,376.34,29,0.0,0,United Kingdom,0.0,5.961475862068965,376.34,137364.09999999998,17.917301303911024,1
14532,44,12,3833.03,12.168349206349207,1110,3.5238095238095237,319.4191666666667,209,41.63636363636363,462,United Kingdom,0.31746031746031744,9.761335622282884,3833.03,3021.7191144708427,34.132526101727684,1
14533,160,7,1806.0,46.30769230769231,2546,65.28205128205128,258.0,32,42.5,257,United Kingdom,5.128205128205128,19.59514466936572,1806.0,2555.0,26.385768036825265,0
14534,7,22,3390.85,8.39319306930693,1582,3.9158415841584158,154.12954545454545,283,20.285714285714285,434,United Kingdom,1.7326732673267329,10.126019995454877,3390.85,2845.195977011494,37.34987788830177,0
14535,56,8,3836.26,6.447495798319328,1830,3.0756302521008405,479.5325,437,57.142857142857146,404,United Kingdom,0.6722689075630253,6.83142068415245,3836.26,3457.3701234567907,33.0021822262275,0
14536,67,1,170.95,9.497222222222222,39,2.1666666666666665,170.95,18,0.0,0,United Kingdom,0.0,12.012785947712418,170.95,62396.74999999999,31.331348926418432,1
14537,414,2,279.89,19.992142857142856,107,7.642857142857143,139.945,13,16.0,16,United Kingdom,7.142857142857142,9.944553846153847,279.89,6009.40294117647,10.255478988938744,1
14538,64,4,1089.0900000000001,30.252500000000005,159,4.416666666666667,272.27250000000004,30,141.66666666666666,426,United Kingdom,0.0,131.8263475396825,1089.0900000000001,930.9551522248245,31.888847593832278,1
14540,117,10,2942.98,14.356,1304,6.360975609756098,294.298,149,46.55555555555556,423,United Kingdom,0.4878048780487805,10.00138968436155,2942.98,2533.4615566037737,29.403345963678902,1
14541,22,12,2043.48,12.384727272727273,979,5.933333333333334,170.29,99,43.81818181818182,487,United Kingdom,0.0,3.208618381374722,2043.48,1528.4225409836065,35.32780543493589,0
14543,22,39,10669.23,46.590524017467246,1843,8.048034934497817,273.57,96,13.31578947368421,524,United Kingdom,19.65065502183406,25.783930617482564,10669.23,7417.655142857143,38.72688451654435,0
14544,169,2,2036.0,15.661538461538461,1712,13.169230769230769,1018.0,111,108.0,108,United Kingdom,0.0,4.045457388193202,2036.0,6817.798165137615,25.357803715303998,1
14545,482,1,349.25,15.184782608695652,236,10.26086956521739,349.25,23,0.0,0,United Kingdom,0.0,8.48813596837945,349.25,127476.25,6.010301686736501,1
14546,9,14,3362.62,5.99397504456328,1825,3.2531194295900177,240.18714285714285,318,40.46153846153846,531,United Kingdom,4.634581105169341,4.440433013750953,3362.62,2307.0607142857143,36.42942598599176,1
14548,125,8,2214.89,20.50824074074074,858,7.944444444444445,276.86125,66,59.142857142857146,415,United Kingdom,0.0,6.573553573901005,2214.89,1943.3530048076923,28.65579815868098,0
14549,119,4,913.6,6.388811188811189,394,2.7552447552447554,228.4,117,141.33333333333334,425,United Kingdom,0.0,4.570036215896779,913.6,782.7793427230047,28.516598254119128,1
14550,196,2,587.69,11.753800000000002,382,7.64,293.845,46,95.0,95,United Kingdom,0.0,10.016382204081633,587.69,2234.446354166667,23.58981746878615,1
14551,12,8,795.84,10.203076923076923,435,5.576923076923077,99.48,68,68.0,477,United Kingdom,2.564102564102564,9.886950932400934,795.84,607.7020920502092,35.43723741986542,1
14552,188,2,343.71,3.54340206185567,168,1.731958762886598,171.855,80,211.0,211,United Kingdom,0.0,2.0491218857388307,343.71,591.764858490566,24.058064502980983,0
14553,26,7,1246.15,5.796046511627908,805,3.744186046511628,178.02142857142857,169,48.0,290,United Kingdom,0.46511627906976744,5.560381221473595,1246.15,1563.0403780068727,34.5202309870349,1
14555,110,6,2168.68,19.023508771929823,807,7.078947368421052,361.44666666666666,94,83.4,419,United Kingdom,1.7543859649122806,6.256732619158518,2168.68,1884.6861904761904,29.368727019551628,1
14556,404,3,815.69,4.161683673469388,323,1.6479591836734695,271.8966666666667,158,45.5,92,United Kingdom,0.0,4.597699871794872,815.69,3201.363978494624,11.00974071788682,1
14558,461,5,614.1,36.12352941176471,158,9.294117647058824,122.82000000000001,13,20.75,85,United Kingdom,11.76470588235294,28.891838235294117,614.1,2606.3546511627906,7.712240295650882,1
14559,198,1,75.6,37.8,72,36.0,75.6,2,0.0,0,United Kingdom,0.0,0.08000000000000003,75.6,27593.999999999996,23.325914742867695,1
14560,4,32,5098.3099999999995,31.08725609756097,3554,21.670731707317074,159.32218749999998,51,18.275862068965516,541,United Kingdom,0.6097560975609756,19.473781307047734,5098.3099999999995,3433.3637453874535,38.6690940853556,0
14562,40,11,2521.98,9.37539033457249,1195,4.442379182156134,229.2709090909091,157,43.3,438,United Kingdom,0.0,6.073573764079232,2521.98,2096.8626423690207,34.16892733350172,0
14563,317,2,640.54,6.042830188679245,279,2.6320754716981134,320.27,95,82.0,82,United Kingdom,0.0,15.833583899371066,640.54,2816.832530120482,16.207125644704288,1
14564,235,5,2519.32,22.29486725663717,1284,11.36283185840708,503.86400000000003,108,76.5,308,Channel Islands,5.3097345132743365,13.114411125158028,2519.32,2975.8957928802593,21.666930779667254,1
14565,11,4,2627.15,23.45669642857143,1294,11.553571428571429,656.7875,104,89.66666666666667,270,United Kingdom,0.8928571428571428,25.857232360038598,2627.15,3538.4123616236166,35.251549037435126,0
14566,225,3,2660.0,221.66666666666666,1600,133.33333333333334,886.6666666666666,8,58.0,116,Channel Islands,0.0,0.006060606060606073,2660.0,8298.2905982906,22.090046990244943,0
14568,232,2,909.5,18.947916666666668,633,13.1875,454.75,47,10.0,10,Channel Islands,2.083333333333333,2.9681283244680867,909.5,30178.86363636364,21.418597708470305,1
14569,260,3,369.94,16.815454545454546,178,8.090909090909092,123.31333333333333,21,75.0,150,United Kingdom,0.0,4.440984632034631,369.94,894.2258278145696,19.764129268862106,1
14570,88,3,613.75,9.025735294117647,431,6.338235294117647,204.58333333333334,64,81.0,162,United Kingdom,0.0,9.775210272168568,613.75,1374.3481595092026,30.284879181186188,1
14571,233,1,160.0,5.333333333333333,56,1.8666666666666667,160.0,30,0.0,0,United Kingdom,0.0,5.384094827586209,160.0,58400.0,21.196134290413276,1
14572,62,9,3767.9700000000003,10.796475644699141,1917,5.492836676217765,418.66333333333336,251,45.625,367,United Kingdom,0.5730659025787965,8.566128635180968,3767.9700000000003,3737.25285326087,32.72974339582237,0
14573,8,15,1838.9,6.341034482758621,589,2.0310344827586206,122.59333333333333,177,38.07692307692308,499,United Kingdom,2.0689655172413794,18.674102351748,1838.9,1342.3970000000002,36.46411485216185,0
14574,540,1,143.70000000000002,13.063636363636364,63,5.7272727272727275,143.70000000000002,11,0.0,0,United Kingdom,0.0,5.119136363636364,143.70000000000002,52450.50000000001,2.4524191208638144,1
14575,296,1,420.22,5.836388888888889,163,2.263888888888889,420.22,71,0.0,0,United Kingdom,0.0,5.964965708137718,420.22,153380.30000000002,17.371475369472133,1
14576,180,1,35.400000000000006,35.400000000000006,12,12.0,35.400000000000006,1,0.0,0,United Kingdom,0.0,0.0,35.400000000000006,12921.000000000002,24.421495205408977,1
14577,40,5,972.45,8.036776859504133,407,3.3636363636363638,194.49,80,123.75,495,United Kingdom,0.0,1.3184773415977962,972.45,715.6134072580645,33.4439167449788,0
14579,240,1,105.56,4.2224,56,2.24,105.56,24,0.0,0,United Kingdom,0.0,2.8035333333333328,105.56,38529.4,20.76428696148503,1
14580,326,1,14.850000000000001,14.850000000000001,3,3.0,14.850000000000001,1,0.0,0,United Kingdom,0.0,0.0,14.850000000000001,5420.250000000001,15.506488802617627,1
14581,352,1,271.05,6.303488372093024,87,2.0232558139534884,271.05,43,0.0,0,United Kingdom,0.0,8.410968992248062,271.05,98933.25,13.940350076892758,1
14583,13,4,809.31,3.8175,401,1.8915094339622642,202.3275,177,138.0,415,United Kingdom,0.0,5.243341328355544,809.31,710.0917067307691,34.97929006955582,0
14584,5,6,1179.9,6.859883720930233,762,4.430232558139535,196.65,114,92.2,463,United Kingdom,0.0,5.2769468074255395,1179.9,928.1540948275862,35.69730733976186,0
14585,190,4,986.22,12.027073170731708,539,6.573170731707317,246.555,64,10.666666666666666,34,United Kingdom,0.0,1.349414935260464,986.22,10284.865714285716,24.18804254176503,1
14586,35,3,134.16,4.9688888888888885,236,8.74074074074074,44.72,19,24.5,49,United Kingdom,29.629629629629626,0.21743361823361812,134.16,979.3679999999999,33.48091689465527,1
14587,21,8,1256.58,4.040450160771704,632,2.032154340836013,157.0725,156,16.571428571428573,118,United Kingdom,0.3215434083601286,4.536771449019806,1256.58,3854.2159663865546,34.92584532803726,0
14588,386,1,135.39,8.461875,62,3.875,135.39,16,0.0,0,United Kingdom,0.0,7.929139583333333,135.39,49417.35,11.853442092519733,1
14589,179,1,39.75,13.25,5,1.6666666666666667,39.75,3,0.0,0,United Kingdom,0.0,0.0,39.75,14508.75,24.482904589050218,1
14590,232,28,2871.04,13.291851851851852,878,4.064814814814815,102.53714285714285,124,11.0,307,United Kingdom,6.481481481481481,6.861259377691645,2871.04,3402.368831168831,24.167691266809317,1
14591,21,1,204.02,5.514054054054054,91,2.4594594594594597,204.02,33,0.0,0,United Kingdom,0.0,12.051360810810811,204.02,74467.3,34.14238341244311,1
14593,6,17,3291.13,6.186334586466166,1623,3.050751879699248,193.59588235294117,370,33.0625,531,United Kingdom,1.5037593984962405,8.470347825425153,3291.13,2258.0121240601507,36.905178350899085,1
14594,181,1,255.0,8.225806451612904,146,4.709677419354839,255.0,31,0.0,0,United Kingdom,0.0,5.176551612903228,255.0,93075.0,24.37858473999611,1
14595,121,3,587.6500000000001,15.06794871794872,326,8.35897435897436,195.88333333333335,30,187.0,374,United Kingdom,0.0,0.7014102564102567,587.6500000000001,571.9793333333334,28.268071230987132,1
14596,434,1,222.22000000000003,4.192830188679245,75,1.4150943396226414,222.22000000000003,50,0.0,0,United Kingdom,0.0,28.577186211901317,222.22000000000003,81110.3,8.93021157144821,1
14597,187,4,1318.3899999999999,27.466458333333332,870,18.125,329.59749999999997,41,19.0,58,United Kingdom,0.0,3.532826196808512,1318.3899999999999,8156.141525423728,24.398630928388826,0
14598,377,2,1.7763568394002505e-15,2.2204460492503132e-17,0,0.0,8.881784197001252e-16,40,0.0,0,United Kingdom,50.0,0.8810505696202533,1.7763568394002505e-15,6.483702463810914e-13,12.491211523643038,1
14599,198,2,457.89,5.796075949367088,292,3.6962025316455698,228.945,77,118.0,118,United Kingdom,0.0,4.051003537812399,457.89,1404.4525210084034,23.456995490976976,1
14600,113,2,865.1700000000001,16.02166666666667,487,9.018518518518519,432.58500000000004,53,87.0,87,United Kingdom,0.0,9.846749965059399,865.1700000000001,3588.489204545455,28.67989318711338,1
14602,464,1,205.35999999999999,6.624516129032258,80,2.5806451612903225,205.35999999999999,31,0.0,0,United Kingdom,0.0,6.5737316129032255,205.35999999999999,74956.4,7.097317055144725,1
14603,82,1,660.0,330.0,400,200.0,660.0,2,0.0,0,United Kingdom,0.0,1.6199999999999997,660.0,240900.0,30.455994956233855,1
14604,441,1,143.85999999999999,6.254782608695652,88,3.8260869565217392,143.85999999999999,20,0.0,0,United Kingdom,0.0,3.5409573122529636,143.85999999999999,52508.899999999994,8.496388381282982,1
14605,182,4,921.5600000000001,8.532962962962964,416,3.8518518518518516,230.39000000000001,88,118.66666666666667,357,United Kingdom,0.0,12.25414713568709,921.5600000000001,939.5793296089387,24.67110192700568,1
14606,2,198,24172.68,4.7056024917266885,12308,2.3959509441308158,122.08424242424242,1182,2.3838383838383836,542,United Kingdom,1.7909285575238465,9.399535373545243,24172.68,16248.670718232044,56.88420531597645,0
14607,69,11,7884.96,61.60125,3998,31.234375,716.8145454545455,77,46.1,463,United Kingdom,2.34375,28.705715889517705,7884.96,6202.608620689655,32.84147323431741,1
14608,170,9,1692.29,67.6916,528,21.12,188.03222222222223,10,46.0,371,United Kingdom,4.0,4.494764333333333,1692.29,1660.4458333333332,25.964879626312854,1
14609,104,8,908.64,82.60363636363637,5694,517.6363636363636,113.58,6,52.57142857142857,372,United Kingdom,9.090909090909092,0.043207272727272726,908.64,889.1517426273458,29.829949409761962,0
14610,203,2,24.35,2.435,15,1.5,12.175,10,118.0,118,United Kingdom,0.0,2.3071111111111113,24.35,74.68697478991598,23.11593352683529,1
14611,247,3,599.38,15.368717948717949,581,14.897435897435898,199.79333333333332,37,79.0,159,United Kingdom,2.564102564102564,9.488720782726048,599.38,1367.3356250000002,20.57673247063219,1
14612,223,1,877.7,62.69285714285714,134,9.571428571428571,877.7,14,0.0,0,United Kingdom,0.0,18.178736263736262,877.7,320360.5,21.86591899831284,1
14613,488,1,76.32000000000001,76.32000000000001,72,72.0,76.32000000000001,1,0.0,0,United Kingdom,0.0,0.0,76.32000000000001,27856.800000000003,5.621456512434048,1
14614,194,1,295.13,15.533157894736842,189,9.947368421052632,295.13,19,0.0,0,United Kingdom,0.0,3.372591228070176,295.13,107722.45,23.588248800502512,1
14615,202,6,934.26,18.318823529411766,481,9.431372549019608,155.71,40,30.2,153,United Kingdom,5.88235294117647,11.86499349019608,934.26,2214.3175324675326,23.650154737889277,1
14616,50,5,527.78,105.556,170,34.0,105.556,3,75.75,306,United Kingdom,0.0,5.60888,527.78,627.4908794788273,32.79668510537076,1
14617,210,2,190.47000000000003,21.163333333333338,81,9.0,95.23500000000001,7,13.0,13,United Kingdom,0.0,1.7119000000000004,190.47000000000003,4965.825000000001,22.702305092322973,1
14618,145,7,968.88,23.068571428571428,528,12.571428571428571,138.41142857142856,35,34.333333333333336,209,United Kingdom,4.761904761904762,18.101109930313587,968.88,1684.0057142857142,27.232370417513323,1
14619,47,3,1276.31,20.585645161290323,587,9.46774193548387,425.43666666666667,58,150.5,302,United Kingdom,3.225806451612903,12.414854389212058,1276.31,1537.4691419141916,32.84266105803366,1
14620,12,3,393.28000000000003,13.109333333333334,188,6.266666666666667,131.09333333333333,26,39.5,79,United Kingdom,13.333333333333334,6.9103771264367815,393.28000000000003,1794.3400000000001,34.9064723608354,1
14621,166,11,1418.21,14.1821,814,8.14,128.92818181818183,79,37.5,379,United Kingdom,17.0,4.894829282828283,1418.21,1362.2280263157895,26.38544504430669,0
14623,43,7,1314.11,7.180928961748633,708,3.8688524590163933,187.73,134,60.666666666666664,366,United Kingdom,1.092896174863388,7.51059879901519,1314.11,1306.9486376021798,33.48799364189563,0
14624,223,4,588.22,15.479473684210527,483,12.710526315789474,147.055,30,62.666666666666664,189,United Kingdom,0.0,6.934436486486489,588.22,1130.0015789473684,22.140514575092975,1
14625,4,16,4442.68,16.273553113553113,2146,7.86080586080586,277.6675,167,35.0,532,United Kingdom,2.564102564102564,10.470091373087689,4442.68,3042.3606003752348,37.02289734862465,0
14626,34,10,3187.1,22.444366197183097,2149,15.133802816901408,318.71,112,55.44444444444444,503,United Kingdom,2.112676056338028,6.747701013884727,3187.1,2308.1180555555557,34.490666049444854,0
14627,119,3,406.40000000000003,10.42051282051282,269,6.897435897435898,135.46666666666667,32,208.0,416,United Kingdom,25.64102564102564,3.043321862348178,406.40000000000003,355.7218225419665,28.37519957845501,1
14628,50,4,1657.6200000000001,22.400270270270273,981,13.256756756756756,414.40500000000003,60,146.33333333333334,441,United Kingdom,0.0,11.351386301369866,1657.6200000000001,1368.8490950226246,32.79051067215613,1
14630,292,1,338.65,16.126190476190477,111,5.285714285714286,338.65,21,0.0,0,United Kingdom,0.0,14.01422619047619,338.65,123607.24999999999,17.60893769556616,1
14631,43,6,1646.27,21.66144736842105,1125,14.802631578947368,274.37833333333333,55,49.6,252,United Kingdom,1.3157894736842104,22.968567912280697,1646.27,2375.053557312253,33.4159285317781,1
14632,70,1,114.56,14.32,96,12.0,114.56,8,0.0,0,United Kingdom,0.0,6.743428571428573,114.56,41814.4,31.14354076604611,1
14633,74,1,344.90000000000003,17.245,96,4.8,344.90000000000003,20,0.0,0,United Kingdom,0.0,9.055388157894736,344.90000000000003,125888.50000000001,30.918367272570233,1
14634,245,7,1971.82,16.710338983050846,1850,15.677966101694915,281.68857142857144,105,24.0,147,United Kingdom,7.627118644067797,7.2211609734897895,1971.82,4862.934459459459,21.210210059539833,1
14635,261,1,215.22,14.348,118,7.866666666666666,215.22,15,0.0,0,United Kingdom,0.0,12.838895238095242,215.22,78555.3,19.491293912847112,1
14636,76,1,300.19,18.761875,117,7.3125,300.19,16,0.0,0,United Kingdom,0.0,3.663478333333333,300.19,109569.35,30.792573975056,1
14637,485,1,106.67999999999999,15.239999999999998,100,14.285714285714286,106.67999999999999,7,0.0,0,United Kingdom,0.0,1.273461904761905,106.67999999999999,38938.2,5.807114519461941,1
14639,90,7,3197.45,16.567098445595853,1487,7.704663212435233,456.7785714285714,133,62.833333333333336,379,United Kingdom,1.5544041450777202,20.976890020509497,3197.45,3071.2348684210524,30.774210107913177,0
14640,33,10,1800.98,13.2425,897,6.595588235294118,180.098,105,50.77777777777778,461,United Kingdom,11.029411764705882,6.133781067538125,1800.98,1422.8521645021647,34.437218586339085,0
14643,161,5,1318.82,26.91469387755102,888,18.122448979591837,263.764,42,93.25,375,United Kingdom,6.122448979591836,31.027518707483,1318.82,1280.2375,26.08547052249725,0
14644,106,9,1484.51,29.108039215686276,569,11.156862745098039,164.94555555555556,37,54.5,437,United Kingdom,13.725490196078432,34.98356431372548,1484.51,1237.0916666666667,29.85492030409283,1
14645,83,3,483.25,14.643939393939394,271,8.212121212121213,161.08333333333334,26,178.5,358,United Kingdom,18.181818181818183,9.285956439393939,483.25,491.3266016713092,30.579349808701277,0
14646,5,113,354521.17,136.24948885472713,247192,95.00076863950807,3137.3554867256635,729,4.482142857142857,539,Netherlands,1.2298232129131437,400.84087351326224,354521.17,239630.05009259257,75.53108516525008,0
14647,9,2,506.04,10.5425,175,3.6458333333333335,253.02,42,322.0,322,United Kingdom,0.0,14.398232934397168,506.04,571.840866873065,34.999434358809786,1
14648,211,19,4378.0,9.927437641723357,3224,7.3106575963718825,230.42105263157896,286,17.61111111111111,325,United Kingdom,2.2675736961451247,3.339321426510001,4378.0,4901.748466257669,24.678699418730858,1
14649,20,9,2809.57,7.167270408163266,1757,4.482142857142857,312.1744444444445,301,59.25,476,United Kingdom,0.7653061224489796,10.874504331515208,2809.57,2149.880607966457,35.21467934581435,1
14650,397,1,62.5,15.625,22,5.5,62.5,4,0.0,0,United Kingdom,0.0,32.68,62.5,22812.5,11.175870495987299,1
14651,19,8,1787.24,7.415933609958507,722,2.995850622406639,223.405,185,59.714285714285715,420,United Kingdom,0.0,27.59465359958505,1787.24,1549.5073634204275,35.09177950214481,1
14653,146,6,2011.22,11.362824858757062,1329,7.508474576271187,335.2033333333333,150,66.16666666666667,399,United Kingdom,0.0,184.2784991525423,2011.22,1835.23825,27.15791816997788,1
14654,546,1,246.86,9.142962962962963,273,10.11111111111111,246.86,27,0.0,0,United Kingdom,0.0,1.2389641025641027,246.86,90103.90000000001,2.0946400691624123,1
14655,30,8,2709.64,36.61675675675676,1759,23.77027027027027,338.705,56,52.857142857142854,374,United Kingdom,8.108108108108109,8.880775416512401,2709.64,2637.3829333333333,34.496421740501894,1
14656,91,4,632.0600000000001,4.051666666666667,229,1.4679487179487178,158.01500000000001,112,106.33333333333333,320,United Kingdom,0.0,8.24004832092639,632.0600000000001,718.697507788162,30.202743944596907,0
14657,90,5,1116.42,6.977625000000001,683,4.26875,223.28400000000002,120,37.5,152,United Kingdom,0.625,7.9786827004716985,1116.42,2663.3549019607844,30.403306031200177,0
14659,25,5,1111.63,10.292870370370371,549,5.083333333333333,222.32600000000002,78,24.0,97,United Kingdom,3.7037037037037033,6.609220794392525,1111.63,4140.254591836735,34.37116433158939,0
14662,42,6,1147.34,6.829404761904762,651,3.875,191.22333333333333,139,100.0,501,United Kingdom,0.0,6.833119671371541,1147.34,834.2213147410358,33.43576553066394,1
14663,238,2,490.6,7.214705882352941,397,5.838235294117647,245.3,60,0.0,0,United Kingdom,0.0,6.41054422739245,490.6,179069.0,21.01769498965437,1
14665,104,6,1627.81,19.15070588235294,670,7.882352941176471,271.3016666666667,78,58.8,295,United Kingdom,2.3529411764705883,14.239338459383754,1627.81,2007.2657094594595,29.690349958291492,1
14667,22,47,14908.0,15.15040650406504,8932,9.077235772357724,317.1914893617021,474,10.891304347826088,523,United Kingdom,1.321138211382114,11.678009475618046,14908.0,10384.389312977099,39.87303908825793,0
14668,253,1,111.63,9.3025,49,4.083333333333333,111.63,10,0.0,0,United Kingdom,0.0,8.135936363636363,111.63,40744.95,19.97113756740399,1
14669,49,7,3216.78,8.312093023255814,2043,5.27906976744186,459.54,334,82.16666666666667,495,United Kingdom,0.0,5.506511332021264,3216.78,2367.1868951612905,33.2788593249168,1
14670,88,3,583.33,3.2588268156424585,423,2.363128491620112,194.44333333333336,159,225.5,452,United Kingdom,0.0,2.171555075010985,583.33,470.01203090507727,30.28236640113481,1
14671,357,2,1127.45,20.49909090909091,571,10.381818181818181,563.725,48,18.0,18,United Kingdom,0.0,7.122689090909089,1127.45,21658.907894736843,13.8053433780739,1
14672,42,4,1113.14,10.501320754716982,646,6.09433962264151,278.285,93,148.0,445,United Kingdom,0.0,7.822180386343218,1113.14,910.9778026905831,33.23393553654689,1
14673,175,3,1674.41,18.81359550561798,1031,11.584269662921349,558.1366666666667,65,21.0,42,United Kingdom,0.0,3.4261070735444337,1674.41,14213.015116279072,25.06113745593535,1
14674,317,1,173.66,12.404285714285715,103,7.357142857142857,173.66,14,0.0,0,United Kingdom,0.0,12.201323076923076,173.66,63385.9,16.06905751774733,1
14675,196,1,419.22,3.3808064516129033,324,2.6129032258064515,419.22,114,0.0,0,United Kingdom,0.0,4.469185759244689,419.22,153015.30000000002,23.476398871583715,1
14676,15,13,6885.77,59.87626086956522,7324,63.68695652173913,529.6746153846154,66,35.5,432,United Kingdom,6.086956521739131,3.34200941266209,6885.77,5804.401963048499,36.25464551996693,0
14677,400,1,184.91,13.207857142857142,139,9.928571428571429,184.91,14,0.0,0,United Kingdom,0.0,5.94566153846154,184.91,67492.15,11.002831733155643,1
14678,379,2,386.44,15.4576,178,7.12,193.22,24,7.0,7,United Kingdom,4.0,21.039054333333336,386.44,17631.325,12.401032464102277,1
14679,179,5,1272.95,18.999253731343284,789,11.776119402985074,254.59,49,89.25,359,United Kingdom,5.970149253731343,9.464920669380371,1272.95,1290.6298611111113,24.982780428824395,1
14680,6,77,40523.63,31.268233024691355,19636,15.151234567901234,526.2809090909091,215,6.824324324324325,536,United Kingdom,9.722222222222223,4.888601435483109,40523.63,27543.99432029795,45.950839874947604,0
14681,19,4,770.1500000000001,42.78611111111112,144,8.0,192.53750000000002,18,147.0,442,United Kingdom,0.0,12.317614379084963,770.1500000000001,634.5479683972912,34.60975497390594,1
14682,9,5,1483.6100000000001,17.454235294117648,901,10.6,296.72200000000004,79,117.5,470,United Kingdom,0.0,11.141141932773106,1483.6100000000001,1149.7190021231424,35.37869193309492,0
14683,396,1,146.56,6.979047619047619,386,18.38095238095238,146.56,21,0.0,0,United Kingdom,0.0,3.5655990476190476,146.56,53494.4,11.24386415635094,1
14684,23,3,721.96,2.766130268199234,454,1.739463601532567,240.65333333333334,195,87.0,174,United Kingdom,0.0,3.770988676687297,721.96,1505.8022857142857,34.26207160865646,1
14685,384,13,4241.16,21.638571428571428,1909,9.739795918367347,326.2430769230769,110,13.363636363636363,150,United Kingdom,4.591836734693878,8.512427993197283,4241.16,10251.81059602649,13.508720551610672,1
14686,222,6,844.58,3.839,456,2.0727272727272728,140.76333333333335,185,48.8,245,United Kingdom,0.45454545454545453,3.5916435782482345,844.58,1253.1369918699188,22.421745689307258,1
14687,208,2,773.6800000000001,30.947200000000002,380,15.2,386.84000000000003,23,151.0,151,United Kingdom,0.0,6.642737666666668,773.6800000000001,1857.8500000000004,22.872580048537696,0
14688,6,19,4378.66,12.618616714697406,3514,10.126801152737752,230.4557894736842,152,13.263157894736842,257,United Kingdom,0.8645533141210375,4.20362884009928,4378.66,6194.6158914728685,37.19401645190376,0
14689,16,1,112.8,8.676923076923076,76,5.846153846153846,112.8,13,0.0,0,United Kingdom,0.0,3.600641025641026,112.8,41172.0,34.44009868165505,1
14690,200,2,422.63,7.684181818181818,174,3.1636363636363636,211.315,43,18.0,18,United Kingdom,0.0,12.0885632996633,422.63,8118.944736842105,23.33198279081598,0
14691,20,1,439.6,25.858823529411765,162,9.529411764705882,439.6,17,0.0,0,United Kingdom,0.0,11.705588235294115,439.6,160454.0,34.22289306338484,1
14692,43,12,1594.3899999999999,10.920479452054794,844,5.780821917808219,132.8658333333333,95,34.36363636363637,382,United Kingdom,0.684931506849315,4.0294058573452975,1594.3899999999999,1519.457832898172,34.0086580189834,0
14693,72,8,1139.86,14.99815789473684,386,5.078947368421052,142.4825,43,36.857142857142854,261,United Kingdom,1.3157894736842104,15.464259000000007,1139.86,1587.9729007633587,31.80265080463546,1
14694,425,1,244.31,16.287333333333333,193,12.866666666666667,244.31,15,0.0,0,United Kingdom,0.0,8.92061238095238,244.31,89173.15,9.481486818838766,1
14695,327,4,1466.72,16.1178021978022,607,6.670329670329671,366.68,85,70.66666666666667,213,United Kingdom,9.89010989010989,8.451099218559218,1466.72,2501.6485981308415,15.863874868724835,1
14696,50,5,1265.68,16.65368421052632,802,10.552631578947368,253.13600000000002,73,44.5,179,United Kingdom,1.3157894736842104,5.887107842105261,1265.68,2566.517777777778,32.857637781239085,0
14697,26,2,188.60999999999999,8.573181818181817,181,8.227272727272727,94.30499999999999,22,0.0,0,United Kingdom,0.0,7.858554112554114,188.60999999999999,68842.65,33.9353626841504,1
14699,22,4,702.6,14.052,484,9.68,175.65,45,103.33333333333333,311,United Kingdom,0.0,5.375458163265304,702.6,821.9519230769231,34.42102496523076,1
14700,46,3,1602.51,16.868526315789474,613,6.4526315789473685,534.17,76,123.5,247,United Kingdom,0.0,5.816175408734604,1602.51,2358.532862903226,32.93065618327704,0
14701,55,13,3638.22,7.455368852459016,1371,2.8094262295081966,279.8630769230769,363,36.0,437,United Kingdom,2.459016393442623,12.218510990675608,3638.22,3031.85,33.54438604785722,0
14702,89,20,4285.69,9.460684326710815,1820,4.0176600441501105,214.28449999999998,240,22.94736842105263,447,United Kingdom,0.44150110375275936,13.15948906503349,4285.69,3491.6893973214283,32.218684281207096,0
14704,232,2,258.96,4.176774193548387,121,1.9516129032258065,129.48,53,199.0,199,United Kingdom,0.0,4.259881782125858,258.96,472.602,21.364861221467493,0
14705,6,1,179.0,179.0,100,100.0,179.0,1,0.0,0,United Kingdom,0.0,0.0,179.0,65335.0,35.056067603773066,1
14706,426,1,367.54,14.701600000000001,246,9.84,367.54,25,0.0,0,United Kingdom,0.0,10.867877333333333,367.54,134152.1,9.430615912480741,1
14707,243,2,139.2,69.6,96,48.0,69.6,1,141.0,141,United Kingdom,0.0,0.0,139.2,357.8028169014084,20.683418027268782,1
14708,168,4,1056.21,40.62346153846154,882,33.92307692307692,264.0525,14,31.333333333333332,95,United Kingdom,3.8461538461538463,238.34894415384628,1056.21,4015.7984375,25.53692526145402,0
14709,23,18,5555.58,23.540593220338984,2438,10.330508474576272,308.6433333333333,83,30.058823529411764,518,United Kingdom,0.847457627118644,14.300232331410026,5555.58,3907.1034682080926,36.153879925112214,0
14710,187,9,1300.31,4.392939189189189,760,2.5675675675675675,144.4788888888889,203,44.125,356,United Kingdom,0.0,2.9087993300503876,1300.31,1329.4485994397758,24.8946499058668,1
14711,9,6,1405.55,8.366369047619047,592,3.5238095238095237,234.25833333333333,115,11.6,61,United Kingdom,1.1904761904761905,223.9848345024238,1405.55,8274.60887096774,35.471746438710674,0
14712,226,1,411.0,58.714285714285715,96,13.714285714285714,411.0,7,0.0,0,United Kingdom,0.0,0.41571428571428565,411.0,150015.0,21.644218044288905,0
14713,26,20,3609.19,7.035458089668616,2426,4.7290448343079925,180.4595,180,26.842105263157894,517,United Kingdom,1.7543859649122806,3.2910675103557523,3609.19,2543.155115830116,36.008957269216324,0
14714,208,6,736.21,8.366022727272728,408,4.636363636363637,122.70166666666667,59,57.0,287,United Kingdom,5.681818181818182,6.66625616509927,736.21,933.0439236111112,23.267494868328683,1
14715,106,6,1205.52,13.69909090909091,637,7.238636363636363,200.92,69,77.8,391,United Kingdom,0.0,12.68673369905956,1205.52,1122.4867346938777,29.53336745986337,1
14716,252,1,235.77,5.239333333333334,148,3.2888888888888888,235.77,44,0.0,0,United Kingdom,0.0,2.897486363636364,235.77,86056.05,20.042441951780102,0
14717,541,2,72.8,6.066666666666666,30,2.5,36.4,12,0.0,0,United Kingdom,8.333333333333332,6.753560606060603,72.8,26572.0,2.4850150021542823,1
14718,218,1,226.42,20.583636363636362,202,18.363636363636363,226.42,11,0.0,0,United Kingdom,0.0,1.5994272727272725,226.42,82643.29999999999,22.11737169041839,1
14719,57,1,223.46,5.5865,188,4.7,223.46,40,0.0,0,United Kingdom,0.0,1.9699702564102568,223.46,81562.90000000001,31.946187014910432,0
14721,187,1,109.07,4.3628,57,2.28,109.07,24,0.0,0,United Kingdom,0.0,3.1045593333333326,109.07,39810.549999999996,24.000230133298043,1
14722,285,2,309.1,5.238983050847458,96,1.6271186440677967,154.55,53,9.0,9,United Kingdom,0.0,4.232308591466978,309.1,11282.150000000001,18.133349694945625,0
14723,166,8,1136.35,4.715145228215767,694,2.879668049792531,142.04375,180,53.57142857142857,377,United Kingdom,0.0,4.447831400414935,1136.35,1097.2691798941798,26.063655129769945,1
14724,398,1,341.9,8.339024390243901,184,4.487804878048781,341.9,40,0.0,0,United Kingdom,0.0,11.211349024390241,341.9,124793.49999999999,11.137899683666888,1
14725,202,4,546.76,9.941090909090908,723,13.145454545454545,136.69,41,46.666666666666664,140,United Kingdom,3.6363636363636362,1.1598657912457915,546.76,1415.3716312056738,23.419141141137345,1
14726,462,1,116.5,7.766666666666667,82,5.466666666666667,116.5,15,0.0,0,United Kingdom,0.0,6.269238095238094,116.5,42522.5,7.212077084037559,1
14727,82,4,291.13,4.100422535211267,76,1.0704225352112675,72.7825,43,90.66666666666667,272,United Kingdom,35.2112676056338,11.073467967806844,291.13,389.2397435897436,30.724032689217825,1
14728,221,1,190.58,13.612857142857143,68,4.857142857142857,190.58,14,0.0,0,United Kingdom,0.0,5.96176043956044,190.58,69561.70000000001,21.931261019528517,1
14729,181,3,586.24,4.441212121212121,372,2.8181818181818183,195.41333333333333,126,125.5,251,United Kingdom,0.0,3.5837946333564665,586.24,849.1174603174602,24.60495109790219,1
14730,40,3,529.3,5.401020408163265,312,3.183673469387755,176.4333333333333,80,21.5,43,United Kingdom,0.0,7.5461339364611835,529.3,4390.784090909091,33.20830629714668,0
14731,13,2,251.01999999999998,8.367333333333333,182,6.066666666666666,125.50999999999999,23,6.0,6,United Kingdom,0.0,2.4330626436781615,251.01999999999998,13088.9,34.73416872444835,1
14732,28,17,3741.6600000000003,19.4878125,1313,6.838541666666667,220.09764705882355,112,31.3125,509,United Kingdom,2.604166666666667,9.377226502508726,3741.6600000000003,2677.8547058823533,35.599292089867056,0
14733,12,12,12559.6,43.7616724738676,5267,18.35191637630662,1046.6333333333334,133,17.636363636363637,197,United Kingdom,3.484320557491289,8.412137274920203,12559.6,23152.797979797982,36.80696799658477,0
14734,224,5,1045.47,16.33546875,377,5.890625,209.094,48,33.5,134,United Kingdom,1.5625,13.699993650793648,1045.47,2826.641111111111,22.216737175125616,1
14735,4,44,8399.43,30.432717391304347,2997,10.858695652173912,190.89613636363637,159,12.476190476190476,539,United Kingdom,5.434782608695652,7.809492188405797,8399.43,5677.3925,40.13580600326872,0
14736,293,2,374.05,4.250568181818182,148,1.6818181818181819,187.025,70,0.0,0,United Kingdom,0.0,11.848961912225704,374.05,136528.25,17.65031426454439,1
14737,161,2,2823.62,78.43388888888889,876,24.333333333333332,1411.81,28,47.0,47,United Kingdom,0.0,12.30685396825397,2823.62,21471.27708333333,25.91126389548847,0
14738,7,7,999.39,19.21903846153846,370,7.115384615384615,142.77,42,88.33333333333333,533,United Kingdom,1.9230769230769231,13.75336018099547,999.39,683.1036516853932,35.65979905673364,0
14739,27,23,8964.210000000001,42.68671428571429,6945,33.07142857142857,389.7482608695653,116,23.0,517,United Kingdom,0.9523809523809524,6.477508179539759,8964.210000000001,6316.4800193050205,36.68875482307989,1
14740,5,12,4093.86,17.495128205128207,2065,8.824786324786325,341.15500000000003,173,40.90909090909091,455,United Kingdom,1.282051282051282,14.549187124463533,4093.86,3276.883552631579,36.535023795658425,0
14741,169,3,808.05,22.445833333333333,575,15.972222222222221,269.34999999999997,26,27.5,56,United Kingdom,0.0,1.6574285714285715,808.05,5174.355263157894,25.355873978537005,0
14742,243,1,579.85,17.054411764705883,374,11.0,579.85,34,0.0,0,United Kingdom,0.0,3.8854188948306594,579.85,211645.25,20.62031450517803,1
14743,400,1,50.48,16.826666666666664,40,13.333333333333334,50.48,3,0.0,0,United Kingdom,0.0,0.34719999999999995,50.48,18425.199999999997,10.991727426044953,1
14744,89,15,3424.07,30.572053571428572,2288,20.428571428571427,228.27133333333333,54,20.214285714285715,288,United Kingdom,2.6785714285714284,35.407901898326884,3424.07,4324.517474048443,31.64999953741749,1
14745,86,13,1491.4,17.754761904761907,1095,13.035714285714286,114.72307692307693,43,29.5,358,United Kingdom,7.142857142857142,5.3551756024096395,1491.4,1516.325905292479,31.474500609286068,0
14746,214,4,593.5,65.94444444444444,398,44.22222222222222,148.375,7,5.666666666666667,17,United Kingdom,0.0,0.10944444444444443,593.5,12034.861111111111,22.6904012678266,1
14747,55,2,294.3,15.489473684210527,82,4.315789473684211,147.15,18,1.0,1,United Kingdom,5.263157894736842,22.724678362573094,294.3,53709.75,32.17364121362073,1
14748,20,14,1557.21,10.381400000000001,1376,9.173333333333334,111.22928571428572,97,40.15384615384615,526,United Kingdom,19.333333333333332,2.568350465324385,1557.21,1078.523055028463,35.60874322264083,0
14749,287,1,310.15,17.230555555555554,403,22.38888888888889,310.15,18,0.0,0,United Kingdom,0.0,1.9577441176470587,310.15,113204.74999999999,17.911833818322567,1
14750,544,1,112.03,3.5009375,65,2.03125,112.03,32,0.0,0,United Kingdom,0.0,5.820347983870966,112.03,40890.95,2.2056028429940358,1
14751,492,2,126.45,18.064285714285713,65,9.285714285714286,63.225,7,41.0,41,United Kingdom,0.0,2.9847619047619047,126.45,1098.9107142857142,5.480899638898417,1
14753,268,1,306.36,17.02,201,11.166666666666666,306.36,18,0.0,0,United Kingdom,0.0,0.856788235294118,306.36,111821.40000000001,19.071471913303487,1
14754,103,6,1133.95,10.215765765765767,695,6.261261261261262,188.99166666666667,90,78.4,395,United Kingdom,0.9009009009009009,7.324288959868958,1133.95,1045.1811868686868,29.71060575385256,1
14755,13,23,6703.68,19.318962536023054,2906,8.37463976945245,291.46434782608696,185,23.681818181818183,530,United Kingdom,2.5936599423631126,19.955109938198596,6703.68,4607.990960451978,37.3567293566253,0
14756,182,3,1874.5,22.31547619047619,1003,11.94047619047619,624.8333333333334,68,24.5,50,United Kingdom,3.571428571428571,42.39323511187608,1874.5,13415.539215686276,24.650315041749966,1
14758,13,6,2587.85,21.211885245901637,740,6.065573770491803,431.30833333333334,84,80.6,405,United Kingdom,0.0,21.622914022490168,2587.85,2326.51539408867,35.32520759670464,0
14759,40,1,572.25,16.35,119,3.4,572.25,35,0.0,0,United Kingdom,0.0,17.997550420168064,572.25,208871.25,33.012849116342046,0
14760,102,2,53.8,7.685714285714285,28,4.0,26.9,5,2.0,2,United Kingdom,28.57142857142857,2.512857142857143,53.8,6545.666666666667,29.284422348135152,1
14761,142,2,289.52,14.475999999999999,146,7.3,144.76,20,109.0,109,United Kingdom,0.0,5.025127368421053,289.52,960.6799999999998,26.861891060429603,1
14762,71,2,417.57,13.919,428,14.266666666666667,208.785,28,362.0,362,United Kingdom,0.0,4.419025402298851,417.57,419.8706611570248,31.207022695627575,1
14763,540,1,-9.95,-9.95,-1,-1.0,-9.95,1,0.0,0,United Kingdom,100.0,0.0,-9.95,-3631.7499999999995,2.4397271861203986,1
14766,21,11,4994.72,18.295677655677657,3347,12.260073260073261,454.06545454545454,203,33.3,338,United Kingdom,2.564102564102564,7.098543150721829,4994.72,5377.79587020649,35.53313397485499,0
14767,282,1,382.81,21.267222222222223,117,6.5,382.81,18,0.0,0,United Kingdom,0.0,13.141534967320263,382.81,139725.65,18.223086049888895,1
14769,9,16,10679.17,11.38504264392324,7557,8.056503198294243,667.448125,616,34.4,522,United Kingdom,0.8528784648187633,8.048973763292087,10679.17,7452.958030592734,37.23279916903635,0
14770,40,9,3624.89,18.307525252525252,1597,8.065656565656566,402.7655555555555,152,51.875,419,United Kingdom,0.5050505050505051,11.019446813310775,3624.89,3150.2020238095233,34.0610259167754,1
14771,413,3,579.92,11.5984,608,12.16,193.30666666666664,46,65.0,131,United Kingdom,6.0,0.419452612244898,579.92,1603.5666666666664,10.440814883994646,1
14773,396,2,125.7,11.427272727272728,50,4.545454545454546,62.85,10,4.0,4,United Kingdom,9.090909090909092,11.088727272727272,125.7,9176.1,11.341643547533387,1
14774,336,1,241.45,18.573076923076922,99,7.615384615384615,241.45,13,0.0,0,United Kingdom,0.0,23.184358974358982,241.45,88129.25,14.914706008015864,1
14775,180,1,406.56,20.328,384,19.2,406.56,20,0.0,0,United Kingdom,0.0,0.20860500000000004,406.56,148394.4,24.45215409574003,0
14776,26,9,2218.04,17.88741935483871,2820,22.741935483870968,246.4488888888889,62,28.125,228,United Kingdom,3.225806451612903,0.6750474691843693,2218.04,3535.303930131004,34.79951688931696,0
14777,166,3,242.21,12.1105,201,10.05,80.73666666666666,16,22.5,45,United Kingdom,20.0,39.51737342105263,242.21,1921.883695652174,25.492284139850454,1
14778,116,1,334.05,18.558333333333334,141,7.833333333333333,334.05,18,0.0,0,United Kingdom,0.0,1.0900735294117647,334.05,121928.25,28.353368467062097,0
14779,88,3,386.15,9.418292682926829,84,2.048780487804878,128.71666666666667,40,21.5,43,United Kingdom,0.0,74.06739024390245,386.15,3203.2897727272725,30.26607876239282,1
14781,228,1,-530.31,-530.31,-1,-1.0,-530.31,1,0.0,0,United Kingdom,100.0,0.0,-530.31,-193563.15,21.444362991545603,1
14782,127,1,200.10000000000002,33.35,114,19.0,200.10000000000002,6,0.0,0,United Kingdom,0.0,0.7696666666666668,200.10000000000002,73036.50000000001,27.670753137790104,1
14783,463,2,305.35,16.96388888888889,261,14.5,152.675,17,3.0,3,United Kingdom,5.555555555555555,6.537562418300655,305.35,27863.187500000004,7.266129067180302,1
14784,131,2,274.62,17.16375,182,11.375,137.31,14,65.0,65,United Kingdom,0.0,3.007626250000001,274.62,1518.7318181818182,27.532210948851887,1
14786,358,1,90.96,12.994285714285713,112,16.0,90.96,7,0.0,0,United Kingdom,0.0,0.302395238095238,90.96,33200.399999999994,13.559173755317795,1
14787,279,1,110.65,7.376666666666667,59,3.933333333333333,110.65,14,0.0,0,United Kingdom,0.0,0.7190885714285716,110.65,40387.25,18.38375502926577,1
14788,404,1,476.88,17.03142857142857,298,10.642857142857142,476.88,28,0.0,0,United Kingdom,0.0,9.534881878306878,476.88,174061.2,10.782749056069198,1
14790,61,7,1933.72,17.740550458715596,2079,19.073394495412845,276.2457142857143,54,78.66666666666667,474,United Kingdom,0.0,15.39241812776079,1933.72,1485.911157894737,32.44027412246975,0
14791,414,1,303.63,15.980526315789474,127,6.684210526315789,303.63,19,0.0,0,United Kingdom,0.0,5.0716426900584795,303.63,110824.95,10.157937494092526,1
14793,343,1,396.91,15.8764,270,10.8,396.91,25,0.0,0,United Kingdom,0.0,2.9684656666666664,396.91,144872.15000000002,14.500197026647939,1
14794,11,9,1262.68,19.131515151515153,418,6.333333333333333,140.29777777777778,57,34.875,283,United Kingdom,3.0303030303030303,341.32963039627026,1262.68,1622.8105633802818,35.63635230375666,1
14796,25,26,5536.13,6.312576966932725,3490,3.9794754846066134,212.92807692307693,313,19.84,507,United Kingdom,1.7103762827822122,4.361266881700275,5536.13,3977.7312007874016,36.82619307721114,0
14797,315,1,300.31,18.769375,99,6.1875,300.31,16,0.0,0,United Kingdom,0.0,8.565126249999999,300.31,109613.15,16.201619296438754,1
14798,118,7,617.05,13.712222222222222,525,11.666666666666666,88.14999999999999,26,55.833333333333336,338,United Kingdom,4.444444444444445,1.7777997979797986,617.05,664.3753687315634,28.85165988948504,0
14799,545,1,180.45,18.044999999999998,349,34.9,180.45,10,0.0,0,United Kingdom,0.0,6.654472222222222,180.45,65864.25,2.1502044719872195,1
14800,28,16,5692.61,11.834948024948025,5216,10.844074844074845,355.788125,277,16.153846153846153,214,United Kingdom,1.8711018711018712,61.037291383402696,5692.61,9664.198372093022,35.66094371937397,0
14802,238,6,-1502.98,-250.49666666666667,-2,-0.3333333333333333,-250.49666666666667,1,2.0,11,United Kingdom,66.66666666666666,420485.7630000001,-1502.98,-45715.64166666667,21.251029461440524,1
14803,83,2,730.79,38.46263157894737,264,13.894736842105264,365.395,15,16.0,16,United Kingdom,0.0,9.674324561403509,730.79,15690.491176470587,30.500294841649247,0
14805,121,4,645.4,6.454,331,3.31,161.35,82,102.33333333333333,307,United Kingdom,0.0,7.648073090909089,645.4,764.840909090909,28.37234403570801,1
14806,247,1,110.03999999999999,12.226666666666667,93,10.333333333333334,110.03999999999999,9,0.0,0,United Kingdom,0.0,1.300675,110.03999999999999,40164.6,20.337306595102067,1
14807,198,2,504.14,13.266842105263157,234,6.157894736842105,252.07,37,259.0,259,United Kingdom,0.0,8.587811664295876,504.14,707.735,23.46081587484865,1
14809,429,2,686.76,38.153333333333336,232,12.88888888888889,343.38,18,0.0,0,United Kingdom,0.0,9.301755555555555,686.76,250667.4,9.37333671288229,1
14810,6,10,1544.85,7.152083333333333,757,3.5046296296296298,154.48499999999999,100,25.11111111111111,230,United Kingdom,0.0,2.27939751076658,1544.85,2440.996753246753,36.06441315531662,0
14811,195,1,170.5,6.089285714285714,74,2.642857142857143,170.5,28,0.0,0,United Kingdom,0.0,5.472099867724868,170.5,62232.5,23.516903940708087,1
14812,406,1,178.85,4.968055555555555,135,3.75,178.85,36,0.0,0,United Kingdom,0.0,4.754793253968251,178.85,65280.25,10.636030793314468,1
14813,177,4,888.91,6.4413768115942025,392,2.8405797101449277,222.2275,110,80.0,241,United Kingdom,0.0,10.058378763355549,888.91,1340.7113636363636,24.973655247749818,1
14814,389,1,154.21,5.140333333333333,93,3.1,154.21,28,0.0,0,United Kingdom,0.0,5.703078275862068,154.21,56286.65,11.671846495844468,1
14816,5,1,271.85,67.9625,5,1.25,271.85,4,0.0,0,United Kingdom,0.0,4569.5675,271.85,99225.25000000001,35.12478734357956,1
14817,8,9,3889.21,16.620555555555555,2445,10.448717948717949,432.13444444444445,145,65.75,530,United Kingdom,1.7094017094017095,73.1267154763215,3889.21,2673.374105461394,36.0364614674576,1
14818,61,4,614.01,8.898695652173913,250,3.6231884057971016,153.5025,62,130.66666666666666,393,United Kingdom,0.0,9.511253239556693,614.01,568.8163705583756,32.032754793852604,0
14819,0,3,269.06,6.115,109,2.477272727272727,89.68666666666667,43,262.5,525,United Kingdom,0.0,11.980542230443975,269.06,186.7051330798479,35.62881216187853,1
14820,188,5,767.47,21.927714285714288,471,13.457142857142857,153.494,31,74.0,297,United Kingdom,0.0,180.46302571428572,767.47,940.0219798657719,24.3915757682505,0
14821,174,7,1230.15,17.82826086956522,459,6.6521739130434785,175.7357142857143,65,51.166666666666664,309,United Kingdom,0.0,5.56826359761296,1230.15,1448.402419354839,25.483500305313502,1
14822,293,1,157.70000000000002,17.522222222222226,94,10.444444444444445,157.70000000000002,9,0.0,0,United Kingdom,0.0,5.431319444444444,157.70000000000002,57560.50000000001,17.532940640752212,1
14823,2,2,210.65,4.5793478260869565,48,1.0434782608695652,105.325,38,0.0,0,United Kingdom,0.0,9.59007850241546,210.65,76887.25,35.40238471714714,0
14824,187,8,2824.8,21.239097744360905,1409,10.593984962406015,353.1,76,36.42857142857143,257,United Kingdom,3.007518796992481,3.4164331282752327,2824.8,3996.3255813953488,24.921074704975553,1
14825,12,20,3495.2400000000002,14.037108433734941,2188,8.78714859437751,174.762,171,21.0,408,United Kingdom,1.6064257028112447,6.838563246534524,3495.2400000000002,3119.2239608801956,36.854245524086316,0
14826,389,2,385.2,38.519999999999996,152,15.2,192.6,10,113.0,113,United Kingdom,0.0,5.97913888888889,385.2,1233.3157894736842,11.790429426012459,1
14828,4,14,9803.460000000001,96.11235294117648,9670,94.80392156862744,700.2471428571429,72,40.76923076923077,535,United Kingdom,0.9803921568627451,3.9023533391574454,9803.460000000001,6675.863619402985,37.266708318399786,1
14829,167,7,1090.75,13.98397435897436,757,9.705128205128204,155.82142857142858,66,12.5,77,United Kingdom,3.8461538461538463,3.152285914085915,1090.75,5104.150641025642,25.899335889167464,0
14831,382,7,1623.97,18.04411111111111,877,9.744444444444444,231.99571428571429,67,26.833333333333332,163,United Kingdom,8.88888888888889,9.336015280898875,1623.97,3614.3234756097563,12.81761827882174,1
14832,438,3,-274.63,-91.54333333333334,-1,-0.3333333333333333,-91.54333333333334,1,0.0,0,United Kingdom,66.66666666666666,769.9212000000006,-274.63,-100239.95,8.84397505422873,1
14833,306,1,94.8,13.542857142857143,58,8.285714285714286,94.8,7,0.0,0,United Kingdom,0.0,1.1508333333333332,94.8,34602.0,16.73409412503594,1
14834,40,3,715.1,21.66969696969697,217,6.575757575757576,238.36666666666667,28,87.0,174,United Kingdom,6.0606060606060606,14.802513257575757,715.1,1491.4942857142858,33.223653914949,0
14835,335,3,293.09999999999997,97.69999999999999,178,59.333333333333336,97.69999999999999,1,44.5,89,United Kingdom,33.33333333333333,0.03,293.09999999999997,1188.6833333333332,15.179027483692401,1
14837,9,8,2296.88,17.269774436090227,1930,14.511278195488721,287.11,114,68.42857142857143,483,United Kingdom,1.5037593984962405,1.9362009911141498,2296.88,1732.1512396694213,35.744377851809986,0
14838,231,2,769.9200000000001,10.998857142857144,361,5.1571428571428575,384.96000000000004,69,313.0,313,United Kingdom,0.0,5.256552567287788,769.9200000000001,894.9707006369429,21.46811805750288,1
14839,226,3,915.28,12.368648648648648,927,12.527027027027026,305.0933333333333,61,142.5,285,United Kingdom,0.0,6.731009718622731,915.28,1168.1020979020977,21.884878007063204,1
14840,75,3,340.21,14.175416666666665,173,7.208333333333333,113.40333333333332,20,135.5,271,United Kingdom,8.333333333333332,4.172369384057971,340.21,456.5318014705882,31.055934779069236,1
14841,82,11,5649.09,23.247283950617284,3337,13.732510288065845,513.5536363636364,166,45.8,462,United Kingdom,0.0,8.012592575587524,5649.09,4453.386285097192,31.863133106890103,0
14842,110,2,15.0,5.0,4,1.3333333333333333,7.5,2,6.0,6,United Kingdom,33.33333333333333,28275.520833333336,15.0,782.1428571428571,28.79281686742718,0
14843,244,1,211.79999999999998,23.53333333333333,132,14.666666666666666,211.79999999999998,9,0.0,0,United Kingdom,0.0,0.33527777777777773,211.79999999999998,77307.0,20.52886244879888,1
14844,49,9,4373.17,23.13846560846561,3114,16.476190476190474,485.90777777777777,123,45.25,365,United Kingdom,1.0582010582010581,6.005806281661601,4373.17,4361.221448087432,33.57338546123831,0
14845,407,1,150.0,150.0,600,600.0,150.0,1,0.0,0,United Kingdom,0.0,0.0,150.0,54750.0,10.572597638757427,1
14846,231,2,406.79999999999995,31.292307692307688,181,13.923076923076923,203.39999999999998,12,3.0,3,United Kingdom,7.6923076923076925,7.004408974358974,406.79999999999995,37120.49999999999,21.438123294443795,1
14847,208,3,1011.2,19.446153846153848,409,7.865384615384615,337.06666666666666,47,81.5,164,United Kingdom,5.769230769230769,8.641948529411762,1011.2,2236.89696969697,22.99170237560692,0
14848,212,1,310.56,28.232727272727274,260,23.636363636363637,310.56,11,0.0,0,United Kingdom,0.0,0.49124727272727264,310.56,113354.4,22.4906222642639,1
14849,14,34,9688.53,20.226576200417536,7568,15.799582463465553,284.9567647058824,194,15.612903225806452,492,United Kingdom,2.2964509394572024,5.426597374236765,9688.53,7173.049594320487,38.636763908475466,0
14850,119,9,1599.76,8.07959595959596,1377,6.954545454545454,177.7511111111111,129,31.875,256,United Kingdom,1.5151515151515151,7.740860636825102,1599.76,2272.0326848249024,29.07078949403578,1
14851,64,2,524.19,18.72107142857143,445,15.892857142857142,262.095,24,374.0,374,United Kingdom,0.0,6.116398941798941,524.19,510.2116000000001,31.643180243592013,1
14852,60,16,3762.59,19.495284974093266,2982,15.450777202072539,235.161875,92,25.733333333333334,391,United Kingdom,1.5544041450777202,4.157328276122622,3762.59,3503.432015306122,33.547916527285274,0
14853,19,5,1102.82,42.41615384615385,296,11.384615384615385,220.564,21,98.0,394,United Kingdom,3.8461538461538463,29.566975538461538,1102.82,1019.0615189873416,34.736736966389,1
14854,35,9,2743.61,19.321197183098594,1847,13.007042253521126,304.84555555555556,110,56.875,459,United Kingdom,2.112676056338028,9.420621601238633,2743.61,2176.994891304348,34.29347994314072,0
14855,282,5,5874.65,31.41524064171123,3243,17.342245989304814,1174.9299999999998,156,34.0,136,United Kingdom,0.0,6.71821124719683,5874.65,15651.439781021896,19.074737880393304,0
14857,250,7,2413.281,15.371216560509554,1610,10.254777070063694,344.75442857142855,125,31.5,192,United Kingdom,2.547770700636943,8.836724818552998,2413.281,4563.977020725389,20.941425710708423,0
14858,313,1,180.75,16.431818181818183,105,9.545454545454545,180.75,11,0.0,0,United Kingdom,0.0,1.106,180.75,65973.75,16.31384341646974,1
14859,8,3,647.0600000000001,32.353,424,21.2,215.6866666666667,17,177.0,354,United Kingdom,5.0,4.62353157894737,647.0600000000001,665.2870422535212,35.17163556760762,1
14861,188,13,1192.61,13.40011235955056,937,10.52808988764045,91.73923076923076,58,28.75,350,United Kingdom,10.112359550561797,4.152252528089887,1192.61,1240.17849002849,25.222713463325395,1
14864,539,1,-48.75,-24.375,-17,-8.5,-48.75,2,0.0,0,United Kingdom,100.0,15.125,-48.75,-17793.75,2.497572254862978,1
14865,180,3,77.52000000000001,15.504000000000001,192,38.4,25.840000000000003,3,182.5,366,United Kingdom,0.0,0.0664,77.52000000000001,77.09754768392372,24.623979414450655,1
14866,174,8,6460.32,170.00842105263158,2481,65.28947368421052,807.54,13,14.428571428571429,104,United Kingdom,0.0,4.927489118065433,6460.32,22457.302857142855,26.015029973721585,0
14867,26,18,2814.27,20.846444444444444,919,6.807407407407408,156.34833333333333,66,29.941176470588236,515,United Kingdom,2.2222222222222223,22.804507164179107,2814.27,1990.7142441860465,35.74428960117795,0
14868,41,5,1669.75,18.3489010989011,1056,11.604395604395604,333.95,80,46.25,186,United Kingdom,0.0,5.713898266178266,1669.75,3259.1377005347595,33.44046568227943,0
14869,188,6,2033.0,11.17032967032967,1570,8.626373626373626,338.8333333333333,136,68.2,343,United Kingdom,4.395604395604396,4.462041870560381,2033.0,2157.107558139535,24.595614696918023,0
14870,69,9,1794.6000000000001,26.008695652173916,478,6.927536231884058,199.4,43,52.375,422,United Kingdom,5.797101449275362,9.854613171355497,1794.6000000000001,1548.531914893617,32.13938689450764,1
14871,63,7,956.0400000000001,6.732676056338029,338,2.380281690140845,136.57714285714286,89,80.0,483,United Kingdom,0.0,6.742268224952552,956.0400000000001,720.9805785123967,32.237414802452655,0
14872,288,4,802.6800000000001,18.242727272727276,614,13.954545454545455,200.67000000000002,34,50.333333333333336,152,United Kingdom,2.272727272727273,1.8066158033826643,802.6800000000001,1914.8901960784317,18.189975623598347,1
14873,18,2,854.13,17.43122448979592,311,6.346938775510204,427.065,48,423.0,423,United Kingdom,0.0,11.74864787414966,854.13,735.2770047169812,34.47873705091365,1
14874,343,1,116.18,19.363333333333333,148,24.666666666666668,116.18,6,0.0,0,United Kingdom,0.0,1.1771866666666668,116.18,42405.700000000004,14.477007916068574,1
14875,68,4,1750.93,35.73326530612245,871,17.775510204081634,437.7325,47,45.0,181,United Kingdom,4.081632653061225,130.89318333333333,1750.93,3511.480494505495,31.699317249342943,0
14876,329,2,256.7,19.746153846153845,162,12.461538461538462,128.35,12,40.0,40,United Kingdom,0.0,6.0840410256410244,256.7,2285.2560975609754,15.442818617069952,1
14877,226,2,425.85,6.7595238095238095,168,2.6666666666666665,212.925,57,224.0,224,United Kingdom,0.0,5.021529697900666,425.85,690.8233333333334,21.744947184834757,1
14878,9,23,3159.13,9.997246835443038,1889,5.977848101265823,137.35347826086957,150,20.227272727272727,455,United Kingdom,1.2658227848101267,5.818369976893709,3159.13,2528.6895833333333,37.308139511045034,0
14879,492,1,185.06,6.854074074074074,104,3.8518518518518516,185.06,27,0.0,0,United Kingdom,0.0,4.453917378917379,185.06,67546.9,5.386238506984204,1
14880,96,1,129.2,16.15,66,8.25,129.2,8,0.0,0,United Kingdom,0.0,9.986741071428572,129.2,47157.99999999999,29.557448485120336,0
14882,198,13,2755.35,49.20267857142857,1264,22.571428571428573,211.95,31,18.75,228,United Kingdom,3.571428571428571,9.109422824675322,2755.35,4391.715065502183,24.741299700211226,1
14883,19,1,310.56,16.34526315789474,234,12.31578947368421,310.56,19,0.0,0,United Kingdom,0.0,0.39999415204678374,310.56,113354.4,34.27328404692568,0
14884,477,1,120.6,15.075,72,9.0,120.6,8,0.0,0,United Kingdom,0.0,1.0307142857142855,120.6,44019.0,6.296664840154186,1
14885,235,3,730.8,42.98823529411764,560,32.94117647058823,243.6,16,19.0,38,United Kingdom,5.88235294117647,1.0477514705882354,730.8,6839.538461538461,21.320188875631104,0
14886,60,1,364.8,20.266666666666666,160,8.88888888888889,364.8,18,0.0,0,United Kingdom,0.0,5.27359477124183,364.8,133152.0,31.774711924872094,1
14888,15,1,369.2,18.46,184,9.2,369.2,20,0.0,0,United Kingdom,0.0,1.6877894736842107,369.2,134758.0,34.522328124860735,1
14889,144,1,135.9,13.59,90,9.0,135.9,10,0.0,0,United Kingdom,0.0,2.5160000000000005,135.9,49603.5,26.627598994110713,1
14890,61,3,817.25,14.337719298245615,636,11.157894736842104,272.4166666666667,55,203.0,406,United Kingdom,0.0,5.9047241228070195,817.25,732.9146191646192,31.950040518573207,1
14891,224,2,552.35,18.41166666666667,283,9.433333333333334,276.175,29,19.0,19,United Kingdom,0.0,1.584109885057471,552.35,10080.3875,21.877496573092003,0
14892,498,1,202.35000000000002,15.565384615384618,79,6.076923076923077,202.35000000000002,13,0.0,0,United Kingdom,0.0,5.895897435897434,202.35000000000002,73857.75000000001,5.021366344730136,1
14893,375,4,544.41,14.713783783783782,235,6.351351351351352,136.1025,34,16.666666666666668,50,United Kingdom,10.81081081081081,3.5749519519519524,544.41,3896.267647058823,12.857286462674653,1
14894,251,4,756.46,29.094615384615388,326,12.538461538461538,189.115,23,97.66666666666667,294,United Kingdom,11.538461538461538,8.323139846153845,756.46,935.9589830508476,20.44500997666577,1
14895,12,28,17342.69,29.001153846153844,7321,12.24247491638796,619.3817857142857,345,19.25925925925926,531,United Kingdom,2.341137123745819,170.22587290773828,17342.69,11898.650093984961,38.794104876342466,0
14896,12,10,1727.3,6.643461538461538,917,3.526923076923077,172.73,150,58.22222222222222,528,United Kingdom,2.6923076923076925,6.523795573210571,1727.3,1191.804347826087,35.71318368712193,1
14897,104,6,1909.8600000000001,23.010361445783133,812,9.783132530120483,318.31,65,85.0,427,United Kingdom,1.2048192771084338,12.202320393770203,1909.8600000000001,1628.7357476635516,29.713648104691625,1
14898,48,16,2584.22,12.075794392523363,1606,7.5046728971962615,161.51375,135,32.53333333333333,495,United Kingdom,3.7383177570093453,14.315898556447719,2584.22,1901.6941532258063,34.18318048706727,0
14899,203,1,1331.38,10.32077519379845,570,4.4186046511627906,1331.38,126,0.0,0,United Kingdom,0.0,17.86594561531007,1331.38,366939.9750000006,23.124395500501134,1
14900,330,1,13.919999999999998,13.919999999999998,48,48.0,13.919999999999998,1,0.0,0,United Kingdom,0.0,0.0,13.919999999999998,5080.799999999999,15.262211737725474,1
14901,168,7,988.46,12.672564102564102,423,5.423076923076923,141.20857142857145,61,22.666666666666668,138,United Kingdom,2.564102564102564,11.681536796536799,988.46,2595.596402877698,25.829836378036674,0
14902,203,3,686.16,16.73560975609756,494,12.048780487804878,228.72,34,78.5,157,United Kingdom,4.878048780487805,5.973290609756097,686.16,1585.1164556962024,23.270103436021557,1
14903,0,6,1755.13,8.357761904761905,882,4.2,292.5216666666667,156,16.8,85,United Kingdom,2.380952380952381,8.42556827523354,1755.13,7449.098255813954,36.05007330802847,0
14904,216,2,605.05,8.403472222222222,537,7.458333333333333,302.525,62,19.0,19,United Kingdom,0.0,1.8617337832550858,605.05,11042.162499999999,22.370250234033836,1
14905,41,8,1648.34,22.89361111111111,854,11.86111111111111,206.0425,43,71.42857142857143,502,United Kingdom,2.7777777777777777,2.5253364436619727,1648.34,1196.1115308151093,33.73720461699426,0
14906,253,3,-66.98,-22.326666666666668,-1,-0.3333333333333333,-22.326666666666668,1,0.0,0,United Kingdom,66.66666666666666,0.7105333333333272,-66.98,-24447.7,20.155388839537668,1
14907,168,17,2957.21,18.71651898734177,1226,7.7594936708860756,173.95352941176472,82,22.8125,370,United Kingdom,5.063291139240507,7.914486015480126,2957.21,2909.384501347709,26.98748570225017,0
14908,271,1,104.10000000000001,20.82,50,10.0,104.10000000000001,5,0.0,0,United Kingdom,0.0,5.305499999999999,104.10000000000001,37996.5,18.871614468707136,1
14909,236,5,1380.98,16.84121951219512,886,10.804878048780488,276.196,61,58.25,235,United Kingdom,2.4390243902439024,10.697917931345978,1380.98,2135.837711864407,21.5118505396662,1
14911,5,336,167368.1,23.30058471390784,82047,11.422386189614368,498.11934523809526,1985,1.2642642642642643,541,EIRE,2.7147431435333425,3070.727104010083,167368.1,112710.98985239852,82.26075459080496,0
14912,54,9,389.84999999999985,7.2194444444444414,1278,23.666666666666668,43.31666666666665,39,54.0,435,Italy,7.4074074074074066,10966.382519357088,389.84999999999985,326.36525229357784,32.93910139417776,1
14913,81,6,3461.53,17.136287128712873,3119,15.44059405940594,576.9216666666667,149,41.8,212,United Kingdom,0.0,11.048906184424421,3461.53,5931.729812206573,31.245971942187094,0
14914,413,1,-5.85,-5.85,-3,-3.0,-5.85,1,0.0,0,United Kingdom,100.0,0.0,-5.85,-2135.25,10.193423611345695,1
14915,85,11,1636.1000000000001,18.805747126436785,670,7.7011494252873565,148.73636363636365,63,45.5,458,United Kingdom,1.1494252873563218,9.246654637797377,1636.1000000000001,1301.038126361656,31.348498334049186,1
14916,132,7,1918.42,25.242368421052632,1490,19.605263157894736,274.06,62,48.5,293,United Kingdom,5.263157894736842,9.704863508771927,1918.42,2381.711904761905,28.10445596362922,0
14917,404,2,1123.75,38.75,891,30.724137931034484,561.875,29,0.0,0,United Kingdom,0.0,3.6312064039408867,1123.75,366939.9750000006,10.9356848780113,1
14918,212,7,4345.66,45.267291666666665,1876,19.541666666666668,620.8085714285714,64,34.166666666666664,206,United Kingdom,0.0,12.700670482456141,4345.66,7662.637198067633,23.420948129325662,0
14919,347,1,359.35,27.642307692307693,129,9.923076923076923,359.35,13,0.0,0,United Kingdom,0.0,1.7389743589743587,359.35,131162.75,14.252894217729422,1
14920,20,3,1607.17,16.568762886597938,886,9.1340206185567,535.7233333333334,90,176.0,352,United Kingdom,0.0,10.723972723367696,1607.17,1661.8046742209633,34.5183427000671,1
14921,9,1,903.01,17.037924528301886,631,11.90566037735849,903.01,53,0.0,0,United Kingdom,0.0,1.9039137880986934,903.01,329598.65,34.93272274228628,1
14922,201,2,843.74,16.8748,376,7.52,421.87,49,114.0,114,United Kingdom,0.0,11.381699428571425,843.74,2677.9573913043478,23.305717634678384,1
14924,53,3,931.01,30.03258064516129,312,10.064516129032258,310.33666666666664,30,196.5,393,United Kingdom,0.0,651.1393989247313,931.01,862.483883248731,32.447837912254606,1
14925,539,1,-7.95,-7.95,-1,-1.0,-7.95,1,0.0,0,United Kingdom,100.0,0.0,-7.95,-2901.75,2.5009424529595052,1
14926,189,3,337.65,84.4125,189,47.25,112.55,2,108.0,216,United Kingdom,25.0,7.022499999999997,337.65,567.9366359447004,24.0960163559523,1
14927,204,1,308.2,15.41,196,9.8,308.2,20,0.0,0,United Kingdom,0.0,2.909052631578948,308.2,112493.0,22.978827809833316,1
14928,427,2,204.46,8.519166666666667,263,10.958333333333334,102.23,21,8.0,8,United Kingdom,12.5,2.1504954710144935,204.46,8291.988888888889,9.455597458954102,1
14929,229,1,612.8100000000001,26.643913043478264,351,15.26086956521739,612.8100000000001,23,0.0,0,United Kingdom,0.0,1.7705450592885377,612.8100000000001,223675.65000000002,21.47773795128235,1
14930,82,7,3867.91,17.661689497716893,1727,7.885844748858448,552.5585714285714,166,55.0,332,Channel Islands,2.73972602739726,49.20372671861248,3867.91,4239.6010510510505,31.31799253297537,0
14931,14,3,293.0,26.636363636363637,97,8.818181818181818,97.66666666666667,10,17.0,34,Channel Islands,9.090909090909092,13426.279181818181,293.0,3055.571428571429,34.776088820472545,1
14932,173,2,666.13,20.8165625,257,8.03125,333.065,29,20.0,20,Channel Islands,0.0,137.94937812500004,666.13,11577.97380952381,25.00044824398391,1
14933,251,5,885.0,177.0,300,60.0,177.0,1,0.0,0,Channel Islands,20.0,0.0,885.0,323025.0,20.55513024028991,1
14934,90,7,1384.1,6.955276381909547,864,4.341708542713568,197.72857142857143,90,26.166666666666668,158,Channel Islands,31.155778894472363,69.77717209278717,1384.1,3177.3364779874214,30.6244221491304,1
14935,105,2,2849.83,109.60884615384614,1931,74.26923076923077,1424.915,25,322.0,322,Channel Islands,0.0,1.5378264615384618,2849.83,3220.3961300309593,29.33223233615733,1
14936,83,6,5837.4,23.82612244897959,3132,12.783673469387756,972.9,186,61.2,307,Channel Islands,0.40816326530612246,19.111490274339246,5837.4,6917.698051948051,31.320125559096667,0
14938,310,4,2289.43,30.124078947368417,1361,17.907894736842106,572.3575,71,20.0,60,Channel Islands,6.578947368421052,9.506988263157893,2289.43,13699.048360655737,16.96968413392866,1
14939,438,1,-934.66,-934.66,-1,-1.0,-934.66,1,0.0,0,Channel Islands,100.0,0.0,-934.66,-341150.89999999997,8.59044969063252,1
14940,225,2,531.49,16.6090625,384,12.0,265.745,32,315.0,315,United Kingdom,0.0,0.4863918346774193,531.49,613.904588607595,21.8147234156622,1
14941,386,1,182.1,26.014285714285712,80,11.428571428571429,182.1,7,0.0,0,United Kingdom,0.0,0.48035714285714287,182.1,66466.5,11.857300473722889,1
14942,209,5,706.56,35.327999999999996,353,17.65,141.31199999999998,13,81.75,328,United Kingdom,5.0,72.11253263157897,706.56,783.873556231003,23.104493143893833,1
14943,471,1,107.62,21.524,46,9.2,107.62,5,0.0,0,United Kingdom,0.0,5.204280000000001,107.62,39281.3,6.661893020883647,1
14944,25,15,5116.7,27.808152173913044,2668,14.5,341.11333333333334,130,31.357142857142858,443,United Kingdom,3.260869565217391,33.75447554050845,5116.7,4206.2961711711705,35.69701958197739,0
14945,221,1,179.4,16.30909090909091,156,14.181818181818182,179.4,11,0.0,0,United Kingdom,0.0,0.7880000000000003,179.4,65481.0,21.93033751916775,1
14947,196,4,758.97,18.97425,237,5.925,189.7425,37,78.33333333333333,236,United Kingdom,0.0,26.325569166666664,758.97,1168.8778481012657,23.802970667684377,0
14948,27,1,278.4,21.415384615384614,72,5.538461538461538,278.4,13,0.0,0,United Kingdom,0.0,6.74576923076923,278.4,101615.99999999999,33.782227049437346,0
14949,267,6,498.55,16.618333333333332,243,8.1,83.09166666666667,16,51.8,261,United Kingdom,10.0,6.144827586206895,498.55,694.5448473282444,19.645909862462812,1
14952,14,37,12839.77,47.55470370370371,5321,19.70740740740741,347.0208108108108,212,14.305555555555555,529,United Kingdom,5.185185185185185,9.24922003166736,12839.77,8842.483113207547,39.1955729164978,0
14953,226,4,677.25,3.52734375,770,4.010416666666667,169.3125,153,5.666666666666667,17,United Kingdom,0.5208333333333333,3.6460159658595117,677.25,13733.125,21.964718527642148,1
14954,511,1,167.27,4.079756097560976,92,2.2439024390243905,167.27,41,0.0,0,United Kingdom,0.0,6.747087439024393,167.27,61053.55,4.224817841539486,1
14955,540,1,163.77,5.282903225806452,74,2.3870967741935485,163.77,30,0.0,0,United Kingdom,0.0,5.1015236559139785,163.77,59776.05,2.4540769609568858,1
14956,229,1,1325.0,331.25,2500,625.0,1325.0,4,0.0,0,United Kingdom,0.0,0.0,1325.0,366939.9750000006,21.53656690673249,1
14957,61,2,261.69,9.34607142857143,97,3.4642857142857144,130.845,27,391.0,391,United Kingdom,0.0,5.7892152116402125,261.69,243.66543367346938,31.804647166929982,1
14958,53,4,652.96,13.892765957446809,189,4.0212765957446805,163.24,37,163.0,490,United Kingdom,0.0,16.730606105457905,652.96,485.3979633401222,32.52437266499475,0
14959,23,2,422.38,9.386222222222223,342,7.6,211.19,31,80.0,80,United Kingdom,0.0,0.4500355555555556,422.38,1903.3172839506171,34.137822945953154,0
14961,26,24,12463.880000000001,24.438980392156864,6323,12.398039215686275,519.3283333333334,266,22.043478260869566,517,United Kingdom,1.9607843137254901,7.327063241650292,12463.880000000001,8782.463706563707,37.13839024356646,0
14962,78,4,366.91,26.207857142857144,123,8.785714285714286,91.7275,14,104.0,313,United Kingdom,0.0,11.825809340659342,366.91,426.50366242038217,30.974492580765002,1
14963,187,8,1645.3799999999999,5.7530769230769225,1125,3.9335664335664338,205.67249999999999,195,20.571428571428573,145,United Kingdom,0.6993006993006993,2.1737043712427915,1645.3799999999999,4113.45,24.823651199117563,0
14964,55,1,206.21,15.862307692307693,143,11.0,206.21,13,0.0,0,United Kingdom,0.0,14.885443589743593,206.21,75266.65000000001,32.06686223708004,1
14966,195,5,881.24,7.6629565217391304,881,7.660869565217391,176.248,93,84.0,336,United Kingdom,0.0,5.561766773455377,881.24,954.4587537091988,23.973623072209914,1
14967,249,6,1216.72,50.696666666666665,511,21.291666666666668,202.78666666666666,20,58.6,294,United Kingdom,4.166666666666666,3722.9677389492736,1216.72,1505.4332203389831,20.804133882123292,1
14968,266,1,353.65,7.524468085106382,130,2.765957446808511,353.65,47,0.0,0,United Kingdom,0.0,16.419110545790936,353.65,129082.24999999999,19.197478326285587,1
14969,511,1,906.23,69.71000000000001,665,51.15384615384615,906.23,13,0.0,0,United Kingdom,0.0,11.880824358974357,906.23,330773.95,4.2858580764759955,1
14970,60,14,2783.59,26.510380952380952,628,5.980952380952381,198.82785714285714,60,31.23076923076923,410,United Kingdom,13.333333333333334,6.5374065018315,2783.59,2472.0446472019466,33.26804331842316,0
14972,189,1,30.300000000000004,15.150000000000002,12,6.0,30.300000000000004,2,0.0,0,United Kingdom,0.0,0.3612499999999999,30.300000000000004,11059.500000000002,23.87162338119637,0
14973,33,1,654.6,130.92000000000002,51,10.2,654.6,5,0.0,0,United Kingdom,0.0,17141.73075,654.6,238929.0,33.44700189205643,0
14975,229,1,192.45,12.83,127,8.466666666666667,192.45,15,0.0,0,United Kingdom,0.0,9.055880952380951,192.45,70244.25,21.44301499854078,1
14976,4,4,425.26,9.04808510638298,111,2.3617021276595747,106.315,35,43.333333333333336,130,United Kingdom,2.127659574468085,11.610443108233117,425.26,1184.8847328244276,35.497016977364915,1
14977,533,1,31.929999999999996,7.982499999999999,17,4.25,31.929999999999996,4,0.0,0,United Kingdom,0.0,3.5590666666666664,31.929999999999996,11654.449999999999,2.8705370226934375,1
14978,43,11,2682.25,10.56003937007874,624,2.456692913385827,243.8409090909091,159,35.1,355,United Kingdom,0.7874015748031495,10.618046349319963,2682.25,2750.059691011236,33.999015916256695,1
14979,543,1,429.66,8.768571428571429,209,4.26530612244898,429.66,42,0.0,0,United Kingdom,0.0,3.601992772108843,429.66,156825.90000000002,2.2928900614313488,1
14980,545,1,150.68,6.278333333333333,79,3.2916666666666665,150.68,24,0.0,0,United Kingdom,0.0,8.649845652173914,150.68,54998.200000000004,2.1477453838172784,1
14981,54,3,313.52,13.063333333333333,229,9.541666666666666,104.50666666666666,20,88.0,177,United Kingdom,8.333333333333332,1.8790840579710149,313.52,642.8921348314607,32.33578138986571,1
14982,380,1,237.78,6.096923076923077,125,3.2051282051282053,237.78,39,0.0,0,United Kingdom,0.0,4.936666936572199,237.78,86789.7,12.22820016919028,1
14983,497,1,183.20000000000002,6.106666666666667,90,3.0,183.20000000000002,30,0.0,0,United Kingdom,0.0,6.046482758620689,183.20000000000002,66868.0,5.0808345603500875,1
14984,196,4,1058.1399999999999,70.54266666666666,290,19.333333333333332,264.53499999999997,11,102.33333333333333,308,United Kingdom,0.0,7.327645714285711,1058.1399999999999,1249.9064724919092,23.82768297563874,0
14985,6,2,292.01,3.5181927710843373,256,3.0843373493975905,146.005,78,159.0,159,United Kingdom,0.0,2.415104701733764,292.01,666.1478125,35.16490504444527,1
14986,184,2,563.1,5.745918367346939,338,3.4489795918367347,281.55,87,307.0,307,United Kingdom,0.0,4.076720818430465,563.1,667.3100649350649,24.320386996210562,1
14987,173,8,1305.85,93.27499999999999,511,36.5,163.23125,4,52.57142857142857,371,United Kingdom,7.142857142857142,4.218021978021977,1305.85,1281.277553763441,25.650305893041118,1
14988,19,7,2038.65,8.675106382978724,1260,5.361702127659575,291.2357142857143,171,64.5,390,United Kingdom,0.0,3.562513446081106,2038.65,1903.0875959079283,35.01304420829458,1
14989,469,1,342.4,19.022222222222222,200,11.11111111111111,342.4,18,0.0,0,United Kingdom,0.0,11.608496732026143,342.4,124975.99999999999,6.803386650559813,1
14990,420,2,304.17,7.242142857142857,129,3.0714285714285716,152.085,41,118.0,118,United Kingdom,0.0,6.198056271777004,304.17,932.9584033613446,9.89118422091739,1
14991,238,1,314.67,14.984285714285715,191,9.095238095238095,314.67,21,0.0,0,United Kingdom,0.0,10.183619047619047,314.67,114854.55,20.9036601748588,1
14992,250,1,210.5,7.796296296296297,145,5.37037037037037,210.5,27,0.0,0,United Kingdom,0.0,3.28201396011396,210.5,76832.5,20.162454698735637,1
14993,371,1,36.13,3.6130000000000004,21,2.1,36.13,9,0.0,0,United Kingdom,0.0,2.6956266666666675,36.13,13187.45,12.760993844960323,1
14994,190,8,872.42,2.7962179487179486,480,1.5384615384615385,109.0525,234,34.142857142857146,241,United Kingdom,3.205128205128205,5.605461089125235,872.42,1315.8400826446282,24.5766522826171,1
14995,88,1,119.31,3.2245945945945946,51,1.3783783783783783,119.31,37,0.0,0,United Kingdom,0.0,4.485697147147146,119.31,43548.15,30.045032030894003,1
14996,289,2,442.28999999999996,10.787560975609756,404,9.853658536585366,221.14499999999998,37,0.0,0,United Kingdom,0.0,4.04946048780488,442.28999999999996,161435.84999999998,17.900151330266866,1
14997,463,1,230.4,19.2,288,24.0,230.4,12,0.0,0,United Kingdom,0.0,0.09467878787878789,230.4,84096.0,7.160435492673635,0
14998,49,3,521.95,5.61236559139785,199,2.139784946236559,173.98333333333335,85,181.5,364,United Kingdom,0.0,13.791747358578775,521.95,521.95,32.65824861642138,0
14999,400,1,129.48000000000002,14.386666666666668,88,9.777777777777779,129.48000000000002,9,0.0,0,United Kingdom,0.0,15.067127777777777,129.48000000000002,47260.200000000004,10.998253054712249,1
15001,202,2,199.10999999999999,4.328478260869565,70,1.5217391304347827,99.55499999999999,44,0.0,0,United Kingdom,0.0,15.316454154589373,199.10999999999999,72675.15,23.19141926973214,1
15002,104,8,3643.91,12.269057239057238,1877,6.31986531986532,455.48875,194,56.714285714285715,399,United Kingdom,0.0,5.884510462735464,3643.91,3325.0678749999997,30.055890629063125,0
15003,281,7,1022.03,3.097060606060606,521,1.5787878787878789,146.00428571428571,253,34.333333333333336,209,United Kingdom,0.30303030303030304,4.23094787141936,1022.03,1776.385476190476,18.933952458548898,1
15005,5,57,9816.46,5.402564667033571,5874,3.232801320858558,172.21859649122806,491,9.105263157894736,541,United Kingdom,4.237754540451293,5.650421477468062,9816.46,6610.715682656826,41.48533906015265,0
15006,261,1,277.4,5.547999999999999,101,2.02,277.4,47,0.0,0,United Kingdom,0.0,12.236062897959181,277.4,101250.99999999999,19.496430160828535,1
15008,288,2,360.0,30.0,1500,125.0,180.0,6,157.0,157,United Kingdom,0.0,0.010909090909090913,360.0,831.6455696202532,17.95440399912665,1
15011,203,2,416.6,20.830000000000002,289,14.45,208.3,17,20.0,20,United Kingdom,0.0,1.684245,416.6,7240.904761904762,23.14833451221183,1
15012,181,2,429.78,3.5519008264462806,242,2.0,214.89,107,203.0,203,United Kingdom,0.0,7.82332936639118,429.78,768.9691176470587,24.492524561462982,1
15013,295,10,1610.82,4.737705882352941,1715,5.044117647058823,161.082,177,20.666666666666668,189,United Kingdom,0.0,2.422777021516571,1610.82,3094.47,18.426394824800646,1
15015,309,20,2265.77,7.404477124183006,1554,5.078431372549019,113.2885,158,11.473684210526315,224,United Kingdom,3.9215686274509802,6.027642478302797,2265.77,3675.5824444444443,18.62081961148934,1
15016,201,5,442.85,5.090229885057472,164,1.8850574712643677,88.57000000000001,77,37.5,150,United Kingdom,2.2988505747126435,5.500174204758084,442.85,1070.4652317880796,23.57111042297974,0
15018,56,3,251.39000000000001,13.966111111111111,93,5.166666666666667,83.79666666666667,17,59.0,119,United Kingdom,5.555555555555555,149.87704967320263,251.39000000000001,764.6445833333333,32.20854914992889,1
15019,74,1,252.81,3.8304545454545456,150,2.272727272727273,252.81,64,0.0,0,United Kingdom,0.0,3.3375875990675996,252.81,92275.65,30.910760372013637,1
15020,187,1,198.47,7.350740740740741,111,4.111111111111111,198.47,27,0.0,0,United Kingdom,0.0,4.124538746438746,198.47,72441.55,24.007614832068374,1
15021,26,10,1238.58,3.4988135593220338,548,1.5480225988700564,123.85799999999999,231,30.666666666666668,279,United Kingdom,1.694915254237288,4.506191075687007,1238.58,1614.5774999999999,34.81811314580993,0
15022,485,1,281.05,14.792105263157895,113,5.947368421052632,281.05,19,0.0,0,United Kingdom,0.0,2.206081871345029,281.05,102583.25,5.821517986179868,1
15023,26,15,7594.73,11.201666666666666,3518,5.188790560471976,506.3153333333333,386,32.142857142857146,455,United Kingdom,0.5899705014749262,10.923963142311866,7594.73,6079.115021929824,35.84066197164146,0
15024,104,9,2603.55,11.369213973799127,1355,5.91703056768559,289.28333333333336,124,15.5,127,United Kingdom,0.0,7.657121512296017,2603.55,7424.185546875001,30.06945636927966,0
15025,376,1,617.83,8.580972222222222,319,4.430555555555555,617.83,72,0.0,0,United Kingdom,0.0,9.78929851330203,617.83,225507.95,12.503793643453884,1
15026,48,4,810.67,7.870582524271844,451,4.378640776699029,202.6675,83,68.66666666666667,208,United Kingdom,0.0,5.183868360936608,810.67,1415.7633971291866,32.84265027274024,1
15027,6,11,2562.01,35.09602739726028,2043,27.986301369863014,232.91000000000003,52,42.1,426,United Kingdom,4.10958904109589,14.093190258751896,2562.01,2190.008548009368,36.24793600307154,0
15028,176,3,521.78,7.673235294117647,333,4.897058823529412,173.92666666666665,45,12.0,25,United Kingdom,0.0,6.191668744512729,521.78,7324.988461538462,24.904876820571562,1
15029,426,2,362.15,32.92272727272727,233,21.181818181818183,181.075,10,1.0,1,United Kingdom,9.090909090909092,7.4900818181818165,362.15,66092.375,9.52967317044145,1
15030,76,8,1599.14,51.58516129032258,1007,32.483870967741936,199.8925,22,53.285714285714285,376,United Kingdom,6.451612903225806,18.429332903225806,1599.14,1548.2389920424405,31.59638841783161,1
15031,90,13,2301.37,6.6131321839080455,1064,3.057471264367816,177.02846153846153,219,40.36363636363637,449,United Kingdom,11.206896551724139,6.613022964490373,2301.37,1866.6667777777777,31.297206231562388,0
15032,64,10,10515.05,107.29642857142856,6301,64.29591836734694,1051.5049999999999,39,52.22222222222222,473,United Kingdom,3.061224489795918,2.7378624026930343,10515.05,8097.03217299578,33.264474098860795,1
15033,16,3,1155.62,6.528926553672315,659,3.7231638418079096,385.20666666666665,151,60.0,120,United Kingdom,0.0,7.402448619671282,1155.62,3485.961157024793,34.72524360724561,0
15034,40,12,6588.17,12.066245421245421,3656,6.695970695970696,549.0141666666667,308,30.90909090909091,344,United Kingdom,0.18315018315018314,14.048938983432462,6588.17,6970.092898550725,34.604308884743254,1
15037,184,2,397.76,8.83911111111111,298,6.622222222222222,198.88,40,0.0,0,United Kingdom,0.0,4.91617,397.76,145182.4,24.30672943363018,1
15038,23,6,842.4,4.529032258064516,260,1.3978494623655915,140.4,155,41.4,209,United Kingdom,0.0,7.912786283057257,842.4,1464.1714285714286,34.57052776395934,0
15039,6,82,31997.11,15.302300334768054,14287,6.832615973218556,390.20865853658535,476,6.160493827160494,530,United Kingdom,0.7173601147776184,8.872683519846982,31997.11,21994.246986817325,45.74403708055269,0
15040,349,1,7.49,7.49,1,1.0,7.49,1,0.0,0,United Kingdom,0.0,0.0,7.49,2733.85,14.101729441162535,1
15041,252,1,109.47,2.8807894736842106,91,2.3947368421052633,109.47,35,0.0,0,United Kingdom,0.0,0.8133968705547655,109.47,39956.55,20.03200920620188,0
15042,7,2,315.45,35.05,238,26.444444444444443,157.725,9,396.0,396,United Kingdom,0.0,18.376169444444447,315.45,290.02329974811084,35.10579119524282,1
15043,271,5,2333.3199999999997,48.610833333333325,719,14.979166666666666,466.66399999999993,39,16.75,69,United Kingdom,0.0,10.838235460992907,2333.3199999999997,12166.597142857141,19.45376444348383,1
15044,15,40,12492.300000000001,17.89727793696275,3791,5.4312320916905446,312.3075,257,12.948717948717949,515,United Kingdom,2.4355300859598854,63.46761131846261,12492.300000000001,8836.607558139536,39.404328290374494,0
15045,60,2,286.9,57.379999999999995,30,6.0,143.45,4,4.0,4,United Kingdom,20.0,4.568000000000001,286.9,20943.699999999997,31.867779646950964,0
15046,2,20,4730.73,15.066019108280253,2388,7.6050955414012735,236.5365,198,25.842105263157894,499,United Kingdom,0.9554140127388535,9.918052327994944,4730.73,3453.4329,37.566801184740804,0
15047,77,1,343.62,15.61909090909091,222,10.090909090909092,343.62,22,0.0,0,United Kingdom,0.0,2.021085714285715,343.62,125421.3,30.735111357715066,1
15048,28,2,254.25,4.309322033898305,120,2.0338983050847457,127.125,58,147.0,147,United Kingdom,0.0,4.6495810052600826,254.25,627.035472972973,33.818684616046745,0
15049,81,1,121.17000000000002,40.39000000000001,63,21.0,121.17000000000002,3,0.0,0,United Kingdom,0.0,1.1172000000000002,121.17000000000002,44227.05,30.47253609962824,1
15050,229,2,2349.5,32.18493150684932,1384,18.958904109589042,1174.75,58,59.0,59,United Kingdom,0.0,4.831403691019788,2349.5,14292.791666666666,21.720696059733203,1
15051,187,7,2528.55,17.0847972972973,2030,13.716216216216216,361.2214285714286,113,59.5,359,United Kingdom,0.6756756756756757,44.983802224673646,2528.55,2563.6687500000003,24.79710110991101,0
15052,127,1,207.73000000000002,7.418928571428572,79,2.8214285714285716,207.73000000000002,27,0.0,0,United Kingdom,0.0,52.13224761904763,207.73000000000002,75821.45000000001,27.671383397875317,1
15053,89,1,222.65,11.1325,257,12.85,222.65,19,0.0,0,United Kingdom,0.0,1.4248410526315787,222.65,81267.25,29.992518152963914,0
15055,282,3,549.12,6.779259259259259,225,2.7777777777777777,183.04,77,123.5,248,United Kingdom,0.0,8.239597530864197,549.12,804.9349397590361,18.435828712401342,1
15056,328,1,113.64999999999999,18.941666666666666,69,11.5,113.64999999999999,6,0.0,0,United Kingdom,0.0,13.917666666666666,113.64999999999999,41482.25,15.392549846496351,1
15057,83,6,3184.56,44.85295774647887,1382,19.464788732394368,530.76,62,91.4,458,United Kingdom,1.4084507042253522,7.432448209255534,3184.56,2532.38431372549,31.100993296391014,1
15058,51,11,1982.05,9.09197247706422,924,4.238532110091743,180.18636363636364,157,40.6,409,United Kingdom,0.45871559633027525,6.559857330993951,1982.05,1764.5079268292682,33.4527768811114,0
15059,23,21,2631.5,5.733115468409586,1205,2.625272331154684,125.30952380952381,250,25.5,518,United Kingdom,1.5250544662309369,6.997298294184239,2631.5,1850.6695568400771,36.21084991598278,0
15061,19,117,101271.36,135.57076305220883,60571,81.08567603748327,865.5671794871795,116,4.419642857142857,526,United Kingdom,1.2048192771084338,6.787779238491063,101271.36,70140.5055028463,54.15522691746906,0
15062,25,7,2411.8,16.406802721088436,1650,11.224489795918368,344.54285714285714,95,64.66666666666667,392,United Kingdom,0.0,4.433640825645328,2411.8,2239.966921119593,34.67756711208537,1
15063,21,1,370.79999999999995,74.16,56,11.2,370.79999999999995,5,0.0,0,United Kingdom,0.0,39.49199999999999,370.79999999999995,135341.99999999997,34.15615992319161,1
15064,218,4,1254.41,15.486543209876544,810,10.0,313.6025,75,101.66666666666667,306,United Kingdom,0.0,62.79084086419753,1254.41,1491.3995114006516,22.50079410264537,1
15065,35,5,1552.98,18.057906976744185,756,8.790697674418604,310.596,79,45.25,183,United Kingdom,3.488372093023256,184.5901385088919,1552.98,3080.6396739130437,33.79712050858638,0
15067,90,4,2953.42,22.54519083969466,1531,11.687022900763358,738.355,125,107.66666666666667,324,United Kingdom,0.7633587786259541,66.18194530827951,2953.42,3316.917846153846,30.45554506087623,1
15068,64,3,861.5,5.630718954248366,598,3.9084967320261437,287.1666666666667,139,182.0,365,United Kingdom,0.0,7.134785681114549,861.5,859.146174863388,31.770545513505663,1
15070,180,3,737.0500000000001,23.032812500000002,339,10.59375,245.68333333333337,26,175.5,351,United Kingdom,0.0,10.79606602822581,737.0500000000001,764.2705965909092,24.678458501475223,1
15071,83,3,1062.16,26.554000000000002,312,7.8,354.05333333333334,31,147.0,294,United Kingdom,0.0,10.33296096153846,1062.16,1314.197966101695,30.627169450369426,1
15072,287,1,187.51999999999998,14.424615384615382,164,12.615384615384615,187.51999999999998,13,0.0,0,United Kingdom,0.0,1.2888307692307694,187.51999999999998,68444.79999999999,17.901704225367244,1
15073,208,5,1744.61,16.615333333333332,919,8.752380952380953,348.92199999999997,89,69.75,281,United Kingdom,0.0,17.44278095238095,1744.61,2258.094503546099,23.251289139603205,0
15074,237,2,817.46,26.36967741935484,608,19.612903225806452,408.73,31,38.0,38,United Kingdom,0.0,1.0464724731182797,817.46,7650.58717948718,21.10574463280813,0
15076,300,4,544.99,16.514848484848486,293,8.878787878787879,136.2475,30,9.666666666666666,29,United Kingdom,6.0606060606060606,15.645725568181815,544.99,6630.711666666667,17.436088951108058,0
15077,264,4,2423.88,71.29058823529412,526,15.470588235294118,605.97,28,90.66666666666667,274,United Kingdom,5.88235294117647,11.252329500891268,2423.88,3217.149818181819,19.789092901400046,1
15078,4,44,11210.78,20.954728971962616,5528,10.332710280373831,254.79045454545457,99,12.162790697674419,538,United Kingdom,3.177570093457944,6.25970668766845,11210.78,7591.715584415586,40.36803165078517,0
15079,20,17,3544.8,23.632,1439,9.593333333333334,208.51764705882354,120,32.125,519,United Kingdom,6.0,32.003586223713654,3544.8,2488.1769230769232,36.071431372451805,1
15080,235,2,546.25,17.620967741935484,287,9.258064516129032,273.125,31,74.0,74,United Kingdom,0.0,2.2867849462365593,546.25,2658.4166666666665,21.205442023884743,1
15081,12,10,1580.3700000000001,18.165172413793105,670,7.7011494252873565,158.037,65,36.333333333333336,331,United Kingdom,2.2988505747126435,22.160517107725216,1580.3700000000001,1737.454969879518,35.70104684382971,1
15082,476,1,93.35000000000001,15.558333333333335,43,7.166666666666667,93.35000000000001,6,0.0,0,United Kingdom,0.0,0.49041666666666694,93.35000000000001,34072.75,6.355463972328503,1
15083,64,1,88.2,17.64,38,7.6,88.2,5,0.0,0,United Kingdom,0.0,32.847,88.2,32193.0,31.507663720046864,1
15084,187,2,965.2,31.135483870967743,600,19.35483870967742,482.6,31,266.0,266,United Kingdom,0.0,22.27662623655913,965.2,1319.4681647940076,24.17045143694797,1
15085,537,1,347.54,38.61555555555556,169,18.77777777777778,347.54,9,0.0,0,United Kingdom,0.0,1.1765750000000001,347.54,126852.1,2.652407078033509,1
15086,372,2,218.53,19.866363636363637,95,8.636363636363637,109.265,10,60.0,60,United Kingdom,0.0,3.366427272727273,218.53,1307.5975409836067,12.814513039433395,1
15087,89,1,306.94,20.462666666666667,470,31.333333333333332,306.94,15,0.0,0,United Kingdom,0.0,1.72454,306.94,112033.1,29.999480750943235,1
15090,116,1,381.32,16.57913043478261,208,9.043478260869565,381.32,23,0.0,0,United Kingdom,0.0,8.320624110671936,381.32,139181.8,28.357273105886183,1
15091,279,4,546.15,18.832758620689653,231,7.9655172413793105,136.5375,28,88.66666666666667,267,United Kingdom,6.896551724137931,4.756873891625616,546.15,743.8236940298507,18.718236052516986,1
15092,23,4,773.16,16.80782608695652,228,4.956521739130435,193.29,39,82.0,247,United Kingdom,2.1739130434782608,9.930769710144927,773.16,1137.916935483871,34.36580336441821,1
15093,7,32,11833.81,38.92700657894736,9828,32.328947368421055,369.8065625,104,17.366666666666667,532,United Kingdom,4.605263157894736,8.668688444502344,11833.81,8103.82861163227,39.04231569826321,0
15094,271,2,83.0,16.6,28,5.6,41.5,4,181.0,181,United Kingdom,0.0,0.49,83.0,166.45604395604394,18.969374035194896,1
15095,11,7,2541.54,23.97679245283019,1859,17.537735849056602,363.07714285714286,89,80.33333333333333,484,United Kingdom,0.0,6.861651653189577,2541.54,1912.7053608247425,35.5429848663216,0
15097,391,4,338.97,7.883023255813954,128,2.9767441860465116,84.7425,39,0.0,0,United Kingdom,4.651162790697675,6.915728571428572,338.97,123724.05,11.86351554722293,1
15100,138,14,1750.1,76.09130434782608,226,9.826086956521738,125.00714285714285,11,28.076923076923077,371,United Kingdom,30.434782608695656,16.498577075098808,1750.1,1717.168010752688,28.420769291058107,1
15101,145,10,1088.24,18.137333333333334,448,7.466666666666667,108.824,49,27.555555555555557,253,United Kingdom,10.0,75.13672644067796,1088.24,1563.8094488188976,27.540737361690123,1
15102,338,2,554.67,20.543333333333333,339,12.555555555555555,277.335,26,16.0,16,United Kingdom,0.0,9.302248717948716,554.67,11909.091176470587,14.917981252100338,1
15104,4,2,993.54,14.828955223880596,635,9.477611940298507,496.77,66,85.0,85,United Kingdom,0.0,31.191170420624157,993.54,4216.768604651163,35.34495357513991,0
15105,238,2,795.98,15.9196,536,10.72,397.99,50,196.0,196,United Kingdom,0.0,3.795932081632653,795.98,1474.7852791878174,21.04292026158372,0
15106,19,2,778.45,14.687735849056605,560,10.566037735849056,389.225,51,57.0,57,United Kingdom,0.0,10.966259288824384,778.45,4898.866379310345,34.41143560280611,0
15107,119,12,740.26,15.750212765957446,320,6.808510638297872,61.68833333333333,33,12.272727272727273,140,United Kingdom,10.638297872340425,18.059651063829786,740.26,1916.2758865248227,29.29829976888007,1
15108,35,1,191.4,17.400000000000002,34,3.090909090909091,191.4,11,0.0,0,European Community,0.0,26.690409090909082,191.4,69861.0,33.28664010921337,0
15109,48,4,961.9,18.86078431372549,254,4.980392156862745,240.475,46,164.33333333333334,494,United Kingdom,5.88235294117647,14.652925490196075,961.9,709.279797979798,32.855142308478904,1
15110,85,4,670.9,23.960714285714285,159,5.678571428571429,167.725,17,69.0,207,United Kingdom,3.571428571428571,51.665565476190494,670.9,1177.3004807692307,30.572252607320536,0
15111,180,3,1163.39,17.36402985074627,454,6.776119402985074,387.7966666666667,60,109.5,219,United Kingdom,0.0,8.140797964721843,1163.39,1930.1697727272729,24.71367541952604,1
15112,419,1,209.4,29.914285714285715,72,10.285714285714286,209.4,7,0.0,0,United Kingdom,0.0,6.868690476190476,209.4,76431.0,9.844903518091344,1
15114,25,5,1357.47,16.355060240963855,1089,13.120481927710843,271.494,67,50.5,203,United Kingdom,0.0,9.187511049074345,1357.47,2428.806617647059,34.39147142717886,0
15115,525,2,187.99,12.532666666666668,87,5.8,93.995,14,14.0,14,United Kingdom,6.666666666666667,2.5696123809523814,187.99,4574.423333333334,3.471331006375331,1
15116,12,1,479.65,31.976666666666667,147,9.8,479.65,15,0.0,0,United Kingdom,0.0,5.408285714285713,479.65,175072.25,34.714601797710955,0
15117,23,4,1246.5900000000001,20.776500000000002,1815,30.25,311.64750000000004,51,139.33333333333334,418,United Kingdom,0.0,1.7755311864406775,1246.5900000000001,1085.9316229116946,34.4049100527721,0
15119,53,1,266.4,19.02857142857143,88,6.285714285714286,266.4,14,0.0,0,United Kingdom,0.0,107.78758241758243,266.4,97235.99999999999,32.193934227401485,1
15121,96,1,295.15,16.397222222222222,125,6.944444444444445,295.15,18,0.0,0,United Kingdom,0.0,4.062614379084968,295.15,107729.74999999999,29.57115643546638,1
15122,4,14,3750.15,18.940151515151516,1705,8.61111111111111,267.86785714285713,139,32.23076923076923,422,United Kingdom,3.535353535353535,8.07994014510588,3750.15,3235.945035460993,36.766687390956456,0
15123,14,4,3526.33,27.125615384615383,1838,14.138461538461538,881.5825,113,142.0,427,United Kingdom,0.0,9.0486442456768,3526.33,3007.267406542056,35.14267372498188,1
15124,284,2,266.63,16.664375,229,14.3125,133.315,16,175.0,175,United Kingdom,0.0,19.080392916666668,266.63,552.9542613636363,18.19089161106531,0
15125,7,20,12220.31,60.19857142857143,6046,29.783251231527093,611.0155,128,21.736842105263158,419,United Kingdom,7.389162561576355,44.01038806516119,12220.31,10620.031309523809,37.88021186624997,0
15126,344,2,449.49,17.9796,273,10.92,224.745,25,150.0,150,United Kingdom,0.0,10.992587666666665,449.49,1086.5155629139074,14.542992713354069,1
15127,327,1,304.97,25.41416666666667,213,17.75,304.97,12,0.0,0,United Kingdom,0.0,124.78982424242427,304.97,111314.05,15.469403493326498,1
15128,7,5,761.72,13.133103448275863,591,10.189655172413794,152.344,49,57.0,230,United Kingdom,6.896551724137931,7.973764700544464,761.72,1203.5835497835499,35.44116185166804,0
15129,18,16,4533.16,27.810797546012267,3067,18.8159509202454,283.3225,68,26.2,399,United Kingdom,0.0,5.527688298114066,4533.16,4136.5085,36.17567040382021,0
15131,202,1,80.28,11.468571428571428,88,12.571428571428571,80.28,7,0.0,0,United Kingdom,0.0,7.481366666666666,80.28,29302.2,23.082101080213818,1
15132,7,2,489.87,19.5948,377,15.08,244.935,24,62.0,62,United Kingdom,0.0,3.230052666666667,489.87,2838.135714285714,35.12019879210548,0
15133,65,4,1482.38,40.064324324324325,592,16.0,370.595,34,87.33333333333333,262,United Kingdom,0.0,3.6892752252252254,1482.38,2057.2954372623576,31.860284425169056,0
15134,21,4,447.75,17.221153846153847,333,12.807692307692308,111.9375,20,69.33333333333333,209,United Kingdom,0.0,2.1032,447.75,778.2321428571429,34.461023678611696,0
15135,41,3,293.78,13.989523809523808,82,3.9047619047619047,97.92666666666666,17,161.0,323,United Kingdom,4.761904761904762,10.803771428571428,293.78,330.95586419753084,33.12780160237862,1
15137,328,5,747.55,18.68875,507,12.675,149.51,39,52.0,210,United Kingdom,15.0,5.760656346153845,747.55,1293.155213270142,15.842921771583057,1
15138,193,2,486.59000000000003,14.745151515151516,278,8.424242424242424,243.29500000000002,31,8.0,8,United Kingdom,6.0606060606060606,47.73688825757575,486.59000000000003,19733.92777777778,23.764616499300086,1
15139,47,2,178.96,13.766153846153847,208,16.0,89.48,13,96.0,96,United Kingdom,0.0,1.3776769230769232,178.96,673.4061855670103,32.652514284166976,1
15140,6,4,2016.8899999999999,28.406901408450704,1339,18.859154929577464,504.22249999999997,67,80.66666666666667,243,United Kingdom,0.0,2.876593279678069,2016.8899999999999,3017.069057377049,35.506390100274,0
15141,265,9,1378.31,16.606144578313252,1184,14.265060240963855,153.14555555555555,44,19.875,163,United Kingdom,3.614457831325301,2.272813253012048,1378.31,3067.5801829268294,20.139188169734812,1
15142,218,6,2110.23,18.036153846153848,1789,15.290598290598291,351.705,97,18.0,90,United Kingdom,0.8547008547008548,4.674866018272916,2110.23,8464.10934065934,22.77049228696018,1
15143,33,2,563.63,18.181612903225805,320,10.32258064516129,281.815,27,206.0,206,United Kingdom,0.0,8.646475913978493,563.63,993.8403381642512,33.53898999430388,1
15144,25,21,7121.09,37.87813829787234,2953,15.707446808510639,339.0995238095238,121,25.15,509,United Kingdom,2.127659574468085,6.298782114006147,7121.09,5096.466372549019,36.45960292310292,0
15145,35,2,724.03,17.659268292682928,438,10.682926829268293,362.015,35,21.0,21,United Kingdom,0.0,17.59967524390244,724.03,12012.315909090908,33.4301393764852,1
15146,96,2,820.72,12.24955223880597,900,13.432835820895523,410.36,63,2.0,2,United Kingdom,5.970149253731343,1.7470362279511529,820.72,99854.26666666666,29.714072526302882,0
15147,26,2,608.65,20.98793103448276,363,12.517241379310345,304.325,28,21.0,21,United Kingdom,3.4482758620689653,11.452229064039411,608.65,10098.056818181818,33.97005920396572,1
15149,384,4,1033.81,22.47413043478261,252,5.478260869565218,258.4525,44,24.333333333333332,73,United Kingdom,0.0,265.1603509178744,1033.81,5099.197972972973,12.348261769803523,0
15150,77,4,4187.86,15.803245283018867,2856,10.777358490566037,1046.965,261,91.0,274,United Kingdom,0.0,5.613861372212693,4187.86,5558.432363636363,31.351164171641653,0
15151,231,2,2085.61,36.58964912280702,795,13.947368421052632,1042.805,56,86.0,86,United Kingdom,0.0,2941.3725466791984,2085.61,8749.972988505748,21.57679785979748,1
15152,503,2,513.73,17.124333333333333,289,9.633333333333333,256.865,30,6.0,6,United Kingdom,3.3333333333333335,1.5907316091954018,513.73,26787.35,4.841339416338504,0
15154,286,2,1089.44,10.680784313725491,244,2.392156862745098,544.72,101,0.0,0,United Kingdom,0.0,9.226919821393905,1089.44,366939.9750000006,18.136757976607424,1
15155,191,1,383.96999999999997,15.99875,192,8.0,383.96999999999997,24,0.0,0,United Kingdom,0.0,10.880421557971015,383.96999999999997,140149.05,23.77873742480209,1
15157,165,4,1773.26,21.364578313253013,2080,25.06024096385542,443.315,81,123.66666666666667,372,United Kingdom,2.4096385542168677,3.0266618865706736,1773.26,1735.2276139410187,25.77930585012172,0
15158,208,2,36.25999999999999,6.043333333333332,12,2.0,18.129999999999995,4,0.0,0,United Kingdom,33.33333333333333,6896.816256666667,36.25999999999999,13234.899999999996,22.811667022058746,1
15159,18,16,8484.24,32.38259541984733,4370,16.6793893129771,530.265,188,14.333333333333334,221,United Kingdom,0.38167938931297707,119.8506133441549,8484.24,13949.313513513513,36.50204104831104,0
15160,165,4,589.27,25.620434782608694,307,13.347826086956522,147.3175,17,20.666666666666668,63,United Kingdom,0.0,4.277331225296443,589.27,3360.68046875,25.681504849035765,1
15161,196,1,119.92,3.633939393939394,144,4.363636363636363,119.92,33,0.0,0,United Kingdom,0.0,2.650729734848485,119.92,43770.8,23.451675825253066,1
15162,536,2,241.5,15.09375,66,4.125,120.75,12,2.0,2,United Kingdom,25.0,8.068,241.5,29382.5,2.80420041571057,1
15163,0,1,155.0,15.5,48,4.8,155.0,10,0.0,0,United Kingdom,0.0,3.485805555555556,155.0,56575.0,35.42038550060489,1
15164,16,9,1549.8600000000001,5.032012987012988,701,2.2759740259740258,172.20666666666668,223,59.625,481,United Kingdom,0.6493506493506493,5.075529222894367,1549.8600000000001,1173.6491701244815,35.35482389775539,1
15165,181,1,487.75,18.064814814814813,160,5.925925925925926,487.75,27,0.0,0,United Kingdom,0.0,16.031267806267806,487.75,178028.75,24.39781056369627,1
15166,275,1,167.16,13.93,140,11.666666666666666,167.16,12,0.0,0,United Kingdom,0.0,11.895709090909094,167.16,61013.4,18.632623163035493,1
15167,128,5,1627.62,5.3540131578947365,863,2.838815789473684,325.524,262,87.75,352,United Kingdom,0.0,10.943753134227887,1627.62,1682.9498583569405,28.12563031097788,1
15169,190,2,569.22,9.647796610169491,356,6.033898305084746,284.61,58,344.0,344,United Kingdom,0.0,3.4457379310344827,569.22,602.2182608695653,23.95459215962468,1
15170,214,1,81.15,20.2875,33,8.25,81.15,4,0.0,0,United Kingdom,0.0,3.949166666666667,81.15,29619.750000000004,22.34957221213132,1
15171,132,2,1034.5,147.78571428571428,190,27.142857142857142,517.25,5,6.0,6,United Kingdom,28.57142857142857,3.3557142857142868,1034.5,53941.78571428571,27.533929175291757,1
15172,4,2,526.2,13.847368421052632,480,12.631578947368421,263.1,38,39.0,39,United Kingdom,0.0,4.867215433854908,526.2,4801.575000000001,35.30634993841367,0
15173,188,8,1399.26,15.900681818181818,828,9.409090909090908,174.9075,68,33.142857142857146,236,United Kingdom,2.272727272727273,5.866359130094044,1399.26,2154.9784810126584,24.74227091366757,1
15174,130,2,481.46,14.160588235294117,382,11.235294117647058,240.73,34,87.0,87,United Kingdom,0.0,4.8023922459893065,481.46,1996.9647727272725,27.61034659260503,1
15176,404,2,985.09,18.586603773584905,447,8.433962264150944,492.545,52,71.0,71,United Kingdom,1.8867924528301887,57.94575544267055,985.09,4993.859027777778,10.92423116065678,1
15177,233,1,948.93,36.49730769230769,485,18.653846153846153,948.93,26,0.0,0,United Kingdom,0.0,13.583406153846154,948.93,346359.44999999995,21.261302191989085,1
15178,68,1,40.5,13.5,30,10.0,40.5,3,0.0,0,United Kingdom,0.0,0.31,40.5,14782.5,31.25952331777788,1
15179,41,14,6679.24,24.376788321167883,4720,17.226277372262775,477.0885714285714,194,38.23076923076923,502,United Kingdom,2.5547445255474455,13.005561146760773,6679.24,4846.764612326044,34.74978644442175,1
15180,175,3,816.9300000000001,15.710192307692308,654,12.576923076923077,272.31,46,110.5,221,United Kingdom,0.0,2.7591548642533934,816.9300000000001,1343.1506756756758,24.990307125940003,1
15181,77,6,563.92,62.657777777777774,142,15.777777777777779,93.98666666666666,8,92.0,461,United Kingdom,33.33333333333333,4.8603444444444435,563.92,445.52121212121205,31.250821213189365,0
15182,76,13,2690.382,23.39462608695652,1065,9.26086956521739,206.95246153846153,75,37.0,410,United Kingdom,2.608695652173913,7.472738708314264,2690.382,2389.268686131387,32.18404060346732,0
15183,355,4,637.03,16.33410256410256,295,7.564102564102564,159.2575,33,12.0,36,United Kingdom,2.564102564102564,9.096880701754388,637.03,6284.2148648648645,14.085938363766568,1
15184,195,2,283.19,12.872272727272728,263,11.954545454545455,141.595,19,336.0,336,United Kingdom,0.0,4.75906341991342,283.19,306.71913946587534,23.625714948454043,0
15186,282,3,991.7900000000001,30.054242424242428,501,15.181818181818182,330.5966666666667,22,111.0,222,United Kingdom,0.0,7.897167613636363,991.7900000000001,1623.333408071749,18.472394535719715,0
15187,20,1,431.6,47.955555555555556,172,19.11111111111111,431.6,9,0.0,0,United Kingdom,0.0,10.8125,431.6,157534.0,34.22223224022865,0
15188,533,1,310.43,13.496956521739131,233,10.130434782608695,310.43,23,0.0,0,United Kingdom,0.0,8.11882608695652,310.43,113306.95,2.8935419288180153,1
15189,5,29,5843.62,48.69683333333333,2348,19.566666666666666,201.50413793103448,54,10.607142857142858,311,United Kingdom,12.5,10.750209180672268,5843.62,6836.286217948718,38.371101324935715,0
15190,242,1,834.4399999999999,20.860999999999997,790,19.75,834.4399999999999,40,0.0,0,United Kingdom,0.0,14.937987115384617,834.4399999999999,304570.6,20.70239443714463,1
15191,271,3,588.05,16.80142857142857,287,8.2,196.01666666666665,33,225.0,225,United Kingdom,0.0,6.474903361344538,588.05,949.7267699115043,19.110595114635785,1
15192,173,3,937.07,17.037636363636363,726,13.2,312.3566666666667,40,157.0,314,United Kingdom,0.0,7.158099528619528,937.07,1085.81126984127,25.122331159788086,0
15194,6,30,7842.68,22.09205633802817,5737,16.16056338028169,261.42266666666666,207,18.137931034482758,537,United Kingdom,6.197183098591549,9.901025722925132,7842.68,5320.777323420074,38.57468189377243,0
15196,240,2,313.7,7.469047619047619,130,3.0952380952380953,156.85,34,293.0,293,United Kingdom,0.0,1.1616550522648086,313.7,389.4574829931973,20.880982415513177,1
15197,60,8,1125.25,24.46195652173913,774,16.82608695652174,140.65625,36,67.71428571428571,475,United Kingdom,8.695652173913043,56.34919884057972,1125.25,862.8492647058823,32.534044708947214,1
15198,215,4,365.81,16.627727272727274,205,9.318181818181818,91.4525,20,93.66666666666667,282,United Kingdom,4.545454545454546,17.207542857142855,365.81,471.80441696113076,22.610543353722665,0
15199,43,8,2510.85,57.064772727272725,725,16.477272727272727,313.85625,17,48.0,340,United Kingdom,0.0,3.85387420718816,2510.85,2687.566715542522,33.686350317448934,1
15200,302,1,549.05,18.301666666666666,195,6.5,549.05,30,0.0,0,United Kingdom,0.0,5.929471264367817,549.05,200403.24999999997,17.01581673407313,1
15201,8,7,1188.55,15.044936708860758,1094,13.848101265822784,169.79285714285714,36,68.16666666666667,411,United Kingdom,12.658227848101266,2.5579735475494974,1188.55,1052.9629854368932,35.614374159211486,0
15202,228,8,-2570.1800000000003,-321.27250000000004,-2,-0.25,-321.27250000000004,1,0.14285714285714285,2,United Kingdom,62.5,731214.0420857144,-2570.1800000000003,-312705.2333333334,21.972381238030867,1
15203,6,11,3265.28,12.705369649805448,3102,12.070038910505836,296.8436363636364,126,52.8,532,United Kingdom,0.0,1.3804916767996112,3265.28,2236.073545966229,36.30602814070253,0
15204,165,1,316.58,35.175555555555555,258,28.666666666666668,316.58,9,0.0,0,United Kingdom,0.0,7.075702777777776,316.58,115551.7,25.360472403041797,1
15206,83,1,17.700000000000003,17.700000000000003,6,6.0,17.700000000000003,1,0.0,0,United Kingdom,0.0,0.0,17.700000000000003,6460.500000000001,30.34188905603185,0
15207,217,5,653.77,24.213703703703704,398,14.74074074074074,130.754,20,34.0,137,United Kingdom,11.11111111111111,0.47262592592592595,653.77,1729.1742753623187,22.611732048691493,1
15208,161,2,165.8,18.422222222222224,60,6.666666666666667,82.9,8,70.0,70,United Kingdom,0.0,4.055277777777778,165.8,852.3521126760563,25.691720270368094,0
15209,538,1,178.98000000000002,13.76769230769231,94,7.230769230769231,178.98000000000002,13,0.0,0,United Kingdom,0.0,9.131408974358974,178.98000000000002,65327.700000000004,2.5774334730826984,1
15210,33,3,1176.19,17.55507462686567,841,12.552238805970148,392.06333333333333,66,174.5,350,United Kingdom,0.0,61.204138851198564,1176.19,1223.1035612535613,33.68909171093491,1
15211,173,1,383.07,16.655217391304348,117,5.086956521739131,383.07,23,0.0,0,United Kingdom,0.0,15.840753359683793,383.07,139820.55,24.877564181098123,1
15212,47,3,195.42999999999998,16.285833333333333,81,6.75,65.14333333333333,7,68.0,137,United Kingdom,16.666666666666664,13.933027272727275,195.42999999999998,516.898188405797,32.75337724140195,1
15213,126,3,325.05,13.002,270,10.8,108.35000000000001,22,5.5,11,United Kingdom,4.0,0.5039523333333333,325.05,9886.9375,27.941129405635163,1
15214,50,1,514.9300000000001,14.712285714285716,402,11.485714285714286,514.9300000000001,35,0.0,0,United Kingdom,0.0,9.293683529411764,514.9300000000001,187949.45,32.3976137079274,0
15215,77,7,839.67,7.0560504201680665,255,2.142857142857143,119.95285714285714,59,56.833333333333336,343,United Kingdom,34.45378151260504,10.94755228599915,839.67,890.9289244186047,31.37310144891619,1
15216,426,1,389.49,17.704090909090908,189,8.590909090909092,389.49,22,0.0,0,United Kingdom,0.0,14.134504112554115,389.49,142163.85,9.432429046015514,1
15217,371,1,426.24,15.222857142857142,190,6.785714285714286,426.24,28,0.0,0,United Kingdom,0.0,6.221055555555553,426.24,155577.6,12.79321806014258,1
15218,25,17,7408.63,24.695433333333334,4135,13.783333333333333,435.80176470588236,114,28.5625,464,United Kingdom,3.0,5.995760600891864,7408.63,5815.37623655914,36.085344609145224,0
15219,456,1,379.7,22.33529411764706,226,13.294117647058824,379.7,17,0.0,0,United Kingdom,0.0,6.480511764705882,379.7,138590.5,7.600118532176304,0
15220,11,4,838.15,14.450862068965517,767,13.224137931034482,209.5375,53,25.0,77,United Kingdom,3.4482758620689653,4.115173895946764,838.15,3922.112179487179,35.103772459133985,0
15221,174,7,1702.0,43.64102564102564,214,5.487179487179487,243.14285714285714,21,44.666666666666664,271,United Kingdom,25.64102564102564,38.878930499325214,1702.0,2283.9338235294117,25.52247648109405,1
15222,126,17,3415.66,21.75579617834395,4141,26.37579617834395,200.92117647058822,98,24.75,404,United Kingdom,12.101910828025478,0.6888278703250043,3415.66,3078.3108641975305,29.589457563346674,1
15223,33,6,1117.1,24.28478260869565,270,5.869565217391305,186.1833333333333,26,101.4,509,United Kingdom,26.08695652173913,10.157252028985505,1117.1,799.493137254902,33.98271816858413,1
15224,166,8,837.26,20.9315,423,10.575,104.6575,24,47.57142857142857,334,United Kingdom,12.5,7.78461,837.26,912.2385074626866,26.038949430047143,1
15225,42,1,409.40000000000003,17.8,226,9.826086956521738,409.40000000000003,23,0.0,0,United Kingdom,0.0,7.775000000000002,409.40000000000003,149431.0,32.8772971128689,1
15226,118,1,154.41,19.30125,71,8.875,154.41,8,0.0,0,United Kingdom,0.0,14.506164285714288,154.41,56359.65,28.216429560989912,1
15227,23,7,2145.91,20.437238095238094,1056,10.057142857142857,306.5585714285714,79,69.16666666666667,418,United Kingdom,0.0,16.308445732600738,2145.91,1869.3488066825776,34.77770395056085,1
15228,102,3,3098.41,21.974539007092197,1871,13.26950354609929,1032.8033333333333,119,102.0,204,United Kingdom,0.0,7.582942097264439,3098.41,5516.681219512195,29.635418434390157,0
15229,394,1,160.5,17.833333333333332,114,12.666666666666666,160.5,9,0.0,0,United Kingdom,0.0,0.4246527777777779,160.5,58582.5,11.367115762800708,1
15230,47,2,429.6,18.678260869565218,351,15.26086956521739,214.8,23,1.0,1,United Kingdom,0.0,2.0775877470355733,429.6,78402.0,32.673217873650145,1
15231,404,2,228.35999999999999,13.432941176470587,182,10.705882352941176,114.17999999999999,14,25.0,25,United Kingdom,17.647058823529413,1.3275382352941179,228.35999999999999,3205.8230769230768,10.8617230722846,1
15233,209,1,59.400000000000006,59.400000000000006,12,12.0,59.400000000000006,1,0.0,0,United Kingdom,0.0,0.0,59.400000000000006,21681.000000000004,22.653025904425757,1
15234,84,1,197.0,14.071428571428571,196,14.0,197.0,14,0.0,0,United Kingdom,0.0,1.4456527472527474,197.0,71905.0,30.29564969396971,1
15235,25,16,2772.76,15.577303370786518,1676,9.415730337078651,173.2975,161,12.692307692307692,170,United Kingdom,0.0,7.760586707293853,2772.76,5918.46432748538,35.60290584095199,1
15236,106,1,321.05,21.403333333333332,269,17.933333333333334,321.05,15,0.0,0,United Kingdom,0.0,2.1130123809523815,321.05,117183.25,28.962795239933914,1
15237,11,2,1093.65,14.39013157894737,798,10.5,546.825,74,23.0,23,United Kingdom,0.0,8.496568210526316,1093.65,16632.59375,34.92587252356016,1
15240,49,17,3242.98,17.43537634408602,2296,12.344086021505376,190.7635294117647,101,30.25,492,United Kingdom,9.67741935483871,9.211955106073818,3242.98,2400.9892494929004,34.27604839637519,0
15241,0,7,2241.27,16.241086956521738,2407,17.442028985507246,320.18142857142857,95,76.5,462,United Kingdom,0.7246376811594203,4.482242758912516,2241.27,1766.875917926566,36.18973236673394,0
15242,230,1,302.04,75.51,196,49.0,302.04,4,0.0,0,United Kingdom,0.0,1.9253666666666664,302.04,110244.6,21.391017388701467,1
15243,243,1,610.6,15.656410256410258,358,9.179487179487179,610.6,39,0.0,0,United Kingdom,0.0,10.171557085020241,610.6,222869.0,20.6228545441846,1
15244,56,3,516.5500000000001,16.662903225806453,305,9.838709677419354,172.18333333333337,28,208.5,418,United Kingdom,6.451612903225806,108.02859247311832,516.5500000000001,449.9779236276851,32.23045213344054,1
15245,69,6,3346.48,30.985925925925926,2063,19.10185185185185,557.7466666666667,71,66.4,333,United Kingdom,0.0,2.1345637244721356,3346.48,3657.0814371257484,31.96906921177299,0
15246,46,3,780.4,15.301960784313724,359,7.03921568627451,260.1333333333333,45,158.0,317,United Kingdom,0.0,4.4569254901960775,780.4,895.7421383647799,32.862747517660964,1
15247,272,3,611.11,50.92583333333334,353,29.416666666666668,203.70333333333335,10,36.0,73,United Kingdom,8.333333333333332,8.005924242424243,611.11,3014.2587837837837,19.051449876333418,0
15248,219,4,1865.03,16.80207207207207,1057,9.522522522522523,466.2575,103,40.333333333333336,122,United Kingdom,4.504504504504505,6.525777903357903,1865.03,5534.438617886179,22.490183021048768,1
15249,4,12,5322.71,17.566699669966997,2822,9.313531353135314,443.55916666666667,214,38.36363636363637,426,United Kingdom,2.31023102310231,12.980922800690673,5322.71,4549.857494145199,36.69758042364273,0
15250,448,1,60.0,20.0,48,16.0,60.0,3,0.0,0,United Kingdom,0.0,0.0,60.0,21900.0,8.06211087519788,1
15251,7,19,13814.26,79.85121387283237,8496,49.10982658959538,727.0663157894737,138,26.166666666666668,480,United Kingdom,5.202312138728324,16.06358749159834,13814.26,10482.75446985447,37.91237426241227,0
15252,225,5,1312.28,17.0425974025974,893,11.597402597402597,262.456,73,48.25,194,United Kingdom,3.896103896103896,8.338614217361586,1312.28,2456.318974358974,22.17772639236316,0
15253,207,6,1117.99,16.939242424242423,713,10.803030303030303,186.33166666666668,58,37.2,187,United Kingdom,4.545454545454546,7.903025104895103,1117.99,2170.5656914893616,23.360081062449627,0
15254,354,3,773.04,15.460799999999999,435,8.7,257.68,47,95.5,191,United Kingdom,2.0,15.421321795918365,773.04,1469.58125,14.058720756938477,0
15255,204,10,2756.52,19.01048275862069,1706,11.76551724137931,275.652,101,37.44444444444444,340,United Kingdom,2.7586206896551726,9.753773304597697,2756.52,2950.5272727272727,24.076588516610883,1
15256,369,1,71.95,17.9875,37,9.25,71.95,4,0.0,0,United Kingdom,0.0,0.7483333333333335,71.95,26261.75,12.886052802742249,0
15257,89,3,600.9,46.223076923076924,70,5.384615384615385,200.29999999999998,11,66.0,132,United Kingdom,7.6923076923076925,3316.702852564103,600.9,1649.0864661654134,30.22276767294151,1
15258,25,1,315.66,19.72875,78,4.875,315.66,16,0.0,0,United Kingdom,0.0,18.505433333333333,315.66,115215.90000000001,33.907404955387385,0
15259,320,4,1182.3799999999999,20.74350877192982,631,11.070175438596491,295.59499999999997,50,56.333333333333336,169,United Kingdom,0.0,1508.05059197995,1182.3799999999999,2538.6394117647055,16.26773798904667,1
15260,11,26,7779.71,22.41991354466859,4044,11.654178674351584,299.2196153846154,171,21.666666666666668,530,United Kingdom,1.440922190201729,8.88110849894221,7779.71,5347.634934086629,37.866220134005275,0
15261,189,3,1253.18,17.166849315068493,536,7.342465753424658,417.7266666666667,70,25.5,52,United Kingdom,0.0,13.305623249619481,1253.18,8630.390566037737,24.17164178397469,0
15262,131,3,418.82,16.108461538461537,218,8.384615384615385,139.60666666666665,22,81.5,164,United Kingdom,0.0,6.8527238461538476,418.82,926.4806060606061,27.643624773804248,1
15264,287,2,450.46000000000004,13.248823529411766,176,5.176470588235294,225.23000000000002,32,50.0,50,United Kingdom,5.88235294117647,7.137410784313723,450.46000000000004,3223.8803921568633,18.022926318015237,1
15265,43,3,2551.76,16.678169934640525,1198,7.830065359477124,850.5866666666667,146,251.0,502,United Kingdom,0.0,9.007499380804955,2551.76,1851.6747514910537,33.19221716405291,0
15266,146,6,841.7,18.297826086956523,235,5.108695652173913,140.28333333333333,39,72.2,363,United Kingdom,2.1739130434782608,11.5443938647343,841.7,844.0123626373627,27.06131243277567,1
15268,286,4,941.2500000000001,34.861111111111114,422,15.62962962962963,235.31250000000003,21,41.666666666666664,126,United Kingdom,18.51851851851852,9.62336182336182,941.2500000000001,2705.167322834646,18.323522028792482,1
15269,188,2,816.56,24.744242424242422,346,10.484848484848484,408.28,32,5.0,10,United Kingdom,0.0,8.65356553030303,816.56,27094.945454545454,24.097123281656053,1
15270,46,27,6215.34,34.722569832402236,2848,15.910614525139664,230.1977777777778,65,18.192307692307693,483,United Kingdom,13.40782122905028,447.842610959764,6215.34,4687.188223140496,35.69974899471081,0
15271,12,15,2721.81,7.356243243243243,1486,4.0162162162162165,181.454,274,20.0,287,United Kingdom,0.8108108108108109,9.625209638907208,2721.81,3449.5161458333337,36.292845529564666,0
15272,258,4,1309.01,5.87,355,1.5919282511210762,327.2525,209,70.66666666666667,213,United Kingdom,0.0,82.53126373772876,1309.01,2232.657242990654,20.06330177868387,1
15273,407,1,228.96,228.96,216,216.0,228.96,1,0.0,0,United Kingdom,0.0,0.0,228.96,83570.40000000001,10.57911996330894,1
15276,202,4,472.67,3.5539097744360904,252,1.894736842105263,118.1675,115,13.333333333333334,40,United Kingdom,3.007518796992481,6.2250352813852805,472.67,4207.915853658536,23.413021092682158,1
15277,233,1,220.44,15.745714285714286,168,12.0,220.44,14,0.0,0,United Kingdom,0.0,3.2020532967032977,220.44,80460.6,21.20112680935823,1
15278,369,4,496.15999999999997,17.10896551724138,458,15.793103448275861,124.03999999999999,29,34.333333333333336,103,United Kingdom,0.0,1.7878992610837443,496.15999999999997,1741.3307692307692,13.2196012393143,1
15279,162,7,1554.84,16.02927835051546,738,7.608247422680412,222.11999999999998,74,53.166666666666664,321,United Kingdom,3.0927835051546393,12.471570296391752,1554.84,1762.4739130434782,26.242921371736816,1
15280,296,2,284.4,6.463636363636363,353,8.022727272727273,142.2,39,82.0,82,United Kingdom,0.0,11.515997040169133,284.4,1250.6746987951806,17.459758731900244,0
15281,5,18,7940.78,15.389108527131782,4981,9.6531007751938,441.15444444444444,414,13.058823529411764,229,United Kingdom,3.6821705426356592,16.426804884473547,7940.78,12601.672608695653,37.449805448028904,0
15282,378,1,348.59,12.91074074074074,395,14.62962962962963,348.59,27,0.0,0,United Kingdom,0.0,1.5655900284900286,348.59,127235.34999999999,12.359453518032465,1
15283,198,4,135.43,13.543000000000001,25,2.5,33.8575,9,42.0,127,United Kingdom,10.0,15.921565555555553,135.43,386.18710937500003,23.629364336733556,1
15284,308,1,24.75,24.75,5,5.0,24.75,1,0.0,0,United Kingdom,0.0,0.0,24.75,9033.75,16.6062076701745,1
15285,215,1,94.92,15.82,120,20.0,94.92,6,0.0,0,United Kingdom,0.0,0.32615,94.92,34645.8,22.289659592938836,1
15287,187,3,369.34000000000003,23.083750000000002,577,36.0625,123.11333333333334,13,178.5,357,United Kingdom,0.0,2.297145000000001,369.34000000000003,376.56173184357544,24.22073416377985,1
15288,8,8,3032.86,22.633283582089554,1134,8.462686567164178,379.1075,114,65.85714285714286,464,United Kingdom,0.0,7.6193916956570495,3032.86,2380.632043010753,35.866221991170875,0
15289,57,4,1011.0600000000001,17.136610169491526,946,16.033898305084747,252.76500000000001,45,123.66666666666667,372,United Kingdom,1.694915254237288,1.0992375803623613,1011.0600000000001,989.3750670241288,32.30975251732309,0
15290,11,19,4537.73,26.850473372781064,3161,18.70414201183432,238.82789473684207,62,24.666666666666668,450,United Kingdom,2.366863905325444,6.73437061848408,4537.73,3672.442239467849,36.901905789085184,0
15291,55,46,11142.43,51.112064220183484,3289,15.087155963302752,242.2267391304348,104,10.444444444444445,488,United Kingdom,8.715596330275229,20.63775851689003,11142.43,8316.94672801636,37.447837604515804,0
15292,9,1,178.39,7.432916666666666,55,2.2916666666666665,178.39,24,0.0,0,United Kingdom,0.0,17.460291123188405,178.39,65112.35,34.87286703285722,1
15293,473,1,247.5,13.026315789473685,178,9.368421052631579,247.5,19,0.0,0,United Kingdom,0.0,0.45334795321637444,247.5,90337.5,6.551347391669363,1
15294,208,2,222.3,13.076470588235296,95,5.588235294117647,111.15,15,10.0,10,United Kingdom,11.76470588235294,7.207261029411765,222.3,7376.318181818182,22.827034464555755,1
15295,462,1,207.04,3.9815384615384612,139,2.673076923076923,207.04,50,0.0,0,United Kingdom,0.0,2.5692918174962287,207.04,75569.59999999999,7.219555950107645,1
15296,20,12,8371.63,18.940339366515836,4710,10.656108597285067,697.6358333333333,321,42.72727272727273,474,United Kingdom,1.3574660633484164,7.384838904279661,8371.63,6432.936736842105,35.972629064009965,0
15298,70,19,5422.77,18.13635451505017,3827,12.799331103678929,285.4089473684211,153,25.555555555555557,468,United Kingdom,3.0100334448160537,3.7172103589145022,5422.77,4220.279424307037,33.37305905289996,0
15299,47,10,3984.61,332.05083333333334,2977,248.08333333333334,398.461,7,55.0,498,United Kingdom,41.66666666666667,334.87298787878785,3984.61,2914.5944889779557,33.76289189020488,0
15301,13,9,3963.7200000000003,20.326769230769234,2234,11.456410256410257,440.41333333333336,158,30.0,244,United Kingdom,0.0,8.02387888977002,3963.7200000000003,5905.133877551021,35.73736590387818,0
15302,530,2,291.05,18.190625,101,6.3125,145.525,15,8.0,8,United Kingdom,6.25,25.246239583333328,291.05,11803.694444444443,3.1745937554345374,1
15303,98,4,1178.78,16.602535211267604,510,7.183098591549296,294.695,63,130.66666666666666,393,United Kingdom,2.8169014084507045,17.545718068410462,1178.78,1092.0170050761421,29.820554171739943,1
15304,26,7,478.65,34.18928571428571,55,3.9285714285714284,68.37857142857142,5,33.5,202,United Kingdom,7.142857142857142,19.223736263736264,478.65,860.6268472906403,34.45683326548871,0
15305,363,1,93.6,18.72,40,8.0,93.6,5,0.0,0,United Kingdom,0.0,7.567,93.6,34164.0,13.25414152170903,1
15306,308,7,2306.63,21.967904761904762,2263,21.552380952380954,329.5185714285714,80,26.0,158,United Kingdom,0.9523809523809524,6.361287692307692,2306.63,5295.094025157233,17.39171248850114,0
15308,78,2,302.27,14.393809523809523,173,8.238095238095237,151.135,19,3.0,3,United Kingdom,9.523809523809524,12.596400000000001,302.27,27582.137499999997,30.770148154538674,1
15309,418,10,715.53,11.73,417,6.836065573770492,71.553,49,13.444444444444445,124,United Kingdom,11.475409836065573,8.72170945355191,715.53,2089.3476,10.843283770205892,1
15310,286,1,1634.64,36.32533333333333,1476,32.8,1634.64,45,0.0,0,United Kingdom,0.0,1.4108449494949495,1634.64,366939.9750000006,18.082290587139024,1
15311,4,210,81380.26,24.409196160767845,49957,14.984103179364126,387.5250476190476,704,2.1826923076923075,542,United Kingdom,6.1787642471505695,6.268645202804607,81380.26,54703.12136279926,62.681646741262675,0
15312,23,12,2599.54,17.68394557823129,1513,10.29251700680272,216.62833333333333,111,45.90909090909091,508,United Kingdom,1.3605442176870748,5.962777588295589,2599.54,1864.1102161100196,35.312687539414135,0
15314,7,4,800.65,15.699019607843137,738,14.470588235294118,200.1625,49,75.66666666666667,228,United Kingdom,1.9607843137254901,3.117148705882352,800.65,1276.14519650655,35.34487509478962,1
15316,134,1,165.0,165.0,100,100.0,165.0,1,0.0,0,United Kingdom,0.0,0.0,165.0,60225.0,27.240503348841937,1
15317,485,2,112.05000000000001,18.675,39,6.5,56.025000000000006,6,53.0,53,United Kingdom,16.666666666666664,3.3826666666666676,112.05000000000001,757.3750000000001,5.907060584567717,1
15319,91,1,204.5,12.78125,175,10.9375,204.5,16,0.0,0,United Kingdom,0.0,15.063531666666666,204.5,74642.5,29.868918788328205,1
15321,99,15,5069.39,19.422950191570884,2996,11.478927203065133,337.95933333333335,207,30.285714285714285,430,United Kingdom,3.4482758620689653,5.789475254936633,5069.39,4293.102900232018,31.175407121333006,1
15322,284,1,711.18,17.345853658536583,555,13.536585365853659,711.18,41,0.0,0,United Kingdom,0.0,155.43564524390246,711.18,259580.69999999998,18.128110240263197,1
15323,341,4,320.9,8.672972972972973,139,3.7567567567567566,80.225,30,42.333333333333336,128,United Kingdom,21.62162162162162,8.089136636636635,320.9,907.9728682170543,14.914525965421957,1
15324,509,1,140.22000000000003,17.527500000000003,74,9.25,140.22000000000003,8,0.0,0,United Kingdom,0.0,1.3616125000000001,140.22000000000003,51180.30000000001,4.344683555342768,1
15325,203,8,1434.52,8.104632768361581,1143,6.4576271186440675,179.315,141,37.57142857142857,265,United Kingdom,0.5649717514124294,5.181660830765278,1434.52,1968.4203007518797,23.829432575977524,0
15326,141,10,1529.82,10.478219178082192,1320,9.04109589041096,152.982,95,44.55555555555556,404,United Kingdom,11.643835616438356,19.217788044402454,1529.82,1378.7266666666665,27.82141339205371,1
15328,215,1,107.24,13.405,88,11.0,107.24,8,0.0,0,United Kingdom,0.0,7.104998214285715,107.24,39142.6,22.290677260599356,1
15329,173,16,1711.98,14.886782608695652,677,5.886956521739131,106.99875,61,23.533333333333335,360,United Kingdom,15.65217391304348,14.273892448512582,1711.98,1730.9493074792244,26.479873307091143,0
15331,307,4,755.41,16.42195652173913,697,15.152173913043478,188.8525,41,54.0,109,United Kingdom,4.3478260869565215,3.2024160386473404,755.41,2506.587727272727,17.0261198248231,1
15332,174,6,4892.68,31.770649350649354,2306,14.974025974025974,815.4466666666667,113,29.0,147,Lithuania,0.0,2.8531884941855536,4892.68,12066.406756756756,25.686533397027613,1
15333,16,1,1028.56,64.285,344,21.5,1028.56,16,0.0,0,United Kingdom,0.0,0.9845183333333335,1028.56,366939.9750000006,34.51574310834318,1
15336,209,1,240.5,16.033333333333335,84,5.6,240.5,15,0.0,0,United Kingdom,0.0,13.131499999999999,240.5,87782.5,22.66798528862382,1
15337,210,2,344.72,14.363333333333335,192,8.0,172.36,21,8.0,8,United Kingdom,12.5,13.938673731884055,344.72,13980.311111111112,22.715046588803105,1
15338,485,1,277.93,4.791896551724138,148,2.5517241379310347,277.93,56,0.0,0,United Kingdom,0.0,4.414812976406534,277.93,101444.45,5.821260265148958,1
15339,126,9,1327.6,7.334806629834254,840,4.640883977900552,147.5111111111111,134,43.5,350,United Kingdom,3.314917127071823,7.933711252302027,1327.6,1380.5527065527065,28.62095786291205,1
15340,369,1,105.5,15.071428571428571,76,10.857142857142858,105.5,7,0.0,0,United Kingdom,0.0,0.6105952380952384,105.5,38507.5,12.888824129853488,1
15341,257,2,380.5,47.5625,194,24.25,190.25,8,111.0,111,United Kingdom,12.5,0.15125000000000008,380.5,1240.0223214285713,19.84864925101626,1
15346,140,4,591.65,15.569736842105263,257,6.7631578947368425,147.9125,36,32.333333333333336,98,United Kingdom,2.631578947368421,3.887880298719771,591.65,2181.3358585858587,27.20795297017625,1
15347,174,6,1132.3,29.79736842105263,536,14.105263157894736,188.71666666666667,29,13.8,71,United Kingdom,5.263157894736842,5.759119843527736,1132.3,5740.131944444444,25.375915124522265,1
15350,181,2,547.6,18.253333333333334,272,9.066666666666666,273.8,26,9.0,9,United Kingdom,0.0,1.4716695402298852,547.6,19987.4,24.50225683449565,1
15351,177,7,1745.09,11.480855263157894,725,4.769736842105263,249.29857142857142,103,10.166666666666666,62,United Kingdom,3.9473684210526314,6.467978372255141,1745.09,10110.442063492063,25.34288565666885,1
15352,356,1,111.15,3.269117647058824,40,1.1764705882352942,111.15,34,0.0,0,United Kingdom,0.0,9.325715240641708,111.15,40569.75,13.682941629858332,1
15353,62,8,2772.57,7.680249307479225,1389,3.847645429362881,346.57125,274,68.57142857142857,483,United Kingdom,0.2770083102493075,7.629482408433358,2772.57,2090.8844008264464,32.54801798705226,1
15354,406,7,-94.8,-13.542857142857143,-1,-0.14285714285714285,-13.542857142857143,1,0.6666666666666666,4,United Kingdom,57.14285714285714,0.0,-94.8,-6920.400000000001,11.210441436601462,1
15356,26,8,1683.2,3.8962962962962964,887,2.053240740740741,210.4,232,28.571428571428573,204,United Kingdom,0.0,1.9103194100713246,1683.2,2996.917073170732,34.65583506964824,0
15357,490,1,-36.75,-36.75,-1,-1.0,-36.75,1,0.0,0,Unspecified,100.0,0.0,-36.75,-13413.75,5.490016481050243,1
15358,15,42,12240.32,14.606587112171837,11476,13.694510739856803,291.43619047619046,308,13.051282051282051,524,United Kingdom,2.267303102625298,9.076555628694361,12240.32,8509.93676190476,39.582518988137046,0
15359,362,9,162.6,9.564705882352941,130,7.647058823529412,18.066666666666666,10,17.0,138,United Kingdom,5.88235294117647,0.08051838235294118,162.6,426.9712230215827,14.116911082978675,1
15361,169,4,689.07,68.90700000000001,373,37.3,172.2675,10,60.0,181,United Kingdom,0.0,606.7074266666667,689.07,1381.9260989010988,25.445548373708885,1
15362,256,2,613.08,15.327000000000002,368,9.2,306.54,38,290.0,290,United Kingdom,0.0,8.180970256410257,613.08,768.9835051546391,19.928911093274415,1
15363,49,3,670.16,18.615555555555556,382,10.61111111111111,223.38666666666666,32,125.5,251,United Kingdom,2.7777777777777777,5.166216825396825,670.16,970.6682539682539,32.6704911914186,1
15364,62,1,331.80000000000007,110.60000000000002,84,28.0,331.80000000000007,3,0.0,0,United Kingdom,0.0,2.333333333333333,331.80000000000007,121107.00000000003,31.64988590725272,1
15365,123,7,2451.42,21.13293103448276,1132,9.758620689655173,350.20285714285717,87,59.333333333333336,357,United Kingdom,0.0,8.83235366566717,2451.42,2499.352793296089,28.69793385586038,1
15366,166,6,1892.11,18.550098039215687,1887,18.5,315.35166666666663,68,58.0,293,United Kingdom,0.0,3.64076114346729,1892.11,2349.0481292517006,25.92707811821006,1
15367,11,11,4544.32,18.104860557768923,2629,10.474103585657371,413.11999999999995,191,52.1,525,United Kingdom,0.796812749003984,5.492861498007976,4544.32,3153.3779467680606,36.10643024166257,1
15368,202,1,275.8,68.95,176,44.0,275.8,4,0.0,0,United Kingdom,0.0,11.912291666666667,275.8,100667.0,23.0982515981509,1
15369,182,12,3305.88,32.09592233009709,1756,17.04854368932039,275.49,46,32.0,357,United Kingdom,42.71844660194174,1.9271322672758424,3305.88,3370.520111731844,25.6640735609716,0
15370,11,4,2480.9,24.563366336633663,1029,10.188118811881187,620.225,77,68.33333333333333,206,United Kingdom,0.0,11.080705009900992,2480.9,4374.533816425121,35.23946836411118,0
15371,470,1,59.400000000000006,59.400000000000006,12,12.0,59.400000000000006,1,0.0,0,United Kingdom,0.0,0.0,59.400000000000006,21681.000000000004,6.718959970359823,1
15372,258,9,3947.02,119.60666666666667,3412,103.39393939393939,438.5577777777778,19,26.375,213,United Kingdom,9.090909090909092,7.714597916666667,3947.02,6732.066822429906,20.778721478274694,0
15373,18,12,1657.58,12.09912408759124,445,3.2481751824817517,138.13166666666666,91,33.72727272727273,376,United Kingdom,3.64963503649635,17.331861120652636,1657.58,1604.8188328912465,35.54012922213982,0
15374,432,1,139.32,19.90285714285714,164,23.428571428571427,139.32,6,0.0,0,United Kingdom,0.0,0.298795238095238,139.32,50851.799999999996,9.045463913592398,0
15375,498,1,60.959999999999994,10.159999999999998,84,14.0,60.959999999999994,6,0.0,0,United Kingdom,0.0,0.8470666666666669,60.959999999999994,22250.399999999998,5.0096871214735685,1
15376,30,1,642.37,11.075344827586207,371,6.396551724137931,642.37,57,0.0,0,United Kingdom,0.0,11.920932607380525,642.37,234465.05,33.62914184180659,0
15377,190,5,1179.95,53.63409090909091,249,11.318181818181818,235.99,15,7.75,32,United Kingdom,4.545454545454546,6.282359307359307,1179.95,13050.962121212122,24.303547688083103,1
15378,270,2,246.5,20.541666666666668,130,10.833333333333334,123.25,8,39.0,39,United Kingdom,0.0,0.040833333333333305,246.5,2249.3125,19.043929669499423,1
15379,16,7,4366.26,18.34563025210084,2659,11.172268907563025,623.7514285714286,169,31.333333333333332,192,United Kingdom,0.8403361344537815,6.931345525298726,4366.26,8257.434715025907,35.388461714764794,0
15380,173,8,1739.8400000000001,91.57052631578948,640,33.68421052631579,217.48000000000002,6,52.857142857142854,373,United Kingdom,10.526315789473683,0.5168040935672515,1739.8400000000001,1697.972192513369,25.686154723235035,0
15381,21,6,1887.62,75.50479999999999,801,32.04,314.6033333333333,20,73.6,369,United Kingdom,4.0,84.52192900000001,1887.62,1862.1116216216217,34.778966083472504,1
15382,18,15,9293.91,21.31630733944954,6300,14.44954128440367,619.5939999999999,241,37.07142857142857,524,United Kingdom,1.6055045871559634,4.620923945481386,9293.91,6461.480285714286,36.46941964635707,0
15383,490,1,-10.5,-10.5,-1,-1.0,-10.5,1,0.0,0,United Kingdom,100.0,0.0,-10.5,-3832.5,5.492184807031464,1
15384,167,4,1682.3,16.992929292929293,1416,14.303030303030303,420.575,77,77.0,232,United Kingdom,2.0202020202020203,4.850145083487938,1682.3,2635.362660944206,25.64969216873581,0
15385,200,2,625.2,69.46666666666667,267,29.666666666666668,312.6,8,284.0,284,United Kingdom,0.0,0.9157111111111113,625.2,800.6947368421054,23.34871565915945,1
15387,300,1,468.65,23.432499999999997,335,16.75,468.65,20,0.0,0,United Kingdom,0.0,5.462394736842106,468.65,171057.25,17.131275583453625,1
15388,78,1,140.54,14.053999999999998,88,8.8,140.54,10,0.0,0,Canada,0.0,2.0577788888888886,140.54,51297.1,30.65728630084533,1
15389,208,4,2233.8,446.76000000000005,3540,708.0,558.45,2,93.33333333333333,281,United Kingdom,0.0,0.20667,2233.8,2891.265957446809,23.192195162012585,0
15390,204,2,1216.66,15.800779220779221,894,11.61038961038961,608.33,77,12.0,12,Canada,0.0,1.766885338345865,1216.66,34160.06923076924,23.15337172295361,1
15391,378,2,282.92,21.763076923076923,108,8.307692307692308,141.46,12,13.0,13,United Kingdom,7.6923076923076925,9.78696923076923,282.92,7376.128571428571,12.453531473511346,1
15392,166,5,1695.27,21.190875,1257,15.7125,339.054,54,18.0,73,United Kingdom,1.25,14.125021772151902,1695.27,8361.804729729729,25.811316076890023,1
15393,89,4,783.58,19.5895,322,8.05,195.895,35,147.0,442,United Kingdom,0.0,9.484243525641023,783.58,645.6133182844244,30.33736005727511,1
15394,12,11,4504.3,22.7489898989899,2004,10.121212121212121,409.4818181818182,119,51.5,519,United Kingdom,1.0101010101010102,10.88163564579808,4504.3,3161.6721153846156,36.04207441277371,1
15395,133,1,107.45,15.35,17,2.4285714285714284,107.45,7,0.0,0,United Kingdom,0.0,1.887023809523809,107.45,39219.25,27.296799613312213,1
15396,391,1,508.20000000000005,254.10000000000002,156,78.0,508.20000000000005,2,0.0,0,United Kingdom,0.0,0.31999999999999984,508.20000000000005,185493.00000000003,11.578986972376441,0
15397,97,1,94.0,15.666666666666666,20,3.3333333333333335,94.0,6,0.0,0,United Kingdom,0.0,1.4336666666666664,94.0,34310.0,29.49349080218308,1
15400,86,4,932.2,46.61,462,23.1,233.05,13,93.33333333333333,282,United Kingdom,0.0,14.31375657894737,932.2,1202.3074204946997,30.532786682609267,0
15401,260,2,216.95000000000002,15.496428571428572,93,6.642857142857143,108.47500000000001,14,116.0,116,United Kingdom,0.0,17.186043956043957,216.95000000000002,676.8098290598291,19.651989364466885,1
15402,4,6,1630.86,13.70470588235294,1769,14.865546218487395,271.81,72,78.6,395,United Kingdom,1.680672268907563,9.05903537957556,1630.86,1503.1916666666666,35.79560800212589,0
15403,299,2,170.88,21.36,492,61.5,85.44,6,238.0,238,United Kingdom,0.0,0.0353142857142857,170.88,260.9673640167364,17.267231468163843,1
15404,183,1,257.06,16.06625,334,20.875,257.06,16,0.0,0,United Kingdom,0.0,5.501246249999999,257.06,93826.9,24.256654779858707,1
15405,384,1,310.74,14.124545454545455,155,7.045454545454546,310.74,22,0.0,0,United Kingdom,0.0,20.762682467532464,310.74,113420.1,11.990026632174413,0
15406,109,3,717.45,6.405803571428572,423,3.7767857142857144,239.15,101,50.666666666666664,152,United Kingdom,0.0,5.531845101351351,717.45,1711.5637254901962,29.011393819296913,1
15407,30,2,329.86,6.731836734693878,209,4.26530612244898,164.93,49,83.0,83,United Kingdom,0.0,11.968944557823134,329.86,1433.320238095238,33.70283009880149,0
15408,72,1,267.18,7.858235294117647,106,3.1176470588235294,267.18,34,0.0,0,United Kingdom,0.0,24.303175846702313,267.18,97520.7,31.03404749770805,1
15409,509,2,117.2,9.766666666666667,54,4.5,58.6,9,19.0,19,United Kingdom,25.0,4.3945454545454545,117.2,2138.9,4.442284524273044,1
15410,11,6,3035.77,29.762450980392156,1267,12.42156862745098,505.96166666666664,71,65.83333333333333,396,United Kingdom,0.0,8.29244100174723,3035.77,2791.0731738035265,35.48430720731938,0
15413,238,7,-2531.3799999999997,-93.75481481481481,2692,99.70370370370371,-361.62571428571425,21,50.833333333333336,308,United Kingdom,7.4074074074074066,1983378.4899871796,-2531.3799999999997,-2990.1414239482197,21.265583132275548,1
15414,50,1,36.2,7.24,12,2.4,36.2,5,0.0,0,United Kingdom,0.0,8.7845,36.2,13213.000000000002,32.35806922423253,1
15415,121,1,559.61,11.906595744680851,551,11.72340425531915,559.61,46,0.0,0,United Kingdom,0.0,2.7871749306197966,559.61,204257.65,28.06675007070034,1
15416,47,6,2854.71,19.824375,1637,11.368055555555555,475.785,124,87.0,436,United Kingdom,0.6944444444444444,11.449879234654235,2854.71,2384.3687643020594,33.27154892943489,0
15418,233,2,449.42,6.609117647058824,264,3.8823529411764706,224.71,64,161.0,161,United Kingdom,0.0,3.687207287093943,449.42,1012.5820987654321,21.31954370770823,1
15420,242,6,743.0,13.267857142857142,844,15.071428571428571,123.83333333333333,52,59.6,300,United Kingdom,0.0,2.1552173701298707,743.0,900.9800664451827,21.192353666280415,1
15421,23,9,3594.34,11.823486842105263,1806,5.940789473684211,399.37111111111113,170,64.125,516,United Kingdom,0.0,6.0701204957008885,3594.34,2537.5901353965187,35.09635343619877,1
15422,131,8,1615.02,13.347272727272728,709,5.859504132231405,201.8775,80,49.0,347,United Kingdom,0.8264462809917356,8.556724449035816,1615.02,1693.9146551724139,28.239946794043274,1
15423,389,3,175.64,11.709333333333332,92,6.133333333333334,58.54666666666666,12,19.0,39,United Kingdom,20.0,29.905088571428568,175.64,1602.715,11.872621650998466,1
15424,62,3,597.78,18.114545454545453,873,26.454545454545453,199.26,33,104.0,208,United Kingdom,0.0,1.2660041666666668,597.78,1043.9698564593302,31.87086160026225,1
15425,208,4,1941.1200000000001,13.574265734265735,1041,7.27972027972028,485.28000000000003,114,87.33333333333333,263,United Kingdom,0.0,7.983101979710432,1941.1200000000001,2683.745454545455,23.168018946843677,1
15426,65,7,1381.46,5.213056603773585,639,2.4113207547169813,197.35142857142858,218,54.5,329,United Kingdom,0.37735849056603776,4.8258252944539715,1381.46,1527.9784848484849,32.15045560374039,1
15428,195,3,668.97,17.60447368421053,245,6.447368421052632,222.99,35,166.5,334,United Kingdom,0.0,42.14297041251778,668.97,728.8777611940299,23.7570839806652,1
15430,275,3,903.75,22.04268292682927,301,7.341463414634147,301.25,36,30.0,60,United Kingdom,12.195121951219512,10.515689024390243,903.75,5407.684426229508,18.892472604236364,1
15431,310,1,153.24,76.62,84,42.0,153.24,2,0.0,0,United Kingdom,0.0,3.7538000000000005,153.24,55932.600000000006,16.4947211939916,1
15432,335,3,130.07,16.25875,25,3.125,43.35666666666666,6,6.5,13,United Kingdom,25.0,20.64987857142857,130.07,3391.110714285714,15.16556073379836,1
15433,21,2,533.3,13.00731707317073,534,13.024390243902438,266.65,40,53.0,53,United Kingdom,0.0,0.4413951219512193,533.3,3604.7129629629626,34.26908538111374,1
15434,7,9,1782.5900000000001,18.568645833333335,965,10.052083333333334,198.06555555555556,70,60.25,485,United Kingdom,5.208333333333334,6.812259956140351,1782.5900000000001,1338.7764403292183,35.92349861884821,0
15436,42,1,484.1,3.8728000000000002,246,1.968,484.1,124,0.0,0,United Kingdom,0.0,4.455023767741936,484.1,176696.5,32.88346754908975,1
15437,70,2,393.45,6.902631578947368,177,3.1052631578947367,196.725,56,378.0,378,United Kingdom,0.0,4.671463784461152,393.45,378.9162269129287,31.266080374861744,1
15439,212,4,1269.05,22.264035087719297,572,10.035087719298245,317.2625,49,82.66666666666667,248,United Kingdom,0.0,3.8364959273182957,1269.05,1860.254016064257,22.86830377532155,1
15440,16,1,125.8,6.29,78,3.9,125.8,20,0.0,0,United Kingdom,0.0,3.4919905263157895,125.8,45917.0,34.441172519283846,0
15441,204,3,1254.21,22.003684210526316,587,10.298245614035087,418.07,45,166.5,334,United Kingdom,0.0,6.800757393483711,1254.21,1366.5273134328359,23.255975949205133,1
15442,56,1,594.0,297.0,120,60.0,594.0,2,0.0,0,United Kingdom,0.0,0.0,594.0,216810.0,32.037844752496945,1
15443,128,9,2303.31,7.527156862745098,1206,3.9411764705882355,255.92333333333332,249,39.875,322,United Kingdom,0.6535947712418301,6.800311677917065,2303.31,2602.811609907121,28.57945421102669,0
15445,72,2,284.5,20.321428571428573,118,8.428571428571429,142.25,12,326.0,326,United Kingdom,0.0,19.79875,284.5,317.5611620795107,31.134980667403372,1
15446,184,5,391.65,3.4355263157894735,261,2.289473684210526,78.33,91,87.0,349,United Kingdom,1.7543859649122806,2.842576960099363,391.65,408.435,24.604732192631214,1
15447,138,6,484.93,16.164333333333335,227,7.566666666666666,80.82166666666667,27,58.6,294,United Kingdom,3.3333333333333335,12.896583448275859,484.93,599.9981355932204,27.520242686497287,1
15448,120,2,788.81,16.09816326530612,487,9.938775510204081,394.405,49,361.0,361,United Kingdom,0.0,10.169543282312924,788.81,795.3470994475138,28.246235202737196,1
15449,50,2,344.27,14.344583333333333,247,10.291666666666666,172.135,23,19.0,19,United Kingdom,4.166666666666666,4.590958695652173,344.27,6282.9275,32.48301918551034,0
15451,242,2,226.86,3.781,76,1.2666666666666666,113.43,56,164.0,164,United Kingdom,0.0,6.295335141242937,226.86,501.84181818181827,20.751709058052704,1
15452,72,4,1493.63,8.117554347826088,941,5.114130434782608,373.4075,148,82.0,247,United Kingdom,0.0,5.541340021382752,1493.63,2198.2860887096776,31.433863280382003,1
15454,170,2,305.99,7.64975,146,3.65,152.995,35,256.0,256,United Kingdom,0.0,7.179096410256411,305.99,434.57723735408564,25.153849820700685,1
15455,405,1,38.25,19.125,3,1.5,38.25,2,0.0,0,United Kingdom,0.0,0.0,38.25,13961.25,10.685466887394634,1
15456,91,10,2091.52,9.21374449339207,2727,12.013215859030836,209.152,128,49.22222222222222,448,United Kingdom,0.0,4.801124369420296,2091.52,1700.2334075723832,30.920314490410174,1
15457,70,1,237.07,4.087413793103448,132,2.2758620689655173,237.07,56,0.0,0,United Kingdom,0.0,1.9965212643678165,237.07,86530.55,31.15366044665409,1
15458,210,1,208.79999999999998,34.8,144,24.0,208.79999999999998,6,0.0,0,United Kingdom,0.0,0.03199999999999995,208.79999999999998,76212.0,22.60431671581739,1
15459,225,2,202.82999999999998,28.975714285714282,121,17.285714285714285,101.41499999999999,6,80.0,80,United Kingdom,0.0,17.772557142857146,202.82999999999998,913.9870370370369,21.787575148348363,1
15460,162,1,214.26,3.8260714285714283,107,1.9107142857142858,214.26,53,0.0,0,United Kingdom,0.0,6.717207142857142,214.26,78204.9,25.535170658024413,1
15461,268,3,391.29999999999995,78.25999999999999,226,45.2,130.4333333333333,4,138.5,278,United Kingdom,60.0,21.047720000000005,391.29999999999995,511.91577060931894,19.277493178288626,1
15462,253,1,502.45,16.74833333333333,323,10.766666666666667,502.45,30,0.0,0,United Kingdom,0.0,7.009436781609195,502.45,183394.25,20.00342043064136,0
15464,146,1,1044.65,6.739677419354839,348,2.2451612903225806,1044.65,155,0.0,0,United Kingdom,0.0,29.819062061164644,1044.65,366939.9750000006,26.580564252408113,1
15465,41,32,9568.19,43.09995495495496,2111,9.50900900900901,299.0059375,89,16.133333333333333,496,United Kingdom,2.7027027027027026,11.630487581019942,9568.19,7026.940342052314,36.77946685267256,0
15466,197,3,1225.93,5.980146341463415,695,3.3902439024390243,408.6433333333334,172,173.0,347,United Kingdom,0.0,3.710984911525586,1225.93,1285.8173850574713,23.680990366698452,1
15468,168,3,947.77,15.796166666666666,1239,20.65,315.92333333333335,56,15.5,32,United Kingdom,6.666666666666667,12.545558728813562,947.77,10482.910606060606,25.42846531600978,1
15469,235,2,329.90000000000003,16.495,130,6.5,164.95000000000002,19,11.0,11,United Kingdom,5.0,14.776710526315787,329.90000000000003,10034.458333333334,21.187570887654754,0
15470,383,1,63.419999999999995,15.854999999999999,232,58.0,63.419999999999995,4,0.0,0,United Kingdom,0.0,0.014699999999999998,63.419999999999995,23148.3,12.030647345351115,1
15471,188,2,837.53,10.213780487804877,414,5.048780487804878,418.765,67,170.0,170,United Kingdom,0.0,3.2058992472146945,837.53,1787.7102339181286,24.09885546435419,1
15473,252,1,274.8,91.60000000000001,104,34.666666666666664,274.8,3,0.0,0,United Kingdom,0.0,0.05333333333333341,274.8,100302.0,20.045665942753324,1
15474,403,1,150.35,7.913157894736842,55,2.8947368421052633,150.35,19,0.0,0,United Kingdom,0.0,12.844949707602341,150.35,54877.75,10.816826793970755,1
15476,188,5,2180.28,27.253500000000003,1168,14.6,436.05600000000004,67,20.333333333333332,62,United Kingdom,1.25,6.616299999999998,2180.28,12631.780952380954,24.508277963661143,1
15477,457,1,368.4,184.2,216,108.0,368.4,2,0.0,0,United Kingdom,0.0,1.8049999999999997,368.4,134466.0,7.5381350584181375,1
15478,383,1,583.56,23.342399999999998,319,12.76,583.56,24,0.0,0,United Kingdom,0.0,9.529195666666668,583.56,212999.4,12.073612414908162,1
15479,541,1,147.4,16.37777777777778,38,4.222222222222222,147.4,9,0.0,0,United Kingdom,0.0,3.7115277777777784,147.4,53801.0,2.391674690523488,1
15480,273,6,2686.75,15.62063953488372,1547,8.994186046511627,447.7916666666667,162,52.25,210,Malta,1.1627906976744187,47496.41480425677,2686.75,4647.695497630332,19.460361149957063,0
15481,209,1,1993.34,52.456315789473685,1450,38.1578947368421,1993.34,38,0.0,0,Norway,0.0,4.571772688477952,1993.34,366939.9750000006,22.812774946259026,1
15482,58,11,2801.35,43.097692307692306,1935,29.76923076923077,254.6681818181818,44,48.2,486,United Kingdom,1.5384615384615385,61238.16267149039,2801.35,2099.574435318275,33.093103005243435,0
15483,74,7,703.51,2.968396624472574,757,3.1940928270042193,100.50142857142858,191,69.16666666666667,417,United Kingdom,0.0,1.7046191196452833,703.51,614.308971291866,31.54500442194816,0
15484,348,2,1061.69,20.03188679245283,924,17.433962264150942,530.845,53,194.0,194,United Kingdom,0.0,4.480566763425255,1061.69,1987.2658974358974,14.349361961180636,1
15485,144,7,3367.55,34.362755102040815,1422,14.510204081632653,481.0785714285715,58,66.66666666666667,401,United Kingdom,4.081632653061225,9.686193572480539,3367.55,3057.601368159204,27.491557563568193,1
15486,335,1,102.0,102.0,40,40.0,102.0,1,0.0,0,United Kingdom,0.0,0.0,102.0,37230.0,14.96423709542473,1
15487,487,1,231.32,16.52285714285714,144,10.285714285714286,231.32,14,0.0,0,United Kingdom,0.0,3.822987362637363,231.32,84431.8,5.695310022135131,1
15488,264,4,340.6,37.84444444444445,178,19.77777777777778,85.15,8,42.0,126,United Kingdom,0.0,0.2557,340.6,978.8897637795276,19.617007943298756,1
15489,19,9,1585.5900000000001,17.424065934065936,852,9.362637362637363,176.17666666666668,66,59.75,481,United Kingdom,4.395604395604396,7.4687457631257645,1585.5900000000001,1200.7061203319504,35.1746251160265,1
15490,238,2,181.35,6.975,72,2.769230769230769,90.675,22,0.0,0,United Kingdom,3.8461538461538463,5.079377384615385,181.35,66192.75,20.99215004452322,1
15491,26,3,1644.92,18.27688888888889,894,9.933333333333334,548.3066666666667,80,8.5,17,United Kingdom,0.0,16.088275955056176,1644.92,33355.322222222225,34.155160593034964,0
15493,57,7,3074.9700000000003,6.641403887688986,911,1.9676025917926565,439.2814285714286,234,67.0,405,United Kingdom,0.21598272138228944,9.529311754695991,3074.9700000000003,2764.443472906404,32.77874492004405,0
15494,286,4,2412.92,9.768906882591093,1912,7.7408906882591095,603.23,220,83.33333333333333,250,United Kingdom,0.4048582995951417,3.6923454066686414,2412.92,3508.8278884462156,18.445086230574734,0
15495,187,1,246.5,12.325,194,9.7,246.5,20,0.0,0,United Kingdom,0.0,4.0945460526315784,246.5,89972.5,24.0115822490923,1
15496,439,1,146.14000000000001,6.6427272727272735,98,4.454545454545454,146.14000000000001,22,0.0,0,United Kingdom,0.0,11.81981406926407,146.14000000000001,53341.100000000006,8.618676837982616,1
15497,120,10,8351.86,70.7784745762712,2836,24.033898305084747,835.186,65,44.77777777777778,408,United Kingdom,1.694915254237288,7.102541742720554,8351.86,7453.371393643032,29.66698492465477,1
15498,18,32,16224.44,23.144707560627676,9120,13.009985734664765,507.01375,485,16.032258064516128,512,United Kingdom,0.8559201141226819,691.0992807328297,16224.44,11543.704873294348,38.733443773490826,0
15499,531,1,158.65,3.8695121951219513,59,1.4390243902439024,158.65,40,0.0,0,United Kingdom,0.0,3.970530487804878,158.65,57907.25,3.0031045835874792,1
15501,212,2,399.95,5.796376811594203,205,2.971014492753623,199.975,64,10.0,10,United Kingdom,0.0,7.263330349531118,399.95,13271.068181818182,22.59750862456747,1
15502,78,13,4747.78,21.48316742081448,3094,14.0,365.21384615384613,155,28.1,284,United Kingdom,9.502262443438914,17.914134409707934,4747.78,6080.490175438596,32.23188751135245,0
15503,170,2,257.3,2.1991452991452993,130,1.1111111111111112,128.65,112,363.0,363,United Kingdom,0.0,2.8676671676982024,257.3,258.00686813186815,25.149827885766374,1
15504,328,4,339.92,6.5369230769230775,107,2.0576923076923075,84.98,33,47.666666666666664,144,United Kingdom,1.9230769230769231,4.518235746606334,339.92,855.6606896551725,15.709747866126571,1
15506,189,3,1058.25,9.448660714285714,795,7.098214285714286,352.75,82,47.5,96,United Kingdom,0.0,5.49872701898327,1058.25,3982.074742268041,24.155540001745376,0
15508,27,3,629.11,11.650185185185185,297,5.5,209.70333333333335,47,7.5,16,United Kingdom,0.0,8.989605345911947,629.11,13507.361764705884,34.01020168569978,0
15509,188,1,152.41,5.861923076923077,58,2.230769230769231,152.41,26,0.0,0,United Kingdom,0.0,13.80287953846154,152.41,55629.65,23.942760081696594,1
15510,138,1,250.0,250.0,2,2.0,250.0,1,0.0,0,United Kingdom,0.0,0.0,250.0,91250.0,27.00332435067612,1
15512,167,3,311.78,10.057419354838709,223,7.193548387096774,103.92666666666666,28,157.5,316,United Kingdom,0.0,6.192529462365591,311.78,358.9895899053628,25.436980762172343,0
15513,7,32,17347.69,44.7105412371134,7002,18.04639175257732,542.1153125,221,15.580645161290322,496,United Kingdom,2.0618556701030926,510.11688842004304,17347.69,12740.255231388328,39.49777814631415,0
15514,33,15,3754.0099999999998,13.359466192170817,2836,10.092526690391459,250.2673333333333,129,35.857142857142854,509,United Kingdom,11.032028469750891,2.733860399084902,3754.0099999999998,2686.693431372549,35.09605695523974,1
15515,195,1,171.81,24.544285714285714,131,18.714285714285715,171.81,7,0.0,0,United Kingdom,0.0,5.35012857142857,171.81,62710.65,23.51701215049991,1
15517,41,1,267.03,9.889999999999999,293,10.851851851851851,267.03,27,0.0,0,United Kingdom,0.0,5.998179487179486,267.03,97465.95,32.926586999825766,1
15518,23,16,3143.36,9.00676217765043,2195,6.289398280802292,196.46,213,33.333333333333336,504,United Kingdom,1.4326647564469914,6.182978717518036,3143.36,2271.933465346535,35.755618595762236,0
15519,191,2,344.61,9.313783783783784,116,3.135135135135135,172.305,34,63.0,63,United Kingdom,0.0,1.554682132132132,344.61,1965.3539062500001,23.874988662435868,1
15521,20,16,5634.12,16.330782608695653,3567,10.339130434782609,352.1325,177,32.333333333333336,491,United Kingdom,1.1594202898550725,102.52541131108869,5634.12,4179.784146341463,36.14451276447382,0
15523,196,17,16707.23,79.5582380952381,15478,73.70476190476191,982.7782352941176,64,21.375,349,United Kingdom,3.8095238095238098,8.585054600136704,16707.23,17423.254142857142,26.413875444593753,1
15524,414,1,151.4,18.925,24,3.0,151.4,8,0.0,0,United Kingdom,0.0,18.315714285714286,151.4,55261.0,10.145362855459332,1
15525,181,2,430.78,5.983055555555556,253,3.513888888888889,215.39,66,9.0,9,United Kingdom,0.0,8.071565238654143,430.78,15723.47,24.492607164357505,1
15527,27,24,3573.5,15.206382978723404,1458,6.2042553191489365,148.89583333333334,153,21.52173913043478,504,United Kingdom,8.936170212765958,11.45195127477723,3573.5,2582.826732673267,36.34296906110951,0
15528,62,1,229.33,8.820384615384615,123,4.730769230769231,229.33,26,0.0,0,United Kingdom,0.0,5.408794461538462,229.33,83705.45000000001,31.641421588650974,1
15529,18,8,2751.62,6.582822966507177,2424,5.7990430622009566,343.9525,296,25.714285714285715,183,United Kingdom,0.0,2.3776937500717135,2751.62,5458.376630434783,35.232490142614694,0
15530,54,2,859.46,9.76659090909091,702,7.9772727272727275,429.73,71,266.0,266,United Kingdom,0.0,7.762989328631139,859.46,1174.9172284644196,32.28137512653925,0
15532,166,7,2527.92,6.091373493975904,913,2.2,361.13142857142856,297,31.333333333333332,191,United Kingdom,0.0,6.501739220068688,2527.92,4805.68125,26.07910035213874,0
15534,533,1,162.25,20.28125,63,7.875,162.25,8,0.0,0,United Kingdom,0.0,7.472678571428572,162.25,59221.25,2.8813018319076384,1
15535,44,9,830.11,7.615688073394495,261,2.3944954128440368,92.23444444444445,75,26.125,212,United Kingdom,3.669724770642202,12.706275535168194,830.11,1422.4889671361502,33.58596875502095,0
15536,217,1,259.09,16.193125,242,15.125,259.09,16,0.0,0,United Kingdom,0.0,2.0037429166666665,259.09,94567.84999999999,22.18112038803251,1
15538,345,11,3036.1,94.878125,989,30.90625,276.0090909090909,20,13.555555555555555,125,United Kingdom,56.25,649.0768926411291,3036.1,8795.051587301587,15.591126513365126,1
15540,183,1,247.38,15.46125,244,15.25,247.38,16,0.0,0,United Kingdom,0.0,1.251782916666667,247.38,90293.7,24.255855183839724,1
15542,320,4,833.16,3.654210526315789,401,1.7587719298245614,208.29,212,75.0,225,United Kingdom,0.8771929824561403,5.7165341274441595,833.16,1345.5902654867257,16.238891406221445,1
15543,96,2,242.26,4.326071428571429,167,2.982142857142857,121.13,50,171.0,171,United Kingdom,0.0,5.171802824675326,242.26,514.0982558139535,29.666290055937267,1
15544,19,19,5996.54,14.99135,5003,12.5075,315.6073684210526,147,25.61111111111111,469,United Kingdom,1.0,2.112392229949875,5996.54,4656.8874468085105,36.53400722924338,0
15545,179,1,135.32999999999998,4.365483870967742,75,2.4193548387096775,135.32999999999998,31,0.0,0,United Kingdom,0.0,6.72288129032258,135.32999999999998,49395.45,24.490799773708698,1
15546,414,3,539.5500000000001,29.975000000000005,99,5.5,179.85000000000002,6,0.0,0,United Kingdom,33.33333333333333,0.0,539.5500000000001,196935.75000000003,10.376430144092703,1
15547,2,21,7516.08,8.125491891891892,4878,5.273513513513514,357.9085714285714,450,27.94736842105263,539,United Kingdom,0.21621621621621623,8.340943834093833,7516.08,5080.3133333333335,37.89638164456185,0
15548,403,1,158.09,6.8734782608695655,64,2.782608695652174,158.09,23,0.0,0,United Kingdom,0.0,12.06229881422925,158.09,57702.85,10.817466140374359,1
15549,123,7,1545.5,14.310185185185185,626,5.796296296296297,220.78571428571428,94,63.333333333333336,382,United Kingdom,0.9259259259259258,8.09364952405677,1545.5,1472.8655352480419,28.623102241654355,0
15550,109,11,1550.1200000000001,8.201693121693122,932,4.931216931216931,140.92000000000002,142,43.1,434,United Kingdom,1.5873015873015872,15.81556780366994,1550.1200000000001,1300.6754022988507,29.87619467197666,0
15551,202,8,1192.95,10.284051724137932,570,4.913793103448276,149.11875,95,22.0,155,United Kingdom,1.7241379310344827,6.720679520239877,1192.95,2791.1971153846157,23.870528255797737,1
15552,25,2,252.52,8.417333333333334,166,5.533333333333333,126.26,29,405.0,405,United Kingdom,0.0,1.9037081609195396,252.52,227.0192118226601,34.001691896189406,1
15554,85,1,217.2,15.514285714285714,74,5.285714285714286,217.2,14,0.0,0,United Kingdom,0.0,10.262760989010989,217.2,79278.0,30.236268211389007,1
15555,9,33,7747.62,7.7476199999999995,5095,5.095,234.77636363636364,502,16.28125,532,United Kingdom,3.6999999999999997,4.774378772372369,7747.62,5305.593433395872,38.68218694215548,0
15558,447,2,131.88,5.495,49,2.0416666666666665,65.94,23,0.0,0,United Kingdom,4.166666666666666,20.317171014492757,131.88,48136.2,8.228600919868422,1
15559,376,1,1109.4,17.893548387096775,526,8.483870967741936,1109.4,62,0.0,0,United Kingdom,0.0,8.71437334743522,1109.4,366939.9750000006,12.544398748314416,1
15560,205,2,153.52,15.352,72,7.2,76.76,10,0.0,0,United Kingdom,0.0,1.490137777777778,153.52,56034.8,23.004503220620666,1
15561,23,5,1399.55,19.438194444444445,1118,15.527777777777779,279.90999999999997,49,111.5,447,United Kingdom,0.0,14.373068525039125,1399.55,1140.2583705357142,34.51704747908049,0
15562,159,3,671.4300000000001,20.346363636363638,560,16.96969696969697,223.81000000000003,32,186.5,374,United Kingdom,0.0,5.46235643939394,671.4300000000001,653.5252,25.955089381587925,1
15563,8,6,2189.6,10.577777777777778,2234,10.792270531400966,364.93333333333334,151,95.8,480,United Kingdom,0.4830917874396135,3.220776872566953,2189.6,1661.5467775467775,35.59756129921127,1
15564,271,2,70.74000000000001,17.685000000000002,42,10.5,35.370000000000005,4,212.0,212,United Kingdom,0.0,6.344891666666666,70.74000000000001,121.22112676056341,18.96836132370805,1
15566,200,2,227.87,18.989166666666666,153,12.75,113.935,9,331.0,331,United Kingdom,0.0,0.734753787878788,227.87,250.51972891566265,23.315895051078737,1
15569,140,6,2496.24,21.519310344827584,1250,10.775862068965518,416.03999999999996,108,63.0,317,United Kingdom,0.0,6.372512023988004,2496.24,2865.1811320754714,27.564282592179655,0
15570,14,23,7032.34,11.005226917057904,2939,4.599374021909234,305.7539130434783,392,18.40909090909091,415,United Kingdom,1.2519561815336464,13.617202688860424,7032.34,6170.2021634615385,37.32282756288908,0
15571,194,10,3241.92,5.970386740331492,2147,3.9539594843462247,324.192,410,38.111111111111114,347,United Kingdom,0.0,7.599284045857032,3241.92,3400.289655172414,24.727184572112822,1
15572,56,6,2305.32,10.384324324324325,1296,5.837837837837838,384.22,174,70.6,355,United Kingdom,0.0,176.00214269291922,2305.32,2363.600561797753,32.67671717576251,0
15573,426,3,597.23,5.238859649122807,415,3.6403508771929824,199.07666666666668,104,55.0,110,United Kingdom,0.0,6.123389628939605,597.23,1963.8644144144146,9.648593946448042,1
15574,166,6,947.34,4.267297297297297,604,2.720720720720721,157.89000000000001,186,20.6,105,United Kingdom,0.45045045045045046,5.046655580693816,947.34,3262.066981132076,25.849037381551828,0
15575,427,1,30.1,10.033333333333333,6,2.0,30.1,3,0.0,0,United Kingdom,0.0,0.4633333333333331,30.1,10986.5,9.341692330702932,1
15577,113,3,166.8,6.95,38,1.5833333333333333,55.6,24,209.5,420,United Kingdom,0.0,10.069492753623187,166.8,144.61282660332543,28.72170829122773,0
15579,121,6,1083.13,7.627676056338029,575,4.049295774647887,180.52166666666668,125,23.4,118,United Kingdom,2.8169014084507045,8.128905029467584,1083.13,3322.205462184874,28.607506775851817,1
15580,184,14,1216.15,4.787992125984252,902,3.5511811023622046,86.86785714285715,155,22.23076923076923,293,United Kingdom,11.41732283464567,5.802822843982449,1216.15,1509.8460884353742,25.568360667224894,1
15581,34,37,2691.78,3.901130434782609,2930,4.246376811594203,72.75081081081082,523,13.805555555555555,511,United Kingdom,5.797101449275362,3651.1873260514076,2691.78,1918.9447265625001,37.13631834790896,0
15582,28,1,303.61,13.800454545454546,255,11.590909090909092,303.61,22,0.0,0,United Kingdom,0.0,4.855787878787877,303.61,110817.65000000001,33.7232594073582,1
15583,184,1,95.96,2.4605128205128204,56,1.435897435897436,95.96,37,0.0,0,United Kingdom,0.0,2.831102834008097,95.96,35025.399999999994,24.18229739250103,1
15584,207,2,547.34,5.585102040816327,170,1.7346938775510203,273.67,93,270.0,270,United Kingdom,0.0,8.008984525562804,547.34,737.1922509225093,22.91493377044148,0
15586,399,4,1128.66,28.94,1302,33.38461538461539,282.165,30,36.333333333333336,109,United Kingdom,2.564102564102564,1.1102376518218626,1128.66,3745.0990909090915,11.440345738598088,1
15587,159,4,953.28,119.16,336,42.0,238.32,3,46.0,140,United Kingdom,0.0,0.44574107142857144,953.28,2467.7106382978723,26.077873494971346,0
15588,485,1,579.6,144.9,96,24.0,579.6,4,0.0,0,United Kingdom,0.0,5.6972916666666675,579.6,211554.0,5.846179080339627,1
15589,60,4,456.58,15.219333333333333,242,8.066666666666666,114.145,28,19.0,58,United Kingdom,3.3333333333333335,28.645464827586206,456.58,2824.6050847457627,32.08080068121796,1
15590,97,6,1466.41,16.66375,831,9.443181818181818,244.40166666666667,76,63.2,317,United Kingdom,1.1363636363636365,13.049260906478581,1466.41,1683.1435534591196,30.10436827846595,1
15591,390,3,217.9,31.12857142857143,58,8.285714285714286,72.63333333333334,6,45.0,91,United Kingdom,0.0,4.801428571428572,217.9,864.4945652173913,11.815062388270936,1
15594,40,2,263.66,16.47875,144,9.0,131.83,15,2.0,2,United Kingdom,6.25,3.7961729166666673,263.66,32078.633333333335,33.08686117668348,1
15595,295,1,357.6,89.4,144,36.0,357.6,4,0.0,0,United Kingdom,0.0,2.6766666666666676,357.6,130524.00000000001,17.427352837267183,1
15596,7,15,2604.37,15.88030487804878,1183,7.213414634146342,173.62466666666666,82,20.928571428571427,300,United Kingdom,6.707317073170732,8.971388463264999,2604.37,3158.1230897009964,36.588394950882225,1
15597,383,1,238.8,15.92,114,7.6,238.8,15,0.0,0,United Kingdom,0.0,5.149166666666667,238.8,87162.0,12.04513424099251,1
15598,235,1,307.34,13.969999999999999,244,11.090909090909092,307.34,22,0.0,0,United Kingdom,0.0,4.5374729437229435,307.34,112179.09999999999,21.08620487879213,1
15599,12,2,937.15,15.619166666666667,741,12.35,468.575,58,241.0,241,United Kingdom,0.0,6.153974322033899,937.15,1413.470041322314,34.851895109517294,1
15600,236,5,1178.71,15.928513513513513,651,8.797297297297296,235.74200000000002,56,41.0,165,United Kingdom,4.054054054054054,11.821537060348021,1178.71,2591.7418674698797,21.49514245219109,1
15601,11,29,12146.87,17.229602836879433,9004,12.771631205673758,418.8575862068966,246,18.607142857142858,534,United Kingdom,0.851063829787234,6.9483125374758155,12146.87,8287.116915887851,38.52546765353568,0
15602,8,20,2141.25,20.011682242990656,1345,12.570093457943925,107.0625,54,29.38888888888889,537,United Kingdom,10.2803738317757,9.298902539234703,2141.25,1452.706784386617,36.986602275131744,0
15603,441,2,26.25,8.75,21,7.0,13.125,2,14.0,14,United Kingdom,33.33333333333333,0.0,26.25,638.75,8.586175942420354,1
15605,60,8,1230.5,17.09027777777778,462,6.416666666666667,153.8125,59,62.57142857142857,441,United Kingdom,1.3888888888888888,25.791010563380286,1230.5,1016.1368778280543,32.542738663595735,1
15606,30,14,4137.18,34.76621848739496,1276,10.722689075630251,295.5128571428572,73,32.23076923076923,424,United Kingdom,0.0,4.712808018800739,4137.18,3553.107529411765,35.211355601922,0
15607,144,13,1578.57,13.726695652173913,1434,12.469565217391304,121.42846153846153,96,30.0,364,United Kingdom,5.217391304347826,7.907449351639975,1578.57,1578.5699999999997,27.94079756269807,1
15608,223,1,692.3,15.384444444444444,548,12.177777777777777,692.3,45,0.0,0,United Kingdom,0.0,4.513514949494949,692.3,252689.49999999997,21.850604421668333,0
15611,64,21,1605.58,25.485396825396823,260,4.126984126984127,76.45619047619047,26,20.85,426,United Kingdom,7.936507936507936,11.665447823860728,1605.58,1372.451288056206,33.62305345138153,0
15613,418,1,433.71999999999997,16.063703703703702,700,25.925925925925927,433.71999999999997,27,0.0,0,United Kingdom,0.0,13.687796011396014,433.71999999999997,158307.8,9.92448306044074,1
15614,236,7,3008.86,35.39835294117647,1606,18.894117647058824,429.83714285714285,74,51.166666666666664,310,United Kingdom,4.705882352941177,11.234817563025212,3008.86,3531.2987138263666,21.845323114726227,1
15615,4,40,15629.89,23.39803892215569,8922,13.3562874251497,390.74725,238,13.435897435897436,540,United Kingdom,1.7964071856287425,6.384388358590162,15629.89,10545.119870609982,40.335052977750706,0
15616,246,1,317.11,24.393076923076926,137,10.538461538461538,317.11,13,0.0,0,United Kingdom,0.0,112.79663974358976,317.11,115745.15000000001,20.415461237520947,1
15617,204,3,828.5500000000001,19.727380952380955,485,11.547619047619047,276.18333333333334,41,55.0,111,United Kingdom,0.0,6.727233739837398,828.5500000000001,2700.185267857143,23.22081520112259,1
15620,11,6,1239.59,13.187127659574466,916,9.74468085106383,206.59833333333333,84,40.6,206,United Kingdom,5.319148936170213,18.68794025394646,1239.59,2185.7504830917874,35.335937540235555,1
15622,5,23,6600.3,16.58366834170854,3620,9.095477386934673,286.96956521739133,297,23.761904761904763,504,United Kingdom,4.773869346733668,23.725979393187597,6600.3,4770.513861386138,37.83659035779003,0
15623,201,7,2136.02,24.000224719101123,962,10.808988764044944,305.1457142857143,77,55.5,335,United Kingdom,0.0,5.997189989785493,2136.02,2320.378869047619,23.90997614102315,0
15624,14,2,311.4,17.299999999999997,120,6.666666666666667,155.7,18,49.0,49,United Kingdom,0.0,12.41702614379085,311.4,2273.22,34.678106226169575,0
15625,43,7,2394.02,16.51048275862069,2340,16.137931034482758,342.0028571428571,101,50.666666666666664,306,United Kingdom,1.3793103448275863,1.0523057183908044,2394.02,2846.3104234527686,33.57719733371966,0
15626,137,3,655.45,12.366981132075473,679,12.81132075471698,218.48333333333335,50,45.0,91,United Kingdom,3.7735849056603774,3.8416034833091435,655.45,2600.426630434783,27.296870730434794,1
15627,265,2,566.9,23.620833333333334,344,14.333333333333334,283.45,23,65.0,65,United Kingdom,0.0,0.5812259057971015,566.9,3135.128787878788,19.375645942154804,1
15628,63,13,3109.55,16.452645502645503,2088,11.047619047619047,239.19615384615386,95,38.75,471,United Kingdom,2.1164021164021163,6.806436749971855,3109.55,2404.6308262711864,33.01231588720941,0
15629,258,4,2240.9,29.102597402597404,1518,19.714285714285715,560.225,39,27.333333333333332,82,United Kingdom,0.0,7.7467204374572765,2240.9,9854.560240963856,20.140278590060646,1
15630,8,3,685.96,16.33238095238095,466,11.095238095238095,228.65333333333334,41,221.5,444,United Kingdom,2.380952380952381,7.552290592334496,685.96,562.6413483146068,35.17484882020456,1
15631,450,1,596.67,15.299230769230768,525,13.461538461538462,596.67,39,0.0,0,United Kingdom,0.0,4.3650511470985185,596.67,217784.55,7.9843412485012655,1
15632,33,4,1226.6,18.87076923076923,686,10.553846153846154,306.65,51,16.0,49,United Kingdom,1.5384615384615385,7.872967211538463,1226.6,8954.179999999998,33.79275821040999,0
15633,317,18,4156.91,22.59190217391304,2014,10.945652173913043,230.93944444444443,77,12.529411764705882,221,United Kingdom,4.3478260869565215,8.06955716025184,4156.91,6834.559234234233,18.089627785912167,1
15634,191,1,311.1,16.373684210526317,128,6.7368421052631575,311.1,19,0.0,0,United Kingdom,0.0,3.6425146198830407,311.1,113551.50000000001,23.772718151878223,1
15635,203,1,100.35,50.175,5,2.5,100.35,2,0.0,0,United Kingdom,0.0,74.42000000000002,100.35,36627.75,23.022708859256827,1
15636,90,3,1026.52,25.663,358,8.95,342.17333333333335,28,143.0,287,United Kingdom,0.0,7.5148573717948715,1026.52,1300.9715277777777,30.19687505585821,1
15637,221,4,574.23,22.08576923076923,523,20.115384615384617,143.5575,23,103.0,310,United Kingdom,0.0,12.593873846153848,574.23,673.9355305466238,22.26145908269872,1
15638,109,9,2137.2,73.69655172413792,1078,37.172413793103445,237.46666666666664,20,47.125,380,United Kingdom,13.793103448275861,9.11813497536946,2137.2,2047.4488188976377,29.725684204168683,1
15639,257,4,603.01,12.83,509,10.829787234042554,150.7525,40,51.666666666666664,155,United Kingdom,6.382978723404255,11.43543681776133,603.01,1410.888782051282,20.06603419620089,0
15640,34,25,16714.61,35.4123093220339,8391,17.777542372881356,668.5844000000001,224,20.5,498,United Kingdom,2.11864406779661,9.15033014817014,16714.61,12226.117535070141,37.10061484456273,0
15641,68,11,4763.7300000000005,17.38587591240876,3956,14.437956204379562,433.0663636363637,228,46.8,472,United Kingdom,0.0,4.455682858747091,4763.7300000000005,3676.0284355179706,32.64470066289632,0
15642,537,1,105.78000000000002,17.630000000000003,270,45.0,105.78000000000002,6,0.0,0,United Kingdom,0.0,0.03922666666666667,105.78000000000002,38609.700000000004,2.6324370022536967,1
15643,90,1,337.1,14.656521739130437,176,7.6521739130434785,337.1,23,0.0,0,United Kingdom,0.0,30.4380747035573,337.1,123041.50000000001,29.940921993191978,0
15644,64,3,423.19,3.778482142857143,279,2.4910714285714284,141.06333333333333,85,2.0,4,United Kingdom,0.0,1.590529979086229,423.19,30892.870000000003,31.734339838807404,0
15645,210,3,430.56,25.327058823529413,134,7.882352941176471,143.52,16,11.0,22,United Kingdom,5.88235294117647,13.531915441176471,430.56,6832.799999999999,22.821639708831125,1
15646,50,5,654.71,10.55983870967742,791,12.758064516129032,130.942,58,41.75,168,United Kingdom,1.6129032258064515,6.1529140137493386,654.71,1414.0186390532547,32.807169890772535,0
15647,223,1,169.0,15.363636363636363,124,11.272727272727273,169.0,11,0.0,0,United Kingdom,0.0,1.296409090909091,169.0,61685.0,21.807378326964592,1
15648,12,4,582.0500000000001,21.55740740740741,210,7.777777777777778,145.51250000000002,24,20.666666666666668,62,United Kingdom,11.11111111111111,9.278148148148146,582.0500000000001,3372.1944444444453,35.02156779679665,1
15649,144,4,1660.35,150.9409090909091,365,33.18181818181818,415.0875,8,16.666666666666668,50,United Kingdom,0.0,12.014727272727274,1660.35,11882.89705882353,27.05203043935244,1
15650,323,3,539.03,14.568378378378378,207,5.594594594594595,179.67666666666665,33,56.0,113,United Kingdom,2.7027027027027026,9.524392342342344,539.03,1725.8416666666667,15.931942746143108,1
15651,68,3,840.08,19.092727272727274,630,14.318181818181818,280.0266666666667,44,167.5,335,United Kingdom,0.0,2.082024735729387,840.08,912.5869047619047,31.524575915304734,1
15652,195,5,1059.7,12.923170731707318,447,5.451219512195122,211.94,76,24.0,97,United Kingdom,1.2195121951219512,81.44236309846434,1059.7,3946.841836734694,23.98836438476644,1
15655,41,2,511.32,13.819459459459459,319,8.621621621621621,255.66,34,10.0,10,United Kingdom,8.108108108108109,13.052381381381382,511.32,16966.52727272727,33.04626854849091,1
15656,28,2,306.86,16.150526315789474,100,5.2631578947368425,153.43,19,63.0,63,United Kingdom,0.0,14.04830350877193,306.86,1750.0609375000001,33.823030354327585,0
15658,5,12,1956.64,16.723418803418806,596,5.094017094017094,163.05333333333334,79,48.63636363636363,538,United Kingdom,13.675213675213676,12.972600279988209,1956.64,1324.9974025974027,36.358483237426576,0
15659,194,2,226.04,22.604,50,5.0,113.02,8,266.0,266,United Kingdom,0.0,8.135556666666666,226.04,309.0059925093633,23.68204425408213,1
15660,4,12,1696.75,16.159523809523808,1153,10.980952380952381,141.39583333333334,53,47.0,475,United Kingdom,2.857142857142857,7.0555070512820555,1696.75,1301.0793067226891,36.39806563221912,0
15661,125,8,1215.95,27.635227272727274,779,17.704545454545453,151.99375,27,36.857142857142854,261,United Kingdom,0.0,6.723172515856236,1215.95,1693.976145038168,28.573282823226453,1
15662,469,2,283.73,23.644166666666667,145,12.083333333333334,141.865,12,77.0,77,United Kingdom,0.0,9.675933333333331,283.73,1327.7108974358976,6.898042826300355,1
15664,167,6,825.92,14.489824561403507,354,6.2105263157894735,137.65333333333334,47,57.4,290,United Kingdom,7.017543859649122,2.1779205513784463,825.92,1035.9477663230239,25.77795767704882,1
15665,51,4,3221.28,13.041619433198381,2285,9.251012145748987,805.32,156,130.33333333333334,392,United Kingdom,0.0,3.1248971528257803,3221.28,2991.774045801527,32.85862345315547,0
15666,280,2,632.9399999999999,9.44686567164179,469,7.0,316.46999999999997,62,23.0,23,United Kingdom,0.0,4.0931676164631385,632.9399999999999,9625.9625,18.46535012155817,1
15668,25,1,76.32000000000001,76.32000000000001,72,72.0,76.32000000000001,1,0.0,0,United Kingdom,0.0,0.0,76.32000000000001,27856.800000000003,33.887634778612316,1
15669,71,1,198.8,18.072727272727274,64,5.818181818181818,198.8,11,0.0,0,United Kingdom,0.0,12.813636363636366,198.8,72562.0,31.08944917283065,0
15670,104,3,315.2,15.76,124,6.2,105.06666666666666,19,129.5,259,United Kingdom,5.0,9.52976315789474,315.2,442.4923076923077,29.283417110225457,1
15671,50,5,1016.13,19.540961538461538,559,10.75,203.226,41,6.75,28,United Kingdom,3.8461538461538463,5.608137405731525,1016.13,12789.222413793104,32.837024228910934,0
15672,533,1,45.300000000000004,15.100000000000001,10,3.3333333333333335,45.300000000000004,3,0.0,0,United Kingdom,0.0,26.813333333333325,45.300000000000004,16534.5,2.8716414233932066,1
15673,22,8,5169.18,23.821105990783412,2653,12.225806451612904,646.1475,147,62.42857142857143,440,United Kingdom,0.4608294930875576,7.42582206861239,5169.18,4278.346258503401,35.1879873520968,0
15674,21,17,5150.91,16.09659375,2795,8.734375,302.99470588235295,219,31.875,517,United Kingdom,7.187499999999999,695.0123742594043,5150.91,3629.50222007722,36.14305064632363,1
15675,88,2,263.35,15.491176470588236,133,7.823529411764706,131.675,16,124.0,124,United Kingdom,0.0,7.434705882352943,263.35,768.9820000000001,30.156432639383244,0
15676,21,2,877.4,13.926984126984127,551,8.746031746031745,438.7,61,70.0,70,United Kingdom,3.1746031746031744,10.609561802355351,877.4,4510.577464788732,34.297509037119006,1
15677,229,2,648.4,16.625641025641023,356,9.128205128205128,324.2,32,42.0,42,United Kingdom,0.0,15.824453441295544,648.4,5503.860465116279,21.580180275860602,1
15678,203,2,1473.24,18.4155,838,10.475,736.62,67,127.0,127,United Kingdom,0.0,5.612497215189874,1473.24,4201.0359375,23.235616034680316,1
15680,174,10,3130.8,16.477894736842106,2112,11.115789473684211,313.08000000000004,129,40.666666666666664,371,United Kingdom,1.0526315789473684,144.47752425508216,3130.8,3071.8870967741937,25.939006959474682,1
15681,88,11,1879.52,35.462641509433965,826,15.584905660377359,170.86545454545455,36,28.1,283,United Kingdom,1.8867924528301887,10.186189767779391,1879.52,2415.580281690141,31.185455347483725,0
15682,407,3,316.99,12.191923076923077,221,8.5,105.66333333333334,25,43.5,88,United Kingdom,3.8461538461538463,2.4159661538461537,316.99,1300.0151685393257,10.785396471238153,1
15683,281,1,330.79,20.674375,201,12.5625,330.79,16,0.0,0,United Kingdom,0.0,5.284824999999998,330.79,120738.35,18.27983910836588,0
15684,355,6,147.8,10.557142857142859,72,5.142857142857143,24.633333333333336,10,37.2,188,United Kingdom,21.428571428571427,8.260659340659341,147.8,285.43386243386243,14.244531524803596,1
15685,258,1,55.980000000000004,3.2929411764705883,36,2.1176470588235294,55.980000000000004,17,0.0,0,United Kingdom,0.0,3.6305345588235296,55.980000000000004,20432.7,19.661290411073498,1
15686,228,1,90.0,90.0,72,72.0,90.0,1,0.0,0,United Kingdom,0.0,0.0,90.0,32850.0,21.495602393046994,1
15687,76,5,1392.5,16.577380952380953,528,6.285714285714286,278.5,58,14.75,61,United Kingdom,1.1904761904761905,13.161904761904765,1392.5,8197.782258064517,31.280811893020868,0
15688,226,1,190.57,7.058148148148148,95,3.5185185185185186,190.57,26,0.0,0,United Kingdom,0.0,4.2810019943019935,190.57,69558.05,21.62600988824926,1
15689,169,2,370.43,17.63952380952381,179,8.523809523809524,185.215,19,256.0,256,United Kingdom,0.0,10.7583,370.43,526.0970817120623,25.22022281227379,0
15691,60,5,511.8,34.12,202,13.466666666666667,102.36,12,120.0,480,United Kingdom,6.666666666666667,9.90459523809524,511.8,388.3721413721414,32.18486450061569,1
15693,467,1,37.5,37.5,30,30.0,37.5,1,0.0,0,United Kingdom,0.0,0.0,37.5,13687.5,6.900301150119958,1
15694,11,22,5931.71,54.92324074074074,1294,11.981481481481481,269.6231818181818,46,24.714285714285715,528,United Kingdom,7.4074074074074066,9.907822499134651,5931.71,4092.7677693761816,37.31556003467853,0
15695,74,4,1131.04,19.170169491525424,484,8.203389830508474,282.76,55,137.66666666666666,414,United Kingdom,0.0,13.9708895382817,1131.04,994.7701204819276,31.28181217475689,1
15696,21,18,2655.91,15.531637426900584,1073,6.2748538011695905,147.55055555555555,116,28.9375,471,United Kingdom,8.771929824561402,64.54306997592019,2655.91,2053.8287076271185,36.036458912051636,1
15697,497,1,246.75,17.625,127,9.071428571428571,246.75,14,0.0,0,United Kingdom,0.0,9.382486263736265,246.75,90063.75,5.086083974297007,1
15698,432,1,46.2,23.1,60,30.0,46.2,2,0.0,0,United Kingdom,0.0,0.18000000000000002,46.2,16863.0,9.037771932054442,1
15702,284,2,140.39000000000001,4.679666666666667,103,3.433333333333333,70.19500000000001,30,205.0,205,Nigeria,0.0,27.137755862068957,140.39000000000001,248.74927184466023,18.180463821660762,1
15703,72,1,211.5,42.3,66,13.2,211.5,5,0.0,0,United Kingdom,0.0,3.2620000000000005,211.5,77197.5,31.029448168541023,1
15704,23,5,2306.11,16.95669117647059,1063,7.8161764705882355,461.22200000000004,100,91.75,367,United Kingdom,1.4705882352941175,8.009884357298475,2306.11,2287.3101902173917,34.591931959139,0
15705,9,1,143.1,23.849999999999998,62,10.333333333333334,143.1,6,0.0,0,United Kingdom,0.0,9.064000000000002,143.1,52231.5,34.86995197670952,1
15708,26,10,2580.9900000000002,10.449352226720649,996,4.032388663967612,258.09900000000005,98,22.555555555555557,207,United Kingdom,2.42914979757085,7.0969731937724205,2580.9900000000002,4529.141105769231,34.92900009744617,0
15709,91,2,327.85,12.142592592592594,169,6.2592592592592595,163.925,26,305.0,305,United Kingdom,0.0,26.79387464387465,327.85,391.062908496732,29.978610342929773,1
15710,225,1,898.87,8.171545454545454,641,5.827272727272727,898.87,110,0.0,0,United Kingdom,0.0,4.946239332777313,898.87,328087.55,21.74556757948977,1
15711,364,2,420.25,16.81,199,7.96,210.125,25,128.0,128,United Kingdom,0.0,6.696266666666666,420.25,1189.0794573643411,13.319576183717004,1
15712,95,9,2694.9,20.415909090909093,899,6.8106060606060606,299.43333333333334,71,55.875,451,United Kingdom,0.7575757575757576,7.20209923664122,2694.9,2176.191371681416,30.626452693144856,0
15713,168,5,629.29,14.302045454545453,356,8.090909090909092,125.85799999999999,39,90.5,363,United Kingdom,4.545454545454546,18.777074154334034,629.29,631.0188186813186,25.601162921286562,0
15714,261,3,453.93,32.42357142857143,175,12.5,151.31,14,50.5,102,United Kingdom,0.0,1.8748642857142859,453.93,1608.5868932038836,19.710017024923008,1
15715,363,5,658.02,17.316315789473684,246,6.473684210526316,131.60399999999998,33,15.75,63,United Kingdom,0.0,5.893737980085348,658.02,3752.7703125,13.698774197684301,1
15716,9,10,2268.89,8.693065134099616,1283,4.915708812260537,226.88899999999998,175,58.44444444444444,531,United Kingdom,0.0,7.325975119363394,2268.89,1556.6632518796994,35.94107077191668,0
15717,42,5,607.0,25.291666666666668,224,9.333333333333334,121.4,17,89.0,358,United Kingdom,0.0,6.958256340579709,607.0,617.1448467966574,33.291629395075354,1
15718,348,1,293.79,16.32166666666667,95,5.277777777777778,293.79,18,0.0,0,United Kingdom,0.0,6.2281633986928115,293.79,107233.35,14.18642871091445,1
15719,7,32,7519.32,5.7663496932515335,3919,3.0053680981595092,234.97875,366,17.433333333333334,538,United Kingdom,0.843558282208589,4.642540871172703,7519.32,5091.932838589981,38.68592633587388,0
15720,358,1,140.49,5.6196,46,1.84,140.49,25,0.0,0,United Kingdom,0.0,11.673808999999999,140.49,51278.850000000006,13.563265076683507,1
15722,98,10,3250.14,24.07511111111111,1353,10.022222222222222,325.014,79,38.55555555555556,349,United Kingdom,9.62962962962963,12.811581293532337,3250.14,3389.4317142857144,30.588669428711658,0
15723,172,4,930.7,7.566666666666667,427,3.4715447154471546,232.675,108,69.33333333333333,209,United Kingdom,0.0,5.832487538318008,930.7,1617.645238095238,25.28235752796223,1
15724,9,5,299.8,14.99,114,5.7,59.96,17,49.5,199,United Kingdom,15.0,2.651736842105263,299.8,547.135,35.280905800529986,1
15726,198,1,321.91,13.99608695652174,123,5.3478260869565215,321.91,23,0.0,0,United Kingdom,0.0,13.528815019762845,321.91,117497.15000000001,23.346260661817585,1
15727,6,12,7443.62,13.733616236162362,4260,7.8597785977859775,620.3016666666666,344,43.72727272727273,486,United Kingdom,0.0,374.9011314880873,7443.62,5578.8938398357295,36.75067360656479,0
15728,187,2,544.6,45.38333333333333,132,11.0,272.3,10,64.0,64,United Kingdom,0.0,0.2833333333333333,544.6,3058.1384615384613,24.135708659511717,1
15729,6,5,154.70000000000002,11.900000000000002,40,3.076923076923077,30.940000000000005,10,51.0,205,United Kingdom,15.384615384615385,1.9626923076923084,154.70000000000002,274.1043689320388,35.45207030368491,1
15730,12,5,1054.73,14.253108108108108,678,9.162162162162161,210.946,65,56.0,226,United Kingdom,5.405405405405405,7.808453406145873,1054.73,1695.9314977973568,35.16011502054184,1
15731,361,1,125.3,15.6625,122,15.25,125.3,8,0.0,0,United Kingdom,0.0,0.15124999999999994,125.3,45734.5,13.378860155565524,1
15732,20,12,1499.42,14.700196078431373,1255,12.303921568627452,124.95166666666667,53,41.54545454545455,461,United Kingdom,2.941176470588235,3.1661360997864505,1499.42,1184.6067099567101,35.404964626241984,1
15733,90,1,162.3,16.23,62,6.2,162.3,10,0.0,0,United Kingdom,0.0,9.29277777777778,162.3,59239.50000000001,29.926483007229407,1
15734,8,3,1502.5,53.660714285714285,303,10.821428571428571,500.8333333333333,22,173.0,347,United Kingdom,0.0,3015.716121031746,1502.5,1575.8979885057472,35.24229738769814,0
15735,229,1,327.68,17.246315789473684,206,10.842105263157896,327.68,19,0.0,0,United Kingdom,0.0,23.742802339181285,327.68,119603.2,21.45418538796709,1
15736,238,3,1668.67,16.200679611650486,1199,11.640776699029127,556.2233333333334,95,2.5,5,United Kingdom,2.912621359223301,11.70785964210927,1668.67,101510.75833333333,21.21450946916694,1
15737,48,2,469.28000000000003,15.138064516129033,284,9.161290322580646,234.64000000000001,29,1.0,1,United Kingdom,6.451612903225806,6.649104731182794,469.28000000000003,85643.6,32.61544549545474,0
15738,12,38,10816.04,26.44508557457213,7638,18.674816625916872,284.6326315789474,66,13.675675675675675,524,United Kingdom,0.9779951100244498,2.3868118869552717,10816.04,7519.723047619049,39.25000957042765,0
15741,266,2,208.62,17.385,70,5.833333333333333,104.31,11,160.0,160,United Kingdom,0.0,8.637042424242425,208.62,472.95838509316775,19.285000916055143,1
15742,427,1,156.87,3.82609756097561,51,1.2439024390243902,156.87,41,0.0,0,United Kingdom,0.0,11.583771951219513,156.87,57257.55,9.352163899641576,1
15745,44,1,302.85,16.825000000000003,127,7.055555555555555,302.85,18,0.0,0,United Kingdom,0.0,13.895449673202615,302.85,110540.25000000001,32.746395652357386,1
15747,183,7,1551.22,12.214330708661418,877,6.905511811023622,221.60285714285715,78,52.0,314,United Kingdom,0.7874015748031495,2.8516517310336207,1551.22,1797.4453968253968,24.960571067207365,0
15748,257,2,465.45000000000005,29.090625000000003,211,13.1875,232.72500000000002,16,0.0,0,United Kingdom,0.0,4.949322916666666,465.45000000000005,169889.25000000003,19.855666366905965,1
15749,43,4,21535.9,1435.7266666666667,9014,600.9333333333333,5383.975,6,32.333333333333336,97,United Kingdom,33.33333333333333,3.429720952380952,21535.9,80210.23979591837,34.85986456563966,1
15750,91,19,4510.4710000000005,10.81647721822542,3041,7.292565947242206,237.3932105263158,282,24.833333333333332,455,United Kingdom,3.357314148681055,10.51287286591495,4510.4710000000005,3610.3550767543866,32.0156492327785,0
15751,268,14,1318.84,9.842089552238805,437,3.2611940298507465,94.20285714285714,90,20.76923076923077,272,United Kingdom,2.9850746268656714,15.377320934799682,1318.84,1763.284249084249,20.448638030258305,1
15752,57,5,2340.9900000000002,6.926005917159764,1607,4.754437869822485,468.19800000000004,266,51.5,208,United Kingdom,0.0,2.091883553105193,2340.9900000000002,4088.331818181819,32.519111072397884,0
15753,112,1,79.2,79.2,144,144.0,79.2,1,0.0,0,United Kingdom,0.0,0.0,79.2,28908.0,28.576517363593226,1
15754,54,9,2637.9900000000002,23.553482142857145,1594,14.232142857142858,293.11,96,50.75,408,United Kingdom,2.6785714285714284,72.6234040460103,2637.9900000000002,2354.196454767726,33.12480426547007,1
15755,43,14,4238.8,15.69925925925926,2957,10.951851851851853,302.7714285714286,208,38.0,500,United Kingdom,1.1111111111111112,5.137034426545505,4238.8,3088.1477045908186,34.4260989144126,0
15756,21,2,244.17,2.8391860465116276,105,1.2209302325581395,122.085,83,36.0,36,United Kingdom,0.0,4.267327332421339,244.17,2408.704054054054,34.245202406220386,0
15757,25,5,2487.3,15.166463414634148,1433,8.737804878048781,497.46000000000004,140,82.0,329,United Kingdom,0.0,14.074031673649555,2487.3,2751.1045454545456,34.484798655497464,1
15759,26,10,810.98,40.549,518,25.9,81.098,10,57.22222222222222,519,United Kingdom,15.0,8.572222105263158,810.98,569.245576923077,34.782792148112016,1
15760,438,5,-5795.87,-1159.174,-1,-0.2,-1159.174,1,0.0,0,Norway,60.0,270188.2580000001,-5795.87,-2115492.55,8.586909623998485,1
15761,250,1,143.05,28.610000000000003,31,6.2,143.05,5,0.0,0,United Kingdom,0.0,25.728,143.05,52213.25000000001,20.156883133500077,1
15764,84,5,2328.7400000000002,17.91338461538462,1512,11.63076923076923,465.74800000000005,115,50.0,201,United Kingdom,1.5384615384615385,13.675118431723318,2328.7400000000002,4207.871782178218,30.86974753858833,0
15765,474,1,370.63,14.8252,335,13.4,370.63,25,0.0,0,United Kingdom,0.0,12.666817333333332,370.63,135279.95,6.500468225021884,1
15766,252,3,484.6,28.50588235294118,160,9.411764705882353,161.53333333333333,15,118.5,238,United Kingdom,11.76470588235294,14.376599264705881,484.6,740.0794979079498,20.262001005148566,1
15767,449,2,-242.70000000000002,-26.96666666666667,-50,-5.555555555555555,-121.35000000000001,9,94.0,94,United Kingdom,100.0,8.631111111111109,-242.70000000000002,-932.4789473684211,8.07555940553798,1
15768,11,35,15124.58,12.582845257903495,4121,3.428452579034942,432.13085714285717,435,15.205882352941176,532,United Kingdom,0.24958402662229617,36.540619871751346,15124.58,10357.357786116323,39.36845004395806,0
15769,5,35,60243.58,401.6238666666667,34406,229.37333333333333,1721.2451428571428,19,15.176470588235293,531,United Kingdom,1.3333333333333335,0.45136896644295316,60243.58,41332.53139097744,43.46171040822904,0
15770,420,1,321.45,17.858333333333334,67,3.7222222222222223,321.45,18,0.0,0,United Kingdom,0.0,10.50653594771242,321.45,117329.25,9.793109111372553,1
15771,412,3,1006.54,35.94785714285714,512,18.285714285714285,335.5133333333333,26,44.5,89,United Kingdom,0.0,5.510485052910053,1006.54,4082.0788888888887,10.53710499190599,1
15772,226,1,280.88,17.555,110,6.875,280.88,16,0.0,0,United Kingdom,0.0,9.895666666666665,280.88,102521.2,21.63346975565361,1
15773,217,1,138.84,3.7524324324324327,99,2.675675675675676,138.84,37,0.0,0,United Kingdom,0.0,3.632404354354356,138.84,50676.6,22.171187389966153,1
15774,217,6,1011.8000000000001,11.765116279069769,377,4.383720930232558,168.63333333333335,70,49.2,247,United Kingdom,1.1627906976744187,13.897172270861837,1011.8000000000001,1489.141129032258,22.74080885057965,1
15775,53,2,150.5,16.72222222222222,260,28.88888888888889,75.25,9,386.0,386,United Kingdom,0.0,6.577952777777778,150.5,141.94444444444446,32.28386303948849,1
15777,49,9,1732.1599999999999,42.247804878048775,595,14.512195121951219,192.4622222222222,29,40.5,327,United Kingdom,4.878048780487805,13.06008012195122,1732.1599999999999,1927.5560975609753,33.355230390774864,1
15778,239,1,307.95,18.11470588235294,101,5.9411764705882355,307.95,17,0.0,0,United Kingdom,0.0,7.331911764705882,307.95,112401.75,20.842055022357545,1
15779,271,2,124.08000000000001,15.510000000000002,20,2.5,62.040000000000006,8,69.0,69,United Kingdom,0.0,14.958485714285716,124.08000000000001,646.9885714285715,18.97276736210189,1
15780,50,2,402.76,16.1104,192,7.68,201.38,24,114.0,114,United Kingdom,0.0,12.389184333333333,402.76,1278.3252173913042,32.487850628810975,0
15781,113,1,83.35,16.669999999999998,29,5.8,83.35,5,0.0,0,United Kingdom,0.0,25.982999999999997,83.35,30422.749999999996,28.515810104555438,0
15782,238,2,1391.71,73.24789473684211,979,51.526315789473685,695.855,19,291.0,291,United Kingdom,5.263157894736842,4.624881871345028,1391.71,1739.6375000000003,21.09212928393774,1
15784,275,2,848.3299999999999,19.72860465116279,381,8.86046511627907,424.16499999999996,33,204.0,204,United Kingdom,0.0,15.050029235880396,848.3299999999999,1510.4412195121952,18.788392264259723,1
15785,5,21,4841.03,23.84743842364532,3586,17.665024630541872,230.52523809523808,87,25.9,526,United Kingdom,7.8817733990147785,16.15114801736332,4841.03,3352.895540796964,37.492264588418664,0
15786,218,4,3558.65,17.617079207920792,2562,12.683168316831683,889.6625,166,41.666666666666664,126,United Kingdom,1.4851485148514851,67.41255171912712,3558.65,10227.616141732284,22.6911309963204,0
15788,308,2,215.53,14.368666666666666,112,7.466666666666667,107.765,14,7.0,7,United Kingdom,6.666666666666667,24.034906666666668,215.53,9833.55625,16.721469137953733,1
15789,166,7,1932.01,13.800071428571428,2475,17.678571428571427,276.00142857142856,110,43.833333333333336,265,United Kingdom,1.4285714285714286,6.299411813977387,1932.01,2651.0663533834586,26.029876461263708,1
15791,12,7,3160.59,20.00373417721519,1777,11.246835443037975,451.5128571428572,113,72.5,437,United Kingdom,7.59493670886076,4.722117439329193,3160.59,2633.8250000000003,35.53307012712583,0
15792,207,2,933.84,16.383157894736843,606,10.631578947368421,466.92,57,218.0,218,United Kingdom,0.0,3.710589160401003,933.84,1556.4,22.94685978917451,1
15793,76,6,1740.6,82.88571428571429,1324,63.04761904761905,290.09999999999997,9,93.6,469,United Kingdom,0.0,2.535659047619048,1740.6,1351.7425531914894,31.40906844816642,1
15794,544,2,777.0,51.8,288,19.2,388.5,15,0.0,0,United Kingdom,0.0,4.817452380952381,777.0,283605.0,2.3600337773269984,1
15795,238,7,1369.8600000000001,15.39168539325843,830,9.325842696629213,195.69428571428574,74,43.166666666666664,260,United Kingdom,0.0,4.030829034729316,1369.8600000000001,1915.7045977011494,21.58783684850337,0
15796,8,16,3322.98,15.036108597285068,1161,5.253393665158371,207.68625,128,35.4,538,United Kingdom,2.7149321266968327,17.17126127519539,3322.98,2250.25547309833,36.68620664342732,0
15797,22,5,2453.88,223.08,1137,103.36363636363636,490.776,11,116.5,467,United Kingdom,0.0,15.6197,2453.88,1913.8166666666666,34.66518824991269,0
15798,300,3,1535.37,18.49843373493976,915,11.024096385542169,511.78999999999996,73,94.0,188,United Kingdom,0.0,5.541970349691449,1535.37,2965.132539682539,17.418394718223276,1
15799,142,2,857.42,10.992564102564103,567,7.269230769230769,428.71,76,84.0,84,United Kingdom,0.0,8.728826456876456,857.42,3681.862352941176,26.908801244229057,0
15800,54,6,774.68,6.005271317829457,351,2.7209302325581395,129.11333333333332,110,74.2,371,United Kingdom,0.0,9.630437475775189,774.68,760.102688172043,32.672382003390375,0
15803,253,3,1513.84,35.20558139534884,740,17.209302325581394,504.6133333333333,42,115.0,230,United Kingdom,0.0,6.381416168327795,1513.84,2391.998268398268,20.285969147257074,1
15804,6,1,525.36,15.451764705882354,314,9.235294117647058,525.36,34,0.0,0,United Kingdom,0.0,14.141873440285204,525.36,191756.4,35.08467794231995,0
15805,5,26,6737.4800000000005,17.364639175257732,4175,10.760309278350515,259.13384615384615,249,21.0,531,United Kingdom,6.185567010309279,7.247646577559342,6737.4800000000005,4622.519172932331,38.14642928554722,0
15806,84,1,300.36,18.7725,274,17.125,300.36,16,0.0,0,United Kingdom,0.0,2.8573866666666663,300.36,109631.40000000001,30.304187529147583,0
15807,216,3,903.67,22.04073170731707,1101,26.853658536585368,301.2233333333333,41,128.5,257,United Kingdom,2.4390243902439024,8.257014024390246,903.67,1278.4478682170543,22.4944195979584,1
15808,114,24,17038.95,21.6505082592122,6726,8.546378653113088,709.9562500000001,349,18.304347826086957,431,United Kingdom,1.9059720457433291,8.759671549446955,17038.95,14396.335069444443,32.14389889580515,1
15809,12,6,846.98,16.9396,647,12.94,141.16333333333333,45,65.8,331,United Kingdom,2.0,3340.572161469387,846.98,931.1677710843373,35.242456756766934,0
15810,40,8,2433.4900000000002,17.507122302158276,1303,9.37410071942446,304.18625000000003,76,68.85714285714286,485,United Kingdom,2.877697841726619,8.451147179647586,2433.4900000000002,1827.6210905349797,33.86311034067884,0
15811,12,7,2520.97,11.511278538812784,1170,5.342465753424658,360.1385714285714,161,30.0,183,United Kingdom,2.28310502283105,7.815420803485397,2520.97,5000.837228260869,35.48023566373121,0
15812,62,10,4149.79,46.108777777777775,2962,32.91111111111111,414.979,57,51.77777777777778,470,United Kingdom,1.1111111111111112,5.919471460674158,4149.79,3215.8669851380046,32.860785320571225,0
15813,15,2,1303.9099999999999,32.59775,603,15.075,651.9549999999999,40,31.0,31,United Kingdom,0.0,12.972302564102563,1303.9099999999999,14872.723437499999,34.69904036396226,1
15814,201,2,689.11,26.50423076923077,457,17.576923076923077,344.555,23,210.0,210,United Kingdom,0.0,8.092419846153845,689.11,1192.0623222748816,23.292944749098336,1
15815,20,3,1394.08,73.37263157894736,1068,56.21052631578947,464.6933333333333,12,23.5,47,United Kingdom,0.0,5.218247368421053,1394.08,10600.816666666666,34.50074084927326,0
15816,350,3,93.3,7.7749999999999995,51,4.25,31.099999999999998,11,0.0,0,United Kingdom,8.333333333333332,33.325909090909086,93.3,34054.5,14.246772509615846,1
15817,228,3,2766.4,18.2,1596,10.5,922.1333333333333,133,60.5,122,United Kingdom,0.0,9.540313628441965,2766.4,8209.235772357724,21.91568575507198,1
15818,396,1,340.5,30.954545454545453,284,25.818181818181817,340.5,11,0.0,0,United Kingdom,0.0,1.7246454545454548,340.5,124282.5,11.259884161714675,1
15819,7,9,3182.97,14.60077981651376,2470,11.330275229357799,353.6633333333333,163,47.666666666666664,432,United Kingdom,1.834862385321101,2.3347596583942836,3182.97,2683.1040415704388,36.03917406027993,0
15820,127,1,206.98,12.175294117647057,128,7.529411764705882,206.98,17,0.0,0,United Kingdom,0.0,1.4768808823529413,206.98,75547.7,27.67132144570442,1
15822,167,7,1332.64,24.229818181818185,723,13.145454545454545,190.37714285714287,39,61.833333333333336,373,United Kingdom,12.727272727272727,7.783493400673399,1332.64,1300.5711229946526,25.919316703323563,1
15823,145,6,3018.86,17.34977011494253,1486,8.540229885057471,503.1433333333334,159,78.2,393,United Kingdom,10.919540229885058,17.86736047106505,3018.86,2796.659644670051,27.30220221166482,1
15824,261,2,890.94,34.26692307692308,478,18.384615384615383,445.47,24,78.0,78,United Kingdom,0.0,3.8795478461538444,890.94,4116.368354430379,19.646612828296195,1
15826,18,3,1653.77,20.672125,1337,16.7125,551.2566666666667,66,178.0,357,United Kingdom,1.25,8.844282025316453,1653.77,1686.106284916201,34.64429211705198,1
15827,20,35,2350.93,12.438783068783067,1143,6.0476190476190474,67.16942857142857,91,14.84375,488,United Kingdom,15.873015873015872,20.214747692221085,2350.93,1754.7841513292433,37.76385903088737,0
15828,183,1,1108.82,14.984054054054052,367,4.95945945945946,1108.82,74,0.0,0,United Kingdom,0.0,13.222818363569049,1108.82,366939.9750000006,24.327012621297374,1
15831,132,2,255.94,14.21888888888889,300,16.666666666666668,127.97,18,0.0,0,United Kingdom,5.555555555555555,2.36709411764706,255.94,93418.1,27.469617865732147,0
15832,62,1,836.79,15.49611111111111,465,8.61111111111111,836.79,54,0.0,0,United Kingdom,0.0,2.0811980782669472,836.79,305428.35,31.691599542957746,1
15833,545,1,80.4,16.080000000000002,24,4.8,80.4,5,0.0,0,United Kingdom,0.0,3.825750000000001,80.4,29346.000000000004,2.1419400523902214,1
15834,85,6,2788.16,10.364907063197025,1257,4.672862453531598,464.6933333333333,245,29.2,147,United Kingdom,0.7434944237918215,120.0408258170116,2788.16,6876.205405405405,30.94614938690209,0
15835,68,2,488.31,18.781153846153845,243,9.346153846153847,244.155,25,70.0,70,United Kingdom,0.0,11.479982153846153,488.31,2510.326056338028,31.39601620753629,0
15837,293,1,385.03000000000003,13.75107142857143,216,7.714285714285714,385.03000000000003,28,0.0,0,United Kingdom,0.0,9.111507275132274,385.03000000000003,140535.95,17.551718756764064,1
15838,26,24,45198.75,513.6221590909091,39505,448.92045454545456,1883.28125,45,21.565217391304348,506,United Kingdom,3.4090909090909087,1.4989123171368857,45198.75,32539.53402366864,39.84238525739142,0
15841,26,8,2120.66,30.295142857142856,1814,25.914285714285715,265.0825,47,72.71428571428571,511,United Kingdom,1.4285714285714286,7.158256728778468,2120.66,1511.7986328124998,34.69197053188615,0
15842,196,3,528.75,18.883928571428573,288,10.285714285714286,176.25,24,69.5,139,United Kingdom,10.714285714285714,7.608848015873016,528.75,1378.5267857142858,23.684451341745163,1
15843,111,1,118.95000000000002,14.868750000000002,27,3.375,118.95000000000002,8,0.0,0,United Kingdom,0.0,23.020312499999996,118.95000000000002,43416.75000000001,28.640850889700562,1
15845,18,8,2108.94,21.741649484536083,855,8.814432989690722,263.6175,77,67.0,471,United Kingdom,10.309278350515463,10.031792804982823,2108.94,1630.854025423729,35.17940291436283,0
15846,193,1,107.01,3.6900000000000004,79,2.7241379310344827,107.01,27,0.0,0,United Kingdom,0.0,0.8097507389162562,107.01,39058.65,23.633759605034957,1
15847,96,4,613.98,17.542285714285715,542,15.485714285714286,153.495,28,117.33333333333333,353,United Kingdom,0.0,8.866447899159665,613.98,633.0584745762712,29.89600017901363,1
15848,429,1,137.99,4.058529411764706,45,1.3235294117647058,137.99,34,0.0,0,United Kingdom,0.0,7.8121776292335126,137.99,50366.350000000006,9.228504234892865,1
15849,404,1,-5876.34,-5876.34,-1,-1.0,-5876.34,1,0.0,0,United Kingdom,100.0,0.0,-5876.34,-2144864.1,10.25795469452956,1
15850,184,4,771.87,3.5406880733944956,1036,4.752293577981652,192.9675,197,116.0,349,United Kingdom,0.0,3.318996719232232,771.87,804.9501428571429,24.53663697762445,0
15851,334,1,109.73,13.71625,67,8.375,109.73,8,0.0,0,United Kingdom,0.0,3.280164285714286,109.73,40051.450000000004,15.025925676849454,1
15852,5,2,199.76,6.2425,50,1.5625,99.88,30,329.0,329,United Kingdom,0.0,26.12188991935484,199.76,220.94666666666666,35.21833498847561,0
15854,12,15,4193.55,20.456341463414635,1345,6.560975609756097,279.57,134,36.92857142857143,525,United Kingdom,0.0,5.267656087996175,4193.55,2909.972908745247,36.414415513549535,0
15855,14,4,682.99,12.647962962962962,493,9.12962962962963,170.7475,51,89.66666666666667,269,United Kingdom,0.0,1.0279888539482882,682.99,923.3012962962964,34.90780561086965,0
15856,11,36,22729.81,33.92508955223881,12559,18.744776119402985,631.3836111111111,231,14.771428571428572,532,United Kingdom,0.5970149253731344,2.8410232237913573,22729.81,15565.442120075048,40.09616654303128,0
15857,238,1,273.48,27.348000000000003,276,27.6,273.48,10,0.0,0,United Kingdom,0.0,8.806845555555556,273.48,99820.20000000001,20.90025776163341,1
15858,97,12,2898.56,8.258005698005698,2271,6.47008547008547,241.54666666666665,232,39.45454545454545,440,United Kingdom,0.5698005698005698,11.888790204314207,2898.56,2399.0349206349206,30.819682939229804,1
15859,240,1,438.46,19.93,174,7.909090909090909,438.46,22,0.0,0,United Kingdom,0.0,21.978987012987012,438.46,160037.9,20.791785465071644,1
15860,40,12,1816.4,7.067704280155643,1000,3.8910505836575875,151.36666666666667,192,44.90909090909091,500,United Kingdom,0.0,8.197901860408564,1816.4,1323.3253493013974,34.21014687074658,0
15861,75,8,1919.72,5.245136612021858,1852,5.060109289617486,239.965,269,58.857142857142854,413,United Kingdom,1.366120218579235,2.6168817606108257,1919.72,1692.5067632850241,31.683919314807767,0
15862,12,11,2170.42,4.955296803652968,1294,2.954337899543379,197.3109090909091,367,51.6,518,United Kingdom,0.0,8.830738719266884,2170.42,1526.4032755298651,35.849289169305024,0
15863,0,4,295.46,4.843606557377049,145,2.377049180327869,73.865,58,176.33333333333334,530,United Kingdom,0.0,3.792127595628415,295.46,203.09397363465158,35.73049536585612,1
15864,119,3,472.96,39.413333333333334,400,33.333333333333336,157.65333333333334,9,34.5,69,United Kingdom,25.0,8.410329545454545,472.96,2466.1485714285714,28.380697627114444,0
15865,21,3,1660.22,16.276666666666667,951,9.323529411764707,553.4066666666666,99,244.5,489,United Kingdom,0.0,13.373950339739864,1660.22,1236.6944897959183,34.461674722571466,1
15867,4,28,6791.46,8.510601503759398,3960,4.962406015037594,242.55214285714285,454,19.14814814814815,529,United Kingdom,0.8771929824561403,9.270227743134502,6791.46,4677.137547169811,38.410943225968,0
15868,391,1,94.53,23.6325,57,14.25,94.53,4,0.0,0,United Kingdom,0.0,4.930891666666667,94.53,34503.45,11.544816632999229,1
15869,85,3,321.11,9.444411764705883,273,8.029411764705882,107.03666666666668,29,174.5,349,United Kingdom,0.0,2.327913814616756,321.11,334.87185714285715,30.443856453283242,1
15870,204,3,506.02,7.333623188405797,171,2.4782608695652173,168.67333333333332,61,24.5,49,United Kingdom,0.0,28.14898981244672,506.02,3693.946,23.19417328955218,1
15871,245,1,33.099999999999994,6.619999999999999,5,1.0,33.099999999999994,5,0.0,0,United Kingdom,0.0,11.6495,33.099999999999994,12081.499999999998,20.453051250497612,1
15872,186,2,413.0,5.1625,280,3.5,206.5,70,171.0,171,United Kingdom,0.0,7.553272136075949,413.0,876.4244186046511,24.185888179642586,1
15873,300,5,138.23999999999998,15.359999999999998,576,64.0,27.647999999999996,3,1.75,7,United Kingdom,33.33333333333333,0.021700000000000004,138.23999999999998,6307.199999999999,17.50199271132313,1
15874,25,22,8940.53,27.765621118012426,3591,11.152173913043478,406.3877272727273,238,22.714285714285715,483,United Kingdom,4.968944099378882,749.9324418693521,8940.53,6742.341838842975,36.709396421075525,0
15875,454,1,108.52,4.718260869565217,74,3.217391304347826,108.52,18,0.0,0,United Kingdom,0.0,0.8792604743083005,108.52,39609.799999999996,7.699818401339756,1
15876,217,2,1449.1399999999999,131.73999999999998,886,80.54545454545455,724.5699999999999,11,39.0,39,United Kingdom,0.0,12.761916363636363,1449.1399999999999,13223.402499999998,22.37892445022146,1
15878,369,2,330.77,6.485686274509804,243,4.764705882352941,165.385,47,171.0,171,United Kingdom,0.0,3.9424923137254897,330.77,701.9247093023255,13.006934571464809,1
15879,212,4,1137.8,6.356424581005586,639,3.569832402234637,284.45,171,105.0,317,United Kingdom,0.0,29.377620664113994,1137.8,1305.9654088050315,22.85746214541544,1
15880,177,2,299.03,3.082783505154639,178,1.8350515463917525,149.515,95,0.0,0,United Kingdom,1.0309278350515463,4.487987736254296,299.03,109145.95,24.725924477204376,1
15881,120,8,438.24,13.695,199,6.21875,54.78,26,7.285714285714286,52,United Kingdom,9.375,5.49505806451613,438.24,3018.0679245283022,28.814292031377494,1
15882,6,10,1098.5900000000001,18.009672131147543,637,10.442622950819672,109.85900000000001,49,66.0,530,United Kingdom,3.278688524590164,1.8696054098360655,1098.5900000000001,755.1513182674202,36.02755078760692,1
15884,240,3,238.65000000000003,15.910000000000002,151,10.066666666666666,79.55000000000001,15,151.5,303,United Kingdom,6.666666666666667,3.5371352380952388,238.65000000000003,286.5370065789474,20.974285555841437,1
15885,117,18,1373.22,13.078285714285714,487,4.6380952380952385,76.29,69,21.941176470588236,378,United Kingdom,6.666666666666667,17.13110664835165,1373.22,1322.4941952506597,30.06969914447043,1
15886,224,3,871.78,17.4356,520,10.4,290.5933333333333,47,90.5,181,United Kingdom,0.0,7.913716775510203,871.78,1748.35,22.003384903251586,1
15887,214,3,1027.15,27.760810810810813,605,16.35135135135135,342.3833333333334,27,74.0,148,United Kingdom,0.0,3.754497747747748,1027.15,2516.1728187919466,22.62671952547419,1
15888,208,2,260.85,9.661111111111111,63,2.3333333333333335,130.425,24,125.0,125,United Kingdom,0.0,13.05410256410256,260.85,755.6369047619048,22.83021880613961,1
15889,177,8,1269.15,4.581768953068592,728,2.628158844765343,158.64375,237,51.0,360,United Kingdom,0.7220216606498195,7.1054763354784765,1269.15,1283.2126038781164,25.403074122611894,0
15890,202,5,535.65,53.565,119,11.9,107.13,10,52.25,210,United Kingdom,0.0,567.2268455555557,535.65,926.5983412322274,23.517725910541387,1
15891,34,1,511.68,8.528,418,6.966666666666667,511.68,60,0.0,0,United Kingdom,0.0,8.329391073446327,511.68,186763.2,33.37414622532118,1
15892,477,1,128.2,3.3736842105263154,46,1.2105263157894737,128.2,38,0.0,0,United Kingdom,0.0,5.986468563300141,128.2,46792.99999999999,6.2972926221525585,1
15893,289,1,305.28000000000003,305.28000000000003,288,288.0,305.28000000000003,1,0.0,0,United Kingdom,0.0,0.0,305.28000000000003,111427.20000000001,17.789331420126118,1
15894,61,2,258.25,6.97972972972973,164,4.4324324324324325,129.125,35,115.0,115,United Kingdom,0.0,3.23752972972973,258.25,812.5969827586207,31.804363012972825,1
15896,432,1,-1899.67,-1899.67,-1,-1.0,-1899.67,1,0.0,0,United Kingdom,100.0,0.0,-1899.67,-693379.55,8.877037437689516,1
15897,2,2,208.59,9.481363636363637,223,10.136363636363637,104.295,17,0.0,0,United Kingdom,0.0,2.209383766233766,208.59,76135.35,35.40221455518442,1
15898,28,28,4548.61,7.420244698205546,1997,3.257748776508972,162.45035714285714,283,19.03846153846154,507,United Kingdom,0.9787928221859705,8.611343906001766,4548.61,3268.1941929133855,36.76047585878625,1
15899,176,1,56.25,14.0625,39,9.75,56.25,4,0.0,0,United Kingdom,0.0,33.169166666666676,56.25,20531.25,24.667417719960024,1
15900,221,4,539.39,6.742375,438,5.475,134.8475,68,49.0,148,United Kingdom,1.25,3.2009124050632916,539.39,1321.3244966442953,22.258581197853548,1
15901,259,6,317.0,5.763636363636364,314,5.709090909090909,52.833333333333336,50,18.2,92,United Kingdom,3.6363636363636362,10.294362962962964,317.0,1244.1397849462367,20.1193137953627,0
15902,188,1,145.01,8.056111111111111,124,6.888888888888889,145.01,18,0.0,0,United Kingdom,0.0,3.003134967320262,145.01,52928.649999999994,23.942148820277126,1
15903,35,10,4374.7,61.615492957746476,2183,30.746478873239436,437.46999999999997,39,55.333333333333336,503,United Kingdom,4.225352112676056,4.54682704225352,4374.7,3168.185515873016,34.52771518592997,1
15905,351,1,114.69,5.213181818181818,82,3.727272727272727,114.69,22,0.0,0,United Kingdom,0.0,5.059208874458875,114.69,41861.85,13.988484349355248,1
15906,27,8,1557.91,13.091680672268907,421,3.53781512605042,194.73875,84,32.57142857142857,230,United Kingdom,3.361344537815126,16.66048259507192,1557.91,2461.6326839826843,34.58443569194343,0
15907,18,1,223.07,4.373921568627451,146,2.8627450980392157,223.07,46,0.0,0,United Kingdom,0.0,5.285274588235296,223.07,81420.55,34.327107180733954,0
15908,298,2,758.62,18.9655,173,4.325,379.31,37,21.0,21,United Kingdom,0.0,32.616814358974366,758.62,12586.195454545456,17.376830554440687,1
15910,15,11,1982.9,4.055010224948876,1576,3.2229038854805725,180.26363636363638,322,47.6,480,United Kingdom,0.0,3.2459700777766596,1982.9,1504.695426195426,35.65064929137394,1
15911,256,10,1399.45,5.3825,808,3.1076923076923078,139.945,163,31.0,282,United Kingdom,0.7692307692307693,302.87135982179984,1399.45,1804.9443462897525,20.78988743193776,1
15912,41,8,951.57,10.69179775280899,640,7.191011235955056,118.94625,77,70.71428571428571,496,United Kingdom,0.0,9.25673082226762,951.57,698.8391348088531,33.679649398177666,0
15913,342,1,6.300000000000001,6.300000000000001,3,3.0,6.300000000000001,1,0.0,0,United Kingdom,0.0,0.0,6.300000000000001,2299.5000000000005,14.52898157106848,1
15914,186,2,205.99,15.845384615384615,149,11.461538461538462,102.995,13,0.0,0,United Kingdom,0.0,14.240141025641023,205.99,75186.35,24.168788554447435,1
15915,209,1,364.45,3.225221238938053,414,3.663716814159292,364.45,105,0.0,0,United Kingdom,0.0,2.8148587547408357,364.45,133024.25,22.678223917399908,1
15916,54,12,2263.33,10.059244444444444,1179,5.24,188.61083333333332,174,43.54545454545455,482,United Kingdom,4.444444444444445,10.226244099206351,2263.33,1710.3839544513457,33.39236372769476,0
15917,55,5,530.17,3.7335915492957743,248,1.7464788732394365,106.03399999999999,127,122.0,489,United Kingdom,0.0,7.61576076815503,530.17,394.9225510204081,32.49163222103838,1
15918,79,2,390.65,9.084883720930232,153,3.558139534883721,195.325,37,360.0,360,United Kingdom,0.0,2.673781949058694,390.65,394.9785318559557,30.71639853730653,0
15919,176,1,214.07999999999998,5.489230769230769,175,4.487179487179487,214.07999999999998,38,0.0,0,United Kingdom,0.0,7.334475708502024,214.07999999999998,78139.2,24.680454934802544,1
15920,232,5,401.64,8.545531914893617,139,2.9574468085106385,80.328,42,75.0,301,United Kingdom,0.0,37.732024976873284,401.64,485.4258278145695,21.675154465144562,0
15921,204,3,452.23,8.222363636363637,173,3.1454545454545455,150.74333333333334,52,121.5,243,United Kingdom,0.0,14.590029629629628,452.23,676.4915983606558,23.189730079855803,0
15922,180,2,363.6,30.3,136,11.333333333333334,181.8,11,0.0,0,United Kingdom,8.333333333333332,10.698693181818182,363.6,132714.0,24.548107962953527,1
15923,180,1,127.08,6.051428571428572,122,5.809523809523809,127.08,21,0.0,0,United Kingdom,0.0,6.9584261904761915,127.08,46384.2,24.42906823877882,1
15924,539,1,102.82,6.854666666666666,103,6.866666666666666,102.82,14,0.0,0,United Kingdom,0.0,7.009654285714284,102.82,37529.299999999996,2.510092375585787,1
15925,2,1,207.15,17.2625,93,7.75,207.15,12,0.0,0,United Kingdom,0.0,10.522481060606061,207.15,75609.75,35.30259311945412,1
15926,350,1,134.44,19.205714285714286,155,22.142857142857142,134.44,7,0.0,0,United Kingdom,0.0,0.20255714285714285,134.44,49070.6,14.051165817572134,1
15927,455,1,106.54,7.102666666666667,66,4.4,106.54,13,0.0,0,United Kingdom,0.0,2.2079552380952383,106.54,38887.100000000006,7.638604786558538,1
15928,464,1,293.53,26.684545454545454,164,14.909090909090908,293.53,11,0.0,0,United Kingdom,0.0,12.98024545454545,293.53,107138.45,7.104600152354794,1
15929,452,1,594.0,594.0,120,120.0,594.0,1,0.0,0,United Kingdom,0.0,0.0,594.0,216810.0,7.862020576672768,1
15931,236,1,239.9,17.135714285714286,118,8.428571428571429,239.9,14,0.0,0,United Kingdom,0.0,104.11170329670333,239.9,87563.5,21.01958407853546,1
15932,22,6,1260.48,23.342222222222222,870,16.11111111111111,210.08,44,14.6,74,United Kingdom,5.555555555555555,3.4826959119496856,1260.48,6134.336,34.66611244315147,0
15934,225,2,2190.66,75.53999999999999,2166,74.6896551724138,1095.33,29,11.0,11,United Kingdom,0.0,4.061006650246305,2190.66,66632.575,21.95177566016746,1
15935,47,3,108.03999999999999,3.177647058823529,-171,-5.029411764705882,36.01333333333333,33,245.5,491,United Kingdom,64.70588235294117,2774.63254402852,108.03999999999999,80.15162601626015,32.74615857444961,1
15936,187,2,282.79,14.883684210526317,211,11.105263157894736,141.395,16,88.0,88,United Kingdom,0.0,10.626492982456138,282.79,1159.7567415730337,24.114082395696723,1
15938,9,8,665.53,19.574411764705882,401,11.794117647058824,83.19125,24,50.42857142857143,355,United Kingdom,0.0,3.9236314616755785,665.53,682.3551966292134,35.609623619830344,0
15939,4,11,7564.9800000000005,54.03557142857143,5263,37.59285714285714,687.7254545454546,52,17.4,178,United Kingdom,0.7142857142857143,3.586561644398766,7564.9800000000005,15425.797206703912,36.783295928381996,0
15940,119,3,-3.552713678800501e-15,-1.1842378929335002e-15,-1,-0.3333333333333333,-1.1842378929335002e-15,2,48.5,97,United Kingdom,66.66666666666666,6.85083333333333,-3.552713678800501e-15,-1.3232045844512068e-14,28.341629762120977,1
15941,321,2,230.6,23.06,28,2.8,115.3,6,124.0,124,United Kingdom,40.0,0.45066666666666627,230.6,673.352,15.929063169923396,1
15943,457,2,271.28999999999996,22.607499999999998,183,15.25,135.64499999999998,12,28.0,28,United Kingdom,0.0,0.9611295454545457,271.28999999999996,3414.5120689655164,7.629615978893224,1
15944,84,4,2164.24,56.95368421052631,859,22.605263157894736,541.06,25,149.66666666666666,449,United Kingdom,0.0,7.385901066856328,2164.24,1755.4391111111108,30.756656874877155,1
15945,173,4,646.27,23.081071428571427,345,12.321428571428571,161.5675,24,124.0,372,United Kingdom,0.0,53.902595238095245,646.27,632.4089812332439,25.197812725623066,1
15946,310,3,2304.18,88.62230769230769,1614,62.07692307692308,768.06,25,65.5,131,United Kingdom,0.0,9.220693538461537,2304.18,6371.4068181818175,16.87140003906068,1
15948,232,1,553.85,15.824285714285715,285,8.142857142857142,553.85,35,0.0,0,United Kingdom,0.0,1.5839369747899166,553.85,202155.25,21.28971750147111,1
15950,167,9,5623.07,17.195932721712538,2723,8.327217125382264,624.7855555555556,195,40.0,323,United Kingdom,0.6116207951070336,12.19134252453049,5623.07,6334.631327160494,26.472723615195054,0
15951,93,2,680.12,17.003,281,7.025,340.06,35,95.0,95,United Kingdom,0.0,12.244664358974358,680.12,2585.8729166666667,29.88560874248317,1
15952,33,1,232.65,16.617857142857144,123,8.785714285714286,232.65,14,0.0,0,United Kingdom,0.0,12.46335659340659,232.65,84917.25,33.412147600712565,0
15953,19,16,2468.2,22.236036036036033,1202,10.82882882882883,154.2625,69,34.6,524,United Kingdom,2.7027027027027026,13.610908108108108,2468.2,1715.9866666666667,35.944048669696514,1
15954,397,1,190.75,9.5375,119,5.95,190.75,20,0.0,0,United Kingdom,0.0,0.7773684210526315,190.75,69623.75,11.18646431720984,1
15955,11,12,5106.04,23.749023255813952,2418,11.246511627906976,425.50333333333333,131,44.6,450,United Kingdom,1.8604651162790697,4.636298530754184,5106.04,4132.382705099779,36.25233242713606,0
15956,359,2,617.6,34.31111111111111,278,15.444444444444445,308.8,18,175.0,175,United Kingdom,0.0,0.6988235294117644,617.6,1280.818181818182,13.64112817020137,1
15957,228,2,492.36,4.734230769230769,242,2.326923076923077,246.18,88,0.0,0,United Kingdom,0.0,2.0567030246452593,492.36,179711.4,21.62834098124934,1
15958,211,3,357.77,6.168448275862069,121,2.086206896551724,119.25666666666666,45,73.0,147,United Kingdom,0.0,4.618325710828795,357.77,882.3381756756756,22.754576983088757,1
15959,490,3,542.89,7.646338028169014,269,3.788732394366197,180.96333333333334,58,0.0,0,United Kingdom,0.0,15.755478551307847,542.89,198154.85,5.736901397955769,1
15960,182,5,394.0,14.592592592592593,257,9.518518518518519,78.8,24,14.75,61,United Kingdom,3.7037037037037033,21.77640883190883,394.0,2319.516129032258,24.72702643153346,1
15961,187,1,451.28999999999996,10.745,154,3.6666666666666665,451.28999999999996,42,0.0,0,United Kingdom,0.0,9.330364924506387,451.28999999999996,164720.84999999998,24.02849849586161,1
15962,257,1,289.48,5.263272727272728,228,4.1454545454545455,289.48,43,0.0,0,United Kingdom,0.0,1.5548911111111112,289.48,105660.20000000001,19.741628247994612,1
15964,471,1,269.21000000000004,13.460500000000001,93,4.65,269.21000000000004,20,0.0,0,United Kingdom,0.0,3.9027102631578954,269.21000000000004,98261.65000000001,6.675240822609574,1
15965,175,11,2105.51,8.809665271966528,948,3.9665271966527196,191.41000000000003,144,36.5,369,United Kingdom,0.8368200836820083,4.722274441826938,2105.51,2077.057162162162,25.892767464261606,1
15966,252,2,399.58,12.486875,268,8.375,199.79,27,6.0,6,United Kingdom,15.625,1.8447834677419355,399.58,20835.242857142857,20.15547561949406,1
15967,126,12,2707.82,6.196384439359268,1034,2.3661327231121283,225.65166666666667,290,37.72727272727273,419,United Kingdom,0.9153318077803204,6.879364983309889,2707.82,2353.224523809524,29.033475492676768,1
15968,196,1,404.55,5.056875,247,3.0875,404.55,70,0.0,0,United Kingdom,0.0,6.655898481012658,404.55,147660.75,23.475187087121068,1
15969,233,2,460.95,30.73,99,6.6,230.475,15,96.0,96,United Kingdom,0.0,34.010355238095244,460.95,1734.5025773195875,21.320496119082076,0
15970,111,2,1017.32,42.388333333333335,498,20.75,508.66,19,295.0,295,United Kingdom,0.0,5.590395471014494,1017.32,1254.4655405405406,28.814561339615135,1
15971,50,12,1816.7300000000002,86.51095238095239,765,36.42857142857143,151.39416666666668,9,48.5,489,United Kingdom,14.285714285714285,1.0650690476190476,1816.7300000000002,1353.2784693877554,33.599673519201154,0
15972,264,5,1769.33,12.728992805755395,468,3.366906474820144,353.866,104,35.5,143,United Kingdom,0.0,104.27649635074549,1769.33,4484.760069444444,19.83452766435239,1
15973,43,5,472.57,36.35153846153846,176,13.538461538461538,94.514,8,48.0,193,United Kingdom,15.384615384615385,24.564052564102564,472.57,889.1136597938145,33.2194750269146,1
15974,19,4,1560.89,20.271298701298704,797,10.35064935064935,390.2225,69,25.0,77,United Kingdom,1.2987012987012987,10.628349008885852,1560.89,7304.164743589744,34.67507238672084,0
15976,28,5,1476.76,4.4480722891566264,903,2.7198795180722892,295.352,240,82.25,331,United Kingdom,0.0,4.708330499035417,1476.76,1623.5463855421688,34.21817494331628,0
15978,231,4,2173.84,26.510243902439026,1552,18.926829268292682,543.46,72,73.33333333333333,221,United Kingdom,2.4390243902439024,6.117138346883471,2173.84,3574.106306306306,21.783090888305598,1
15979,410,1,329.22,14.964545454545457,450,20.454545454545453,329.22,22,0.0,0,United Kingdom,0.0,2.449806277056277,329.22,120165.3,10.404251546363605,1
15980,62,7,4857.6,51.67659574468085,3818,40.61702127659574,693.9428571428572,83,50.0,302,United Kingdom,2.127659574468085,1.7328314458933893,4857.6,5851.564356435643,32.62074501265678,1
15981,18,23,7481.79,32.249094827586205,3768,16.24137931034483,325.29521739130433,125,18.09090909090909,409,United Kingdom,3.0172413793103448,5.914147661964471,7481.79,6660.617926829268,37.115753189632066,0
15982,413,1,324.51,7.211333333333333,131,2.911111111111111,324.51,45,0.0,0,United Kingdom,0.0,7.105499191919187,324.51,118446.15,10.220712303580221,1
15983,168,7,2783.62,12.316902654867256,1680,7.433628318584071,397.65999999999997,117,61.666666666666664,372,United Kingdom,0.0,2.885941437561454,2783.62,2723.917694369973,25.97812179016808,1
15984,41,26,6320.22,12.29614785992218,4261,8.289883268482491,243.0853846153846,318,19.88,504,United Kingdom,0.19455252918287938,6.739076346508291,6320.22,4568.079801980199,35.91416020397647,0
15985,44,6,2472.44,26.302553191489363,2542,27.04255319148936,412.0733333333333,48,64.4,324,United Kingdom,0.0,1.4575540608556399,2472.44,2776.7403076923074,33.42312250409588,0
15986,189,1,186.3,16.936363636363637,100,9.090909090909092,186.3,11,0.0,0,United Kingdom,0.0,1.0050454545454546,186.3,67999.5,23.88450943274191,1
15987,7,5,619.3,11.468518518518518,1144,21.185185185185187,123.85999999999999,50,44.5,179,United Kingdom,0.0,3.32918717679944,619.3,1255.8027777777777,35.42939754743012,0
15988,359,2,582.11,6.1926595744680855,296,3.148936170212766,291.055,93,105.0,105,United Kingdom,0.0,5.383228826355525,582.11,2004.4353773584908,13.63819659347476,1
15989,183,2,368.31,4.2826744186046515,169,1.9651162790697674,184.155,81,361.0,361,United Kingdom,0.0,7.276065731874142,368.31,371.36229281767953,24.36534683943655,1
15990,95,6,1607.01,10.858175675675676,814,5.5,267.835,95,72.0,362,United Kingdom,0.0,7.8039787828645,1607.01,1615.864049586777,30.238082367535966,1
15991,342,1,150.55,25.09166666666667,41,6.833333333333333,150.55,6,0.0,0,United Kingdom,0.0,60.293666666666674,150.55,54950.75000000001,14.540897038603381,1
15992,204,2,854.61,16.757058823529412,497,9.745098039215685,427.305,51,57.0,57,United Kingdom,0.0,3.033009490196079,854.61,5378.149137931035,23.12346534499166,1
15994,219,4,758.07,9.718846153846155,287,3.6794871794871793,189.5175,69,74.33333333333333,224,United Kingdom,2.564102564102564,5.789259690309689,758.07,1229.758,22.3987449209279,1
15995,222,1,694.54,6.314,352,3.2,694.54,108,0.0,0,United Kingdom,0.0,8.421486413678066,694.54,253507.09999999998,21.91183951320212,1
15996,71,4,980.99,7.975528455284553,519,4.219512195121951,245.2475,104,44.333333333333336,133,United Kingdom,0.0,15.370325203252031,980.99,2672.099626865672,31.452567793583942,0
15997,425,1,-23.4,-23.4,-12,-12.0,-23.4,1,0.0,0,United Kingdom,100.0,0.0,-23.4,-8541.0,9.459373197946089,1
15998,70,17,6887.19,5.739325,4404,3.67,405.12882352941176,596,29.25,476,United Kingdom,0.5833333333333334,6.351695703016407,6887.19,5270.0720125786165,33.29501940857255,0
15999,543,1,20.4,20.4,24,24.0,20.4,1,0.0,0,United Kingdom,0.0,0.0,20.4,7445.999999999999,2.25908400081898,1
16001,189,2,519.06,13.309230769230767,305,7.82051282051282,259.53,34,161.0,161,United Kingdom,25.64102564102564,7.673136572199731,519.06,1169.487037037037,24.011498859485485,1
16002,433,1,169.21,4.028809523809524,70,1.6666666666666667,169.21,42,0.0,0,United Kingdom,0.0,6.765900813008132,169.21,61761.65,8.98688285305962,1
16003,167,6,4059.46,33.828833333333336,1209,10.075,676.5766666666667,102,75.0,376,United Kingdom,0.0,267.6841966316527,4059.46,3930.246419098143,26.045057440603816,0
16004,282,5,2146.39,23.848777777777777,1076,11.955555555555556,429.27799999999996,63,52.0,208,United Kingdom,0.0,9.683270774032458,2146.39,3748.4801435406694,18.76677281286003,1
16005,78,8,1909.25,5.598973607038123,1050,3.0791788856304985,238.65625,212,25.142857142857142,179,United Kingdom,0.2932551319648094,3.605796779368638,1909.25,3871.534722222222,31.499904279351927,0
16006,19,2,332.82,4.266923076923077,205,2.628205128205128,166.41,75,176.0,176,United Kingdom,0.0,2.8178911921411927,332.82,686.3237288135593,34.37462527491994,1
16007,23,4,1723.22,4.867853107344633,1661,4.692090395480226,430.805,230,108.66666666666667,328,United Kingdom,0.0,2.9932134192794604,1723.22,1911.7790273556232,34.44428107038847,0
16008,12,13,4999.5,22.121681415929203,2989,13.225663716814159,384.5769230769231,58,34.916666666666664,425,United Kingdom,0.0,4.144051777777781,4999.5,4283.609154929577,36.28198434126573,1
16010,53,12,1692.91,5.837620689655172,918,3.1655172413793102,141.07583333333335,122,14.636363636363637,165,United Kingdom,0.3448275862068966,1.419262302827825,1692.91,3722.3623493975906,33.40629544565117,1
16011,41,20,3217.94,11.096344827586208,1925,6.637931034482759,160.897,148,26.157894736842106,505,United Kingdom,0.6896551724137931,6.096621376923995,3217.94,2321.2413043478264,35.060887970983394,0
16012,209,2,1563.3,10.781379310344827,961,6.627586206896551,781.65,138,128.0,128,United Kingdom,0.0,5.264398036398466,1563.3,4423.290697674419,22.876754885060663,0
16013,0,64,28957.04,214.4965925925926,13656,101.15555555555555,452.45375,37,8.540983606557377,539,United Kingdom,18.51851851851852,84.91346757324489,28957.04,19572.814074074075,44.06817408918197,0
16014,99,3,707.08,3.6260512820512822,306,1.5692307692307692,235.69333333333336,168,193.0,386,United Kingdom,0.0,3.7093242505947632,707.08,666.8842377260983,29.621037837781326,0
16016,4,9,1395.51,7.083807106598985,575,2.918781725888325,155.05666666666667,127,25.375,206,United Kingdom,1.5228426395939088,10.433807153216616,1395.51,2460.681884057971,36.07467487358653,1
16017,225,4,1333.7,13.609183673469389,533,5.438775510204081,333.425,81,95.0,286,United Kingdom,0.0,9.743262697243845,1333.7,1696.1689895470383,22.07999325880165,1
16018,204,2,289.23,10.329642857142858,313,11.178571428571429,144.615,26,336.0,336,United Kingdom,0.0,1.7179645502645509,289.23,313.2609792284867,23.076763320486407,0
16019,40,31,15542.72,46.81542168674699,5845,17.60542168674699,501.37806451612903,192,15.516129032258064,493,United Kingdom,3.0120481927710845,9.977225847195426,15542.72,11483.993522267207,37.234527897573265,0
16021,203,2,487.03,3.8653174603174603,276,2.1904761904761907,243.515,117,149.0,149,United Kingdom,0.0,5.143274793650793,487.03,1185.1063333333334,23.154152234073063,1
16022,68,1,602.63,8.48774647887324,255,3.591549295774648,602.63,68,0.0,0,United Kingdom,0.0,7.070531991951711,602.63,219959.95,31.305956882875936,1
16023,0,2,500.69,7.702923076923077,227,3.4923076923076923,250.345,59,74.0,74,United Kingdom,0.0,11.261057788461539,500.69,2436.691333333333,35.54844298277464,1
16024,219,2,232.96,10.58909090909091,107,4.863636363636363,116.48,21,0.0,0,United Kingdom,0.0,3.1010028138528134,232.96,85030.40000000001,22.156364339860698,1
16027,26,15,1381.89,47.65137931034483,1383,47.689655172413794,92.126,15,33.857142857142854,481,United Kingdom,10.344827586206897,1099.3520455665023,1381.89,1046.451970954357,35.32746340443493,0
16028,403,1,82.2,16.44,18,3.6,82.2,5,0.0,0,United Kingdom,0.0,4.8474999999999975,82.2,30003.0,10.811197406709033,1
16029,7,83,56435.09,230.34730612244897,30453,124.29795918367347,679.940843373494,41,6.410256410256411,531,United Kingdom,4.8979591836734695,730640.9524265071,56435.09,38719.563627819545,47.80113739135316,0
16030,117,1,331.24,11.422068965517242,283,9.758620689655173,331.24,28,0.0,0,United Kingdom,0.0,3.8050100985221675,331.24,120902.6,28.29208629187843,1
16031,55,1,305.63,7.836666666666667,219,5.615384615384615,305.63,39,0.0,0,United Kingdom,0.0,42.564563157894746,305.63,111554.95,32.07507461685349,1
16032,264,6,1965.72,9.36057142857143,1467,6.985714285714286,327.62,130,13.0,67,United Kingdom,0.0,3.4555141125541122,1965.72,10551.291176470588,19.950252534369895,1
16033,8,25,4968.27,7.949232,1776,2.8416,198.73080000000002,328,11.458333333333334,284,United Kingdom,1.76,8.094114990769222,4968.27,6362.872105263158,37.717634747816305,0
16034,4,7,908.37,15.936315789473685,584,10.24561403508772,129.76714285714286,43,35.166666666666664,213,United Kingdom,1.7543859649122806,4.727683709273186,908.37,1549.322663551402,35.835430724424356,1
16035,368,1,217.73,10.368095238095238,33,1.5714285714285714,217.73,21,0.0,0,United Kingdom,0.0,15.239961428571425,217.73,79471.45,12.959144713755832,1
16036,71,3,1986.65,20.694270833333334,780,8.125,662.2166666666667,88,178.0,356,United Kingdom,0.0,9.325919901315787,1986.65,2031.168767507003,31.436135732927468,1
16037,77,7,1489.44,20.403287671232878,764,10.465753424657533,212.77714285714288,62,62.666666666666664,378,United Kingdom,2.73972602739726,33.77891050228312,1489.44,1434.4211081794197,31.426774331690222,1
16038,9,1,316.95,16.681578947368422,187,9.842105263157896,316.95,19,0.0,0,United Kingdom,0.0,8.236959064327483,316.95,115686.75,34.884312489922294,0
16039,231,3,449.65,13.625757575757575,408,12.363636363636363,149.88333333333333,28,102.0,204,United Kingdom,3.0303030303030303,4.259610984848485,449.65,800.5963414634147,21.541165316036285,1
16040,76,6,1492.58,17.55976470588235,762,8.964705882352941,248.76333333333332,69,67.6,340,United Kingdom,3.5294117647058822,26.08189574229692,1492.58,1597.6296187683283,31.388581278266894,0
16042,140,7,1030.58,15.155588235294116,679,9.985294117647058,147.22571428571428,50,19.666666666666668,121,United Kingdom,10.294117647058822,9.484559679543459,1030.58,3083.2926229508194,27.542717321355678,0
16043,19,7,1759.0900000000001,27.06292307692308,850,13.076923076923077,251.29857142857145,48,44.666666666666664,270,United Kingdom,0.0,20.37195302884615,1759.0900000000001,2369.2540590405906,34.98995174310181,1
16044,243,1,340.84000000000003,17.938947368421054,170,8.947368421052632,340.84000000000003,19,0.0,0,United Kingdom,0.0,4.802133918128655,340.84000000000003,124406.6,20.600571587358154,1
16045,53,7,2707.58,20.82753846153846,1590,12.23076923076923,386.79714285714283,103,41.666666666666664,252,United Kingdom,8.461538461538462,6.456993703041146,2707.58,3906.192490118577,32.9925976868256,0
16046,370,1,235.78,10.717272727272727,248,11.272727272727273,235.78,22,0.0,0,United Kingdom,0.0,11.926641774891774,235.78,86059.7,12.838535573901845,1
16047,490,1,107.14,107.14,1,1.0,107.14,1,0.0,0,EIRE,0.0,0.0,107.14,39106.1,5.501902211543116,1
16048,181,5,812.84,21.96864864864865,424,11.45945945945946,162.568,30,43.5,176,United Kingdom,2.7027027027027026,1.5579567567567572,812.84,1676.1954802259888,24.82267388892542,1
16049,183,3,777.34,4.179247311827957,369,1.9838709677419355,259.11333333333334,175,70.0,141,United Kingdom,0.0,9.794602359779134,777.34,1998.0922535211268,24.49863638894536,1
16050,191,2,162.8,14.8,110,10.0,81.4,9,17.0,17,United Kingdom,0.0,4.9842272727272725,162.8,3301.222222222222,23.85997063018269,0
16051,489,1,188.44,15.703333333333333,80,6.666666666666667,188.44,12,0.0,0,United Kingdom,0.0,1.0835878787878788,188.44,68780.6,5.569667887917874,1
16053,221,6,2094.19,18.53265486725664,1268,11.221238938053098,349.0316666666667,101,39.0,197,United Kingdom,2.6548672566371683,14.106737942477876,2094.19,3860.501767676768,22.586017153381857,0
16054,226,6,1306.78,22.9259649122807,399,7.0,217.79666666666665,49,39.4,198,United Kingdom,8.771929824561402,1490.642106641604,1306.78,2396.8577889447233,22.215724502955414,0
16055,28,1,134.8,16.85,22,2.75,134.8,8,0.0,0,United Kingdom,0.0,57.86839285714285,134.8,49202.00000000001,33.70931521273382,1
16057,7,12,2036.0900000000001,10.129800995024876,950,4.72636815920398,169.67416666666668,128,47.63636363636363,530,United Kingdom,21.890547263681594,8.888440452736317,2036.0900000000001,1399.5722222222223,36.24294591529628,1
16058,214,1,62.7,31.35,18,9.0,62.7,2,0.0,0,United Kingdom,0.0,0.31999999999999984,62.7,22885.5,22.348048188727375,1
16059,62,9,2241.41,7.277305194805194,1057,3.4318181818181817,249.04555555555555,192,38.75,314,United Kingdom,0.0,6.920719830576595,2241.41,2597.189365079365,32.603645121159765,0
16060,208,3,541.95,22.58125,243,10.125,180.65,22,46.5,93,United Kingdom,0.0,18.212712862318835,541.95,2104.3803191489365,22.95294096735213,1
16061,77,3,44.95,8.99,13,2.6,14.983333333333334,3,80.5,161,United Kingdom,40.0,228.45799999999997,44.95,101.27623456790126,30.909445326332342,1
16062,49,6,2288.01,15.564693877551022,1568,10.666666666666666,381.33500000000004,115,58.6,295,United Kingdom,0.0,12.399793374336035,2288.01,2821.3636824324326,33.10263774700875,0
16063,68,1,335.32,14.57913043478261,262,11.391304347826088,335.32,23,0.0,0,United Kingdom,0.0,2.685765612648221,335.32,122391.8,31.28387630314107,1
16064,533,1,109.31,6.43,55,3.235294117647059,109.31,17,0.0,0,United Kingdom,0.0,5.445986764705882,109.31,39898.15,2.876928834671606,1
16065,173,10,1975.13,5.56374647887324,1205,3.3943661971830985,197.513,214,10.555555555555555,97,United Kingdom,0.5633802816901409,3.7544140654093985,1975.13,7356.351530612245,25.904595333411667,1
16067,370,6,2900.01,37.66246753246754,1166,15.142857142857142,483.33500000000004,60,21.8,112,United Kingdom,11.688311688311687,7.44390010252905,2900.01,9367.288938053098,13.556121121387056,1
16068,401,1,115.73,3.3065714285714285,48,1.3714285714285714,115.73,34,0.0,0,United Kingdom,0.0,4.715018823529408,115.73,42241.450000000004,10.9360672038625,1
16069,225,1,457.7,18.308,138,5.52,457.7,25,0.0,0,United Kingdom,0.0,9.264766666666668,457.7,167060.5,21.70912566051318,1
16071,335,3,750.5600000000001,14.433846153846154,517,9.942307692307692,250.1866666666667,47,63.5,127,United Kingdom,0.0,4.092357880844648,750.5600000000001,2140.26875,15.216815003820765,1
16072,96,4,4180.09,7.87210922787194,1580,2.975517890772128,1045.0225,414,86.33333333333333,260,United Kingdom,0.0,12.860388358028645,4180.09,5845.719731800766,30.19057118720005,1
16073,99,2,94.35,47.175,37,18.5,47.175,1,5.0,5,United Kingdom,50.0,0.0,94.35,5739.625,29.470922078658234,1
16074,198,1,252.5,10.1,38,1.52,252.5,23,0.0,0,United Kingdom,0.0,14.815566666666664,252.5,92162.5,23.340527194908763,1
16075,310,3,726.98,17.309047619047618,270,6.428571428571429,242.32666666666668,41,30.5,61,United Kingdom,2.380952380952381,13.610789837398373,726.98,4279.801612903226,16.741118753819446,1
16076,16,1,305.45000000000005,19.090625000000003,137,8.5625,305.45000000000005,16,0.0,0,United Kingdom,0.0,2.4714062500000002,305.45000000000005,111489.25000000001,34.45601212928485,0
16077,382,2,600.0,66.66666666666667,528,58.666666666666664,300.0,8,51.0,51,United Kingdom,11.11111111111111,3.310277777777778,600.0,4211.538461538462,12.235522955106367,1
16078,91,2,362.99,9.307435897435898,200,5.128205128205129,181.495,39,385.0,385,United Kingdom,0.0,2.1374060728744944,362.99,343.24183937823835,29.981513008643304,1
16080,71,5,386.0,13.785714285714286,194,6.928571428571429,77.2,24,46.5,187,United Kingdom,10.714285714285714,4.524686772486772,386.0,749.4148936170213,31.502922384934056,1
16081,67,5,2047.67,10.950106951871659,998,5.336898395721925,409.534,146,103.25,415,United Kingdom,0.0,10.0428615088264,2047.67,1796.6335336538464,31.884381380875865,0
16082,478,1,106.75,6.671875,39,2.4375,106.75,16,0.0,0,United Kingdom,0.0,12.912291666666667,106.75,38963.75,6.234470729014984,1
16083,168,3,1371.78,24.066315789473684,990,17.36842105263158,457.26,51,9.0,27,United Kingdom,0.0,1.7079577067669187,1371.78,17882.132142857143,25.463489769316364,1
16084,107,1,436.18,11.47842105263158,216,5.684210526315789,436.18,38,0.0,0,United Kingdom,0.0,7.140268278805119,436.18,159205.7,28.911255250130253,1
16085,44,10,1678.76,6.28749063670412,968,3.6254681647940075,167.876,197,49.888888888888886,451,United Kingdom,0.7490636704119851,7.115920996311007,1678.76,1355.6358407079645,33.755572189019844,1
16086,7,9,2151.32,18.87122807017544,1186,10.403508771929825,239.03555555555556,63,66.625,537,United Kingdom,0.8771929824561403,8.912505115665267,2151.32,1459.5386617100373,35.95395678414557,1
16087,197,5,1739.92,173.99200000000002,664,66.4,347.98400000000004,6,74.5,300,United Kingdom,0.0,1.108,1739.92,2109.869767441861,23.922452403578564,1
16088,383,2,1437.43,239.5716666666667,373,62.166666666666664,718.715,3,15.0,15,United Kingdom,0.0,18.893199999999997,1437.43,32791.371875000004,12.243647036016467,1
16089,194,2,263.49,5.606170212765957,119,2.5319148936170213,131.745,42,122.0,122,United Kingdom,0.0,10.712554856614247,263.49,781.9012195121951,23.685137732482005,1
16090,432,1,180.56,10.03111111111111,58,3.2222222222222223,180.56,18,0.0,0,United Kingdom,0.0,18.34887320261438,180.56,65904.4,9.048870456962515,1
16091,6,1,157.25,15.725,83,8.3,157.25,10,0.0,0,United Kingdom,0.0,3.978777777777778,157.25,57396.25,35.054270990817194,0
16092,5,7,1329.8600000000001,17.04948717948718,994,12.743589743589743,189.98000000000002,55,63.333333333333336,381,United Kingdom,2.564102564102564,4.981683916083915,1329.8600000000001,1270.6777486910996,35.80919695738668,0
16094,21,16,2773.0299999999997,16.90871951219512,1509,9.201219512195122,173.31437499999998,82,33.93333333333333,515,United Kingdom,9.146341463414634,15.538603815651655,2773.0299999999997,1961.54253875969,35.84712838793376,1
16095,264,1,447.05,14.901666666666667,265,8.833333333333334,447.05,30,0.0,0,United Kingdom,0.0,3.0528850574712654,447.05,163173.25,19.32729355873413,1
16096,72,4,1584.97,24.01469696969697,700,10.606060606060606,396.2425,58,126.33333333333333,380,United Kingdom,0.0,303.1778588578088,1584.97,1518.4095800524933,31.441408228767713,1
16097,48,1,185.04999999999998,18.505,87,8.7,185.04999999999998,10,0.0,0,United Kingdom,0.0,27.50322222222222,185.04999999999998,67543.25,32.492464787182364,1
16098,42,10,3015.37,27.66394495412844,1653,15.1651376146789,301.537,72,48.7,490,United Kingdom,0.0,14.205876792388713,3015.37,2241.5683299389,33.98808016596798,0
16099,33,6,1154.65,23.093000000000004,731,14.62,192.4416666666667,36,83.6,420,United Kingdom,2.0,1.2680408571428567,1154.65,1001.062351543943,33.98581990727346,0
16100,270,1,582.64,15.747027027027027,438,11.837837837837839,582.64,37,0.0,0,United Kingdom,0.0,1.8593102102102093,582.64,212663.6,18.9721933189021,1
16101,242,4,1921.46,16.42273504273504,1085,9.273504273504274,480.365,94,41.666666666666664,126,United Kingdom,0.8547008547008548,7.150051061007955,1921.46,5522.306299212599,21.090692898235286,1
16103,34,23,5107.58,29.186171428571427,2218,12.674285714285714,222.06869565217391,101,21.045454545454547,473,United Kingdom,4.0,10.532018935960599,5107.58,3933.052109704641,35.9428355946263,0
16104,226,10,2213.0,10.389671361502348,886,4.15962441314554,221.3,162,34.55555555555556,314,United Kingdom,4.225352112676056,9.21165980600585,2213.0,2564.2698412698414,22.68859084827855,1
16105,56,5,2386.19,21.692636363636364,2125,19.318181818181817,477.238,92,88.25,355,United Kingdom,0.0,2.9035336864053374,2386.19,2446.515028089888,32.583894784280375,1
16108,238,6,1355.83,14.423723404255318,847,9.01063829787234,225.97166666666666,79,40.0,201,United Kingdom,7.446808510638298,10.352787748798901,1355.83,2449.8908415841584,21.487175442331022,1
16109,26,4,923.58,28.861875,1090,34.0625,230.895,31,159.66666666666666,479,United Kingdom,3.125,5.036741935483871,923.58,702.3056250000001,34.19507830866214,1
16110,70,3,1138.82,4.111263537906137,502,1.812274368231047,379.6066666666666,235,129.5,260,United Kingdom,0.0,6.863015102286404,1138.82,1592.6026819923372,31.42715258191433,1
16111,236,1,549.33,7.525068493150686,233,3.191780821917808,549.33,72,0.0,0,United Kingdom,0.0,5.782895814307459,549.33,200505.45,21.045143892187625,1
16112,141,2,136.14,13.613999999999999,342,34.2,68.07,10,5.0,5,United Kingdom,0.0,0.10000444444444442,136.14,8281.849999999999,26.910271489517772,0
16115,20,7,1399.22,5.928898305084746,911,3.860169491525424,199.88857142857142,158,60.0,362,United Kingdom,0.0,3.6501461810313742,1399.22,1406.9292011019284,34.89917537839986,0
16116,13,2,592.88,16.93942857142857,246,7.0285714285714285,296.44,34,5.0,5,United Kingdom,2.857142857142857,15.325457478991595,592.88,36066.86666666667,34.76240734996989,1
16117,210,3,417.84,6.9639999999999995,188,3.1333333333333333,139.28,46,94.0,189,United Kingdom,1.6666666666666667,6.359340649717513,417.84,802.6926315789473,22.82058900001279,0
16118,201,5,4255.43,90.54106382978723,2822,60.04255319148936,851.086,42,64.5,259,United Kingdom,12.76595744680851,8.832724421831639,4255.43,5973.969038461539,23.886040566579172,1
16119,202,6,1297.45,34.14342105263158,571,15.026315789473685,216.24166666666667,31,65.6,329,United Kingdom,0.0,10.552782361308678,1297.45,1435.0583333333334,23.680155283150985,1
16120,230,2,1658.3700000000001,26.747903225806454,1283,20.693548387096776,829.1850000000001,60,0.0,0,United Kingdom,0.0,0.7517458751983078,1658.3700000000001,366939.9750000006,21.602556660191656,1
16121,23,5,861.42,4.063301886792453,440,2.0754716981132075,172.284,159,87.25,350,United Kingdom,0.4716981132075472,3.4086424461235834,861.42,895.7786324786324,34.47259638345098,1
16122,140,4,461.04,13.172571428571429,598,17.085714285714285,115.26,20,30.333333333333332,92,United Kingdom,0.0,1.8685996638655462,461.04,1809.4580645161293,27.19716420612264,0
16124,124,6,1709.39,19.424886363636364,789,8.965909090909092,284.89833333333337,63,83.0,416,United Kingdom,6.8181818181818175,24.503512016718904,1709.39,1496.2286570743404,28.476087481425434,1
16125,175,14,4292.35,14.955923344947736,1819,6.337979094076655,306.5964285714286,168,26.923076923076923,358,United Kingdom,0.0,10.414918094101024,4292.35,4364.088440111421,26.371914240806234,1
16126,104,12,9248.18,32.33629370629371,4290,15.0,770.6816666666667,125,39.45454545454545,440,United Kingdom,0.0,5.098021878297145,9248.18,7654.389342403628,30.916829502998727,0
16127,534,1,145.06,4.144571428571429,68,1.9428571428571428,145.06,35,0.0,0,United Kingdom,0.0,6.844724033613445,145.06,52946.9,2.818831827100732,1
16128,90,10,2256.48,19.12271186440678,1605,13.601694915254237,225.648,105,50.22222222222222,456,United Kingdom,4.23728813559322,5.28566950601188,2256.48,1802.2214442013128,30.994990724940703,0
16129,215,3,1396.05,14.542187499999999,1261,13.135416666666666,465.34999999999997,91,49.5,100,United Kingdom,0.0,280.53181209429823,1396.05,5045.131188118812,22.596141672213562,1
16130,230,4,987.48,17.95418181818182,296,5.381818181818182,246.87,53,64.33333333333333,195,United Kingdom,0.0,24.00472242424243,987.48,1838.9295918367347,21.746144179409686,1
16131,15,11,8024.25,44.089285714285715,3743,20.565934065934066,729.4772727272727,117,52.7,530,United Kingdom,3.296703296703297,7.651225062230584,8024.25,5515.727401129943,36.149682288198775,0
16132,352,2,664.1999999999999,39.07058823529411,280,16.470588235294116,332.09999999999997,14,83.0,83,United Kingdom,0.0,88.51566176470588,664.1999999999999,2886.1071428571427,14.072327892436554,1
16133,4,46,14377.12,43.56703030303031,8379,25.39090909090909,312.5460869565218,187,8.977777777777778,422,United Kingdom,5.151515151515151,174.3400413042276,14377.12,12405.789125295509,40.82858547495262,0
16134,162,6,1785.43,17.677524752475247,1409,13.950495049504951,297.57166666666666,71,37.0,186,United Kingdom,3.9603960396039604,5.5423018415841545,1785.43,3484.9302139037436,26.162466285622617,1
16135,70,2,819.45,21.011538461538464,395,10.128205128205128,409.725,35,321.0,321,United Kingdom,0.0,9.978778677462886,819.45,928.8796583850933,31.301269207928424,1
16136,85,3,371.0,19.526315789473685,248,13.052631578947368,123.66666666666667,17,192.0,385,United Kingdom,10.526315789473683,6.714515204678362,371.0,350.8160621761658,30.44797751169098,1
16137,488,1,422.7,15.096428571428572,210,7.5,422.7,28,0.0,0,United Kingdom,0.0,3.1814682539682533,422.7,154285.5,5.6500685030388285,1
16138,176,4,902.4,23.74736842105263,773,20.342105263157894,225.6,35,74.0,222,United Kingdom,2.631578947368421,15.393107325746803,902.4,1477.0224215246637,25.035819621846993,1
16139,14,3,615.54,19.235625,356,11.125,205.17999999999998,29,264.0,529,United Kingdom,0.0,4.739035080645162,615.54,423.90962264150943,34.802731558071905,0
16140,179,2,832.4200000000001,23.12277777777778,646,17.944444444444443,416.21000000000004,33,70.0,70,United Kingdom,0.0,3.402122777777778,832.4200000000001,4279.3422535211275,24.647883913013732,1
16141,225,1,335.54,16.777,172,8.6,335.54,20,0.0,0,United Kingdom,0.0,34.8980997368421,335.54,122472.1,21.699034890918284,1
16142,57,1,535.34,14.46864864864865,422,11.405405405405405,535.34,37,0.0,0,United Kingdom,0.0,10.423016966966966,535.34,195399.1,31.971949205654173,1
16143,20,14,3660.36,20.001967213114757,1467,8.01639344262295,261.45428571428573,92,39.38461538461539,516,United Kingdom,2.73224043715847,88.25051135531136,3660.36,2584.2,35.78246950025629,0
16144,54,1,175.2,175.2,16,16.0,175.2,1,0.0,0,United Kingdom,0.0,0.0,175.2,63947.99999999999,32.12535078237095,1
16145,27,18,4252.1900000000005,16.168022813688214,3253,12.368821292775666,236.2327777777778,154,21.11764705882353,365,United Kingdom,6.083650190114068,12.414634687835592,4252.1900000000005,4240.5719945355195,35.80201589422,0
16146,11,3,871.38,21.7845,484,12.1,290.46,34,122.0,244,United Kingdom,0.0,1.4518307051282051,871.38,1298.1783673469388,35.00701486575678,0
16147,208,6,1992.02,16.881525423728814,1076,9.11864406779661,332.00333333333333,101,54.0,272,United Kingdom,3.389830508474576,8.171592582934958,1992.02,2663.323443223443,23.37122840929926,0
16148,104,4,370.37,30.864166666666666,247,20.583333333333332,92.5925,12,141.66666666666666,425,United Kingdom,25.0,4.53546287878788,370.37,317.33579812206574,29.387476799478463,1
16149,237,1,141.70000000000002,11.808333333333335,290,24.166666666666668,141.70000000000002,12,0.0,0,United Kingdom,0.0,0.23603636363636363,141.70000000000002,51720.50000000001,20.950422413243267,0
16150,75,14,2736.08,15.371235955056179,1402,7.876404494382022,195.43428571428572,109,35.84615384615385,471,United Kingdom,13.48314606741573,7.713353888148289,2736.08,2115.8245762711863,32.34836793915347,0
16151,406,1,-4217.59,-4217.59,-1,-1.0,-4217.59,1,0.0,0,United Kingdom,100.0,0.0,-4217.59,-1539420.35,10.272872123719,1
16152,76,1,1829.04,63.070344827586204,642,22.137931034482758,1829.04,29,0.0,0,United Kingdom,0.0,23.25813866995074,1829.04,366939.9750000006,30.918861410347063,1
16153,25,10,3615.19,22.31598765432099,2754,17.0,361.519,118,37.888888888888886,344,United Kingdom,1.8518518518518516,6.076348903458322,3615.19,3824.766231884058,35.075478072011634,0
16154,490,1,-10.5,-10.5,-1,-1.0,-10.5,1,0.0,0,United Kingdom,100.0,0.0,-10.5,-3832.5,5.492184807031464,1
16155,189,6,781.05,15.620999999999999,482,9.64,130.17499999999998,45,31.4,158,United Kingdom,4.0,31.55808673469387,781.05,1792.9764150943395,24.431149942070245,1
16156,14,17,3943.34,20.754421052631578,2198,11.56842105263158,231.96117647058824,138,32.8125,530,United Kingdom,5.263157894736842,5.953078262322473,3943.34,2710.582109227872,36.47065229633526,0
16158,330,10,611.32,16.98111111111111,180,5.0,61.132000000000005,29,23.11111111111111,211,United Kingdom,2.7777777777777777,64.61926944444446,611.32,1052.5084905660378,16.20708109497305,1
16159,89,5,1230.29,23.21301886792453,633,11.943396226415095,246.058,32,113.25,455,United Kingdom,1.8867924528301887,5.916671117561683,1230.29,984.7716008771929,30.47376208384954,1
16161,6,45,9060.1,9.815926327193933,4690,5.081256771397617,201.33555555555557,348,10.340909090909092,471,United Kingdom,3.14192849404117,7.032200286719495,9060.1,7006.221398305085,40.16778162305511,0
16162,60,1,37.4,18.7,4,2.0,37.4,2,0.0,0,United Kingdom,0.0,23.119999999999997,37.4,13651.0,31.74766773720535,1
16163,33,14,1822.03,22.775375,549,6.8625,130.145,61,39.0,512,United Kingdom,15.0,14.76625340189873,1822.03,1296.3761208576998,34.83696732751754,1
16165,313,1,79.9,79.9,2,2.0,79.9,1,0.0,0,United Kingdom,0.0,0.0,79.9,29163.500000000004,16.305512914557124,1
16166,236,4,327.48,12.595384615384615,156,6.0,81.87,21,87.33333333333333,263,United Kingdom,15.384615384615385,7.964506461538462,327.48,452.7659090909091,21.325325902724327,1
16167,222,6,1149.8700000000001,16.19535211267606,1459,20.549295774647888,191.645,55,64.4,324,United Kingdom,11.267605633802818,13.283779275653925,1149.8700000000001,1291.3924615384617,22.446963526976095,1
16168,0,54,7744.49,30.732103174603175,3676,14.587301587301587,143.41648148148147,118,9.98076923076923,543,United Kingdom,4.761904761904762,56.12921185100866,7744.49,5196.211121323529,41.32093118335215,0
16170,42,20,5558.83,15.31358126721763,4699,12.944903581267218,277.9415,203,21.842105263157894,424,United Kingdom,2.7548209366391188,3.1161325875530803,5558.83,4774.054,35.19320219969263,0
16172,49,4,943.72,15.728666666666667,812,13.533333333333333,235.93,54,89.66666666666667,271,United Kingdom,0.0,3.465223276836159,943.72,1266.3889705882355,32.79259052680643,0
16174,299,4,1237.2,29.45714285714286,780,18.571428571428573,309.3,15,37.0,111,United Kingdom,0.0,2.0890185830429724,1237.2,4031.946428571429,17.554317561775687,0
16175,12,5,1265.83,18.615147058823528,619,9.102941176470589,253.166,45,89.25,358,United Kingdom,0.0,8.886560908691834,1265.83,1286.9859331476323,35.17755249157559,0
16176,229,7,1964.04,24.247407407407408,913,11.271604938271604,280.57714285714286,53,32.833333333333336,198,United Kingdom,11.11111111111111,6.6949404938271595,1964.04,3602.3849246231157,22.18636838582142,1
16177,242,11,1809.66,16.014690265486728,906,8.017699115044248,164.51454545454547,66,20.8,213,United Kingdom,8.849557522123893,16.40929380530974,1809.66,3086.5696261682247,21.77797530756297,1
16178,209,1,414.7,24.394117647058824,210,12.352941176470589,414.7,17,0.0,0,United Kingdom,0.0,7.696176470588236,414.7,151365.5,22.68237471284968,0
16180,18,10,8698.22,34.93261044176707,5544,22.265060240963855,869.8219999999999,164,35.55555555555556,323,United Kingdom,2.4096385542168677,4.584934036144577,8698.22,9798.920679012344,35.92270149030789,0
16182,11,7,5871.0,177.9090909090909,3596,108.96969696969697,838.7142857142857,12,72.5,437,United Kingdom,0.0,0.10434848484848484,5871.0,4892.5,35.81800789951922,0
16183,202,3,739.1,28.426923076923078,238,9.153846153846153,246.36666666666667,17,5.5,12,United Kingdom,0.0,6.083938461538462,739.1,20751.653846153848,23.335526494307658,1
16184,19,1,148.22,16.468888888888888,26,2.888888888888889,148.22,9,0.0,0,United Kingdom,0.0,4.9719,148.22,54100.3,34.259874293028865,0
16185,40,2,450.31,16.0825,214,7.642857142857143,225.155,28,332.0,332,United Kingdom,0.0,10.496570767195768,450.31,493.583033033033,33.10227900694614,1
16186,19,21,5731.5,16.054621848739497,4483,12.557422969187675,272.92857142857144,138,25.5,518,United Kingdom,1.680672268907563,3.6908708384477364,5731.5,4030.8236994219656,36.711119133203454,0
16187,11,7,2564.64,22.898571428571426,1545,13.794642857142858,366.3771428571428,89,13.166666666666666,81,United Kingdom,0.0,20.285969079794082,2564.64,11415.775609756096,35.54489299318508,0
16188,34,4,661.62,14.077021276595746,494,10.51063829787234,165.405,46,60.333333333333336,181,United Kingdom,2.127659574468085,6.776328122109156,661.62,1326.8752747252747,33.68503916601248,0
16190,202,7,2508.4700000000003,22.198849557522127,1143,10.11504424778761,358.3528571428572,88,54.5,330,United Kingdom,0.0,21.81446635587863,2508.4700000000003,2766.137613293052,23.879691528038077,1
16191,70,30,12789.68,78.94864197530865,7519,46.41358024691358,426.3226666666667,77,15.689655172413794,465,United Kingdom,10.493827160493826,14.347186093857832,12789.68,10017.667811158799,35.076114505772416,1
16192,543,1,351.3,31.936363636363637,208,18.90909090909091,351.3,11,0.0,0,United Kingdom,0.0,4.931945454545454,351.3,128224.5,2.286417298616548,1
16193,44,2,630.43,16.590263157894736,379,9.973684210526315,315.215,38,174.0,174,United Kingdom,0.0,7.099416785206259,630.43,1314.896857142857,32.87295719610733,1
16194,183,1,308.59999999999997,38.574999999999996,140,17.5,308.59999999999997,8,0.0,0,United Kingdom,0.0,35.465535714285714,308.59999999999997,112638.99999999999,24.260912133042407,1
16195,531,1,323.25,20.203125,123,7.6875,323.25,16,0.0,0,United Kingdom,0.0,2.885625,323.25,117986.25,3.0167010200259186,1
16196,296,1,93.3,23.325,26,6.5,93.3,4,0.0,0,United Kingdom,0.0,1.155625,93.3,34054.5,17.344470831194766,1
16197,277,9,2016.71,21.68505376344086,1420,15.268817204301076,224.07888888888888,52,31.25,254,United Kingdom,0.0,11.787583473585782,2016.71,2886.6633333333334,19.459321124997384,1
16198,245,1,629.36,34.964444444444446,255,14.166666666666666,629.36,18,0.0,0,United Kingdom,0.0,6.447598692810459,629.36,229716.4,20.50230405238573,1
16199,200,7,942.75,94.275,321,32.1,134.67857142857142,2,39.166666666666664,238,United Kingdom,0.0,0.9387777777777779,942.75,1439.7646443514645,23.87245864612608,1
16200,190,11,4525.73,10.239208144796379,2550,5.769230769230769,411.42999999999995,242,35.1,354,United Kingdom,0.22624434389140274,6.628297084987842,4525.73,4653.215352112676,25.176933725892468,0
16201,223,1,248.65,19.126923076923077,135,10.384615384615385,248.65,13,0.0,0,United Kingdom,0.0,12.594230769230771,248.65,90757.25,21.813957647513323,0
16202,168,11,2467.04,19.57968253968254,1282,10.174603174603174,224.27636363636364,105,37.4,376,United Kingdom,1.5873015873015872,21.819933365079372,2467.04,2388.5135278514585,26.34998131606883,1
16203,35,5,665.49,12.797884615384616,416,8.0,133.098,47,69.0,277,United Kingdom,1.9230769230769231,8.192229562594271,665.49,873.7548561151079,33.72381126572641,0
16204,188,3,529.53,10.18326923076923,449,8.634615384615385,176.51,47,175.0,350,United Kingdom,1.9230769230769231,4.57864494720965,529.53,550.6508547008547,24.17291626040338,1
16205,204,3,1062.48,10.6248,936,9.36,354.16,89,72.5,146,United Kingdom,0.0,3.8531436767676777,1062.48,2638.130612244898,23.24013849623829,0
16206,16,12,2336.61,10.66945205479452,1259,5.748858447488584,194.7175,175,46.45454545454545,516,United Kingdom,0.45662100456621,11.950147693854467,2336.61,1649.6376208897486,35.7183191877077,0
16208,97,9,3273.78,14.42193832599119,1451,6.392070484581498,363.75333333333333,164,45.125,363,United Kingdom,0.0,12.72058922849011,3273.78,3282.7739010989017,30.552169734626048,1
16209,54,5,2190.11,70.64870967741936,961,31.0,438.02200000000005,26,74.75,300,United Kingdom,0.0,6.352224516129031,2190.11,2655.781229235881,32.689798130822474,0
16210,21,28,23072.43,115.94185929648242,8981,45.130653266331656,824.0153571428572,118,18.962962962962962,524,United Kingdom,1.507537688442211,10.65057452921172,23072.43,16040.832285714285,38.71794743575453,0
16211,229,2,543.5699999999999,41.81307692307692,365,28.076923076923077,271.78499999999997,12,16.0,16,United Kingdom,0.0,3.08594358974359,543.5699999999999,11670.767647058821,21.571521014427788,1
16212,89,4,1092.3700000000001,15.83144927536232,475,6.884057971014493,273.09250000000003,61,129.33333333333334,388,United Kingdom,2.898550724637681,9.895644543904519,1092.3700000000001,1024.9744215938304,30.362867005074786,1
16214,60,3,1725.17,19.383932584269665,1208,13.573033707865168,575.0566666666667,78,90.5,182,United Kingdom,0.0,17.129236338100103,1725.17,3440.9128415300547,32.08608739961834,0
16216,75,1,914.9300000000001,24.72783783783784,254,6.864864864864865,914.9300000000001,37,0.0,0,United Kingdom,0.0,710.9776750750752,914.9300000000001,333949.45,30.904403339484958,1
16217,43,4,259.39000000000004,13.652105263157898,76,4.0,64.84750000000001,14,15.0,46,United Kingdom,21.052631578947366,4.486946783625731,259.39000000000004,2014.4117021276597,33.102363254298055,1
16218,14,15,2546.19,20.870409836065573,1893,15.51639344262295,169.746,68,25.071428571428573,354,United Kingdom,13.114754098360656,2.9033820959219607,2546.19,2617.913661971831,36.156238687128464,0
16219,308,1,40.8,40.8,48,48.0,40.8,1,0.0,0,United Kingdom,0.0,0.0,40.8,14891.999999999998,16.60753344663159,1
16220,536,1,-10.17,-10.17,-3,-3.0,-10.17,1,0.0,0,United Kingdom,100.0,0.0,-10.17,-3712.05,2.683909257683848,1
16221,83,9,1467.93,8.24679775280899,1000,5.617977528089888,163.10333333333335,117,25.75,210,United Kingdom,1.1235955056179776,8.01598361264521,1467.93,2539.31018957346,31.257702152253046,1
16222,126,2,1272.05,8.772758620689656,463,3.193103448275862,636.025,133,402.0,402,United Kingdom,0.0,8.655630699233711,1272.05,1152.1048387096773,27.919851859185993,1
16223,182,2,1087.05,8.83780487804878,643,5.227642276422764,543.525,101,20.0,20,United Kingdom,0.0,6.334458190057311,1087.05,18893.964285714286,24.48576690489587,1
16224,48,3,864.45,13.50703125,924,14.4375,288.15000000000003,62,73.0,147,United Kingdom,0.0,12.018583730158731,864.45,2131.920608108108,32.74759016884548,0
16225,85,15,2134.1,9.12008547008547,982,4.196581196581197,142.27333333333334,149,27.642857142857142,393,United Kingdom,2.1367521367521367,5.671032684054145,2134.1,1977.021573604061,31.78764452577026,0
16226,11,5,672.1700000000001,21.682903225806452,521,16.806451612903224,134.43400000000003,23,52.0,210,United Kingdom,0.0,2.7970666666666664,672.1700000000001,1162.7585308056873,35.18956451826329,1
16227,27,6,948.82,23.141951219512197,382,9.317073170731707,158.13666666666668,28,62.8,316,United Kingdom,17.073170731707318,5.664469512195123,948.82,1092.4899053627762,34.33511811979421,1
16228,182,4,881.0600000000001,16.019272727272728,554,10.072727272727272,220.26500000000001,45,8.0,25,United Kingdom,1.8181818181818181,6.0697719191919175,881.0600000000001,12368.726923076925,24.667756509777508,1
16229,20,6,2182.96,15.054896551724138,1060,7.310344827586207,363.82666666666665,124,94.4,473,United Kingdom,2.7586206896551726,4.704468630268201,2182.96,1680.9713080168776,34.86441208339091,1
16230,28,1,275.93,14.522631578947369,195,10.263157894736842,275.93,19,0.0,0,United Kingdom,0.0,7.720145029239766,275.93,100714.45,33.720972959237805,0
16231,187,4,1074.47,10.7447,563,5.63,268.6175,69,72.33333333333333,218,United Kingdom,0.0,2.005444444444444,1074.47,1790.7833333333333,24.378482430356843,1
16232,23,7,2075.2599999999998,23.317528089887638,1520,17.078651685393258,296.4657142857142,59,55.166666666666664,335,United Kingdom,2.247191011235955,2.7093046731358537,2075.2599999999998,2254.374702380952,34.771868056062814,0
16233,137,11,1461.13,22.138333333333335,581,8.803030303030303,132.83,38,40.2,407,United Kingdom,9.090909090909092,20.88190836829837,1461.13,1307.1383578431373,28.159442130991376,1
16234,281,4,312.78,19.54875,162,10.125,78.195,13,29.0,88,United Kingdom,6.25,7.352464999999999,312.78,1282.7494382022471,18.576858892922093,1
16235,103,8,1467.76,15.450105263157894,556,5.852631578947369,183.47,62,24.571428571428573,174,United Kingdom,7.368421052631578,17.613850795072793,1467.76,3061.328,29.937184401197566,0
16237,245,1,136.65,19.521428571428572,57,8.142857142857142,136.65,7,0.0,0,United Kingdom,0.0,9.178214285714287,136.65,49877.25,20.46160478022544,1
16238,230,1,63.66,10.61,85,14.166666666666666,63.66,6,0.0,0,United Kingdom,0.0,0.22277666666666668,63.66,23235.899999999998,21.371326510705142,1
16239,190,4,1078.0,67.375,464,29.0,269.5,9,26.666666666666668,80,United Kingdom,0.0,2.1051666666666673,1078.0,4857.6543209876545,24.19562383542433,0
16241,20,7,2231.11,4.571946721311476,1183,2.4241803278688523,318.73,318,32.333333333333336,197,United Kingdom,0.0,6.900633902783855,2231.11,4112.904797979798,34.96789190032437,0
16242,22,13,4183.54,9.68412037037037,2118,4.902777777777778,321.8107692307692,263,34.666666666666664,419,United Kingdom,1.8518518518518516,6.195305540517321,4183.54,3635.695476190476,35.604083072950374,0
16244,19,2,1522.75,16.733516483516482,855,9.395604395604396,761.375,88,160.0,160,United Kingdom,0.0,2.970980146520147,1522.75,3452.197204968944,34.472916937199365,1
16245,54,2,445.13,14.359032258064516,255,8.225806451612904,222.565,30,10.0,10,United Kingdom,3.225806451612903,10.648618279569892,445.13,14770.222727272729,32.247150269251655,0
16246,267,2,821.35,9.333522727272728,336,3.8181818181818183,410.675,79,209.0,209,United Kingdom,0.0,3.8261804467084635,821.35,1427.584523809524,19.27456412656599,1
16249,9,2,1020.53,37.797407407407405,487,18.037037037037038,510.265,26,38.0,38,United Kingdom,0.0,12.779790028490027,1020.53,9551.114102564103,35.04193272201278,0
16250,69,3,565.24,16.149714285714285,268,7.6571428571428575,188.41333333333333,29,62.0,125,United Kingdom,0.0,6.662176974789917,565.24,1637.4015873015874,31.440823274724053,1
16251,320,1,128.31,6.4155,44,2.2,128.31,20,0.0,0,United Kingdom,0.0,5.094325263157896,128.31,46833.15,15.88216129333054,1
16252,174,2,2.6645352591003757e-15,6.344131569286608e-17,0,0.0,1.3322676295501878e-15,21,16.0,16,United Kingdom,50.0,7.801371893147503,2.6645352591003757e-15,5.72091393865669e-14,24.884373916805433,1
16253,63,7,5273.74,23.130438596491228,4136,18.140350877192983,753.3914285714285,171,78.66666666666667,475,United Kingdom,0.43859649122807015,14.032752562021793,5273.74,4043.9392857142857,32.59406932013341,1
16254,186,3,967.44,13.073513513513515,543,7.337837837837838,322.48,65,126.0,253,United Kingdom,0.0,5.74587737874861,967.44,1390.2188976377954,24.331189016043947,1
16255,54,13,2909.96,8.314171428571429,1724,4.925714285714286,223.84307692307692,163,36.0,438,United Kingdom,0.5714285714285714,10.585817182971763,2909.96,2419.4428246013667,33.54527972494217,0
16256,65,4,1609.57,53.65233333333333,1586,52.86666666666667,402.3925,27,112.66666666666667,340,United Kingdom,3.3333333333333335,80.57642310344826,1609.57,1722.8535190615835,31.870790687323396,1
16258,27,12,7662.47,31.27538775510204,4558,18.60408163265306,638.5391666666667,193,37.72727272727273,420,United Kingdom,0.40816326530612246,5.076529892940779,7662.47,6643.234085510689,35.4866999679798,0
16259,218,3,340.94,4.011058823529412,143,1.6823529411764706,113.64666666666666,75,97.0,194,United Kingdom,0.0,3.944238515406162,340.94,638.1697435897436,22.325836349023508,1
16261,54,3,565.14,5.7667346938775506,290,2.9591836734693877,188.38,83,97.5,196,United Kingdom,0.0,7.659739753839678,565.14,1047.086802030457,32.35656593018552,0
16262,168,3,677.78,13.5556,429,8.58,225.92666666666665,47,159.0,319,United Kingdom,8.0,9.810049959183674,677.78,773.0928124999999,25.406163360517596,1
16263,231,1,348.16,16.57904761904762,197,9.380952380952381,348.16,19,0.0,0,United Kingdom,0.0,3.2680890476190476,348.16,127078.40000000001,21.333776973146794,1
16264,246,2,823.53,13.071904761904761,616,9.777777777777779,411.765,62,7.0,7,United Kingdom,0.0,7.530468714797747,823.53,37573.55625,20.55679548292733,1
16265,26,11,4321.76,19.467387387387387,1862,8.387387387387387,392.8872727272728,147,18.5,188,United Kingdom,1.3513513513513513,51.06011886184829,4321.76,8346.256084656085,35.17229522570668,0
16266,8,10,1267.9,16.466233766233767,543,7.0519480519480515,126.79,58,52.0,472,United Kingdom,0.0,16.24786995898837,1267.9,978.4006342494715,35.91943616157844,0
16267,399,1,186.66,26.665714285714284,198,28.285714285714285,186.66,7,0.0,0,United Kingdom,0.0,0.8747952380952381,186.66,68130.9,11.064026349271117,1
16269,236,2,714.59,13.233148148148148,577,10.685185185185185,357.295,53,9.0,9,United Kingdom,1.8518518518518516,7.035132075471698,714.59,26082.535,21.158297334098638,1
16270,161,1,1141.24,21.134074074074075,688,12.74074074074074,1141.24,54,0.0,0,United Kingdom,0.0,14.399088364779873,1141.24,366939.9750000006,25.672791950239144,1
16271,166,6,2126.4,11.494054054054054,1463,7.908108108108108,354.40000000000003,122,46.833333333333336,284,United Kingdom,0.0,4.359375252643949,2126.4,2723.2842105263157,25.946431150367786,0
16273,456,2,318.34000000000003,21.22266666666667,40,2.6666666666666665,159.17000000000002,15,7.0,7,United Kingdom,0.0,9.632125714285715,318.34000000000003,14524.2625,7.694552506130578,1
16274,181,1,351.75,5.411538461538462,153,2.353846153846154,351.75,64,0.0,0,United Kingdom,0.0,27.54614591346153,351.75,128388.75,24.386576570041182,1
16275,4,3,2151.11,19.37936936936937,1268,11.423423423423424,717.0366666666667,105,148.0,444,United Kingdom,0.0,14.315981539721538,2151.11,1764.3935955056181,35.540074695314765,1
16276,287,2,1818.79,90.9395,1047,52.35,909.395,16,128.0,128,United Kingdom,0.0,8.321708157894738,1818.79,5146.188759689922,18.13595433667751,0
16277,541,1,188.69,8.203913043478261,33,1.434782608695652,188.69,23,0.0,0,United Kingdom,0.0,26.559575494071144,188.69,68871.85,2.395085364038331,1
16278,285,4,518.76,14.821714285714286,218,6.228571428571429,129.69,30,6.666666666666667,21,United Kingdom,8.571428571428571,20.96695512605042,518.76,8606.699999999999,18.34967319293564,1
16279,141,7,4182.6,17.141803278688528,2635,10.799180327868852,597.5142857142857,165,43.166666666666664,262,United Kingdom,0.819672131147541,6.313510982931928,4182.6,5804.749049429658,27.742033235899125,0
16280,533,1,238.05,14.878125,101,6.3125,238.05,16,0.0,0,United Kingdom,0.0,7.646625,238.05,86888.25,2.887563131312461,1
16281,230,3,1354.46,58.88956521739131,634,27.565217391304348,451.4866666666667,19,129.5,260,United Kingdom,4.3478260869565215,1.0447782608695653,1354.46,1894.1681992337167,21.676955302079445,1
16282,147,3,1307.58,39.623636363636365,790,23.939393939393938,435.85999999999996,31,189.0,378,United Kingdom,0.0,10.344816666666663,1307.58,1259.2788918205804,26.74023794553928,1
16283,16,6,3004.17,6.516637744034707,1780,3.86117136659436,500.695,314,88.0,440,United Kingdom,1.9522776572668112,3.8752781835329637,3004.17,2486.4445578231293,35.17644665060215,0
16284,201,1,205.8,6.86,139,4.633333333333334,205.8,30,0.0,0,United Kingdom,0.0,2.840082298850575,205.8,75117.0,23.153519456584373,1
16285,454,1,176.9,5.706451612903226,60,1.935483870967742,176.9,31,0.0,0,United Kingdom,0.0,2.405494623655914,176.9,64568.5,7.70546678726722,1
16286,285,4,263.65,13.876315789473683,87,4.578947368421052,65.9125,17,48.333333333333336,146,United Kingdom,10.526315789473683,5.034970760233918,263.65,654.641156462585,18.32860036851395,1
16287,184,4,864.48,25.425882352941176,1128,33.1764705882353,216.12,18,104.0,313,United Kingdom,0.0,3.5409058823529413,864.48,1004.8891719745224,24.544286831686197,0
16288,278,1,129.85,18.55,19,2.7142857142857144,129.85,7,0.0,0,United Kingdom,0.0,16.621547619047618,129.85,47395.25,18.44639106589067,1
16289,270,2,98.81,4.491363636363636,87,3.9545454545454546,49.405,21,0.0,0,United Kingdom,4.545454545454546,1.5143976190476192,98.81,36065.65,19.03173004800736,1
16290,272,4,1957.7,15.787903225806453,957,7.717741935483871,489.425,85,33.0,101,United Kingdom,0.0,20.84137242984525,1957.7,7005.495098039217,19.26218459563096,1
16291,490,1,117.72,117.72,1,1.0,117.72,1,0.0,0,Portugal,0.0,0.0,117.72,42967.8,5.5027761501671675,1
16292,183,7,890.56,18.55333333333333,492,10.25,127.22285714285714,38,37.666666666666664,228,United Kingdom,6.25,22.06648014184397,890.56,1419.4515283842793,24.90599863891198,0
16293,15,11,3146.4500000000003,18.40029239766082,1359,7.947368421052632,286.0409090909091,130,51.8,521,United Kingdom,1.7543859649122806,13.968833918128658,3146.4500000000003,2200.1039272030653,35.74676188929585,1
16294,284,1,126.05000000000001,15.756250000000001,54,6.75,126.05000000000001,8,0.0,0,United Kingdom,0.0,1.553526785714286,126.05000000000001,46008.25000000001,18.079776808591117,1
16296,434,6,1245.97,15.011686746987952,632,7.614457831325301,207.66166666666666,57,18.8,95,United Kingdom,10.843373493975903,7.64463276520717,1245.97,4737.281770833333,9.512288722526788,1
16297,20,4,275.4,11.97391304347826,180,7.826086956521739,68.85,21,18.333333333333332,56,United Kingdom,13.043478260869565,4.867540711462451,275.4,1763.5263157894735,34.50783713079077,1
16298,205,6,481.8,21.900000000000002,108,4.909090909090909,80.3,16,8.6,44,United Kingdom,9.090909090909092,13.290091991341992,481.8,3907.9333333333334,23.429630049083343,0
16299,280,2,178.65,13.742307692307692,103,7.923076923076923,89.325,12,4.0,4,United Kingdom,7.6923076923076925,3.5241025641025647,178.65,13041.45,18.427824452605446,1
16300,238,3,1367.32,5.745042016806722,643,2.7016806722689077,455.7733333333333,190,122.5,245,United Kingdom,0.0,4.538957566570932,1367.32,2028.7471544715445,21.18961708690252,1
16301,544,1,107.33,17.888333333333332,41,6.833333333333333,107.33,6,0.0,0,United Kingdom,0.0,2.4410666666666665,107.33,39175.45,2.205214609389779,1
16303,141,6,3345.07,20.776832298136647,1613,10.01863354037267,557.5116666666667,82,59.0,298,United Kingdom,1.2422360248447204,5.2887786257763985,3345.07,4083.446655518395,27.573348346087318,0
16304,502,1,381.66,15.2664,228,9.12,381.66,25,0.0,0,United Kingdom,0.0,4.231887333333334,381.66,139305.90000000002,4.791977625546761,1
16306,21,10,1094.72,15.638857142857143,696,9.942857142857143,109.47200000000001,55,27.375,221,United Kingdom,4.285714285714286,3.9586780331262954,1094.72,1799.8774774774777,35.1114801986542,1
16307,237,3,1194.92,15.932266666666667,1123,14.973333333333333,398.3066666666667,69,73.5,147,United Kingdom,0.0,2.1830306306306304,1194.92,2946.9310810810816,21.236426408936865,1
16308,25,5,3520.0,704.0,11000,2200.0,704.0,1,126.25,506,United Kingdom,0.0,0.0,3520.0,2534.122287968442,34.570102664671076,0
16309,48,1,334.2,15.914285714285715,304,14.476190476190476,334.2,21,0.0,0,United Kingdom,0.0,2.8918261904761904,334.2,121983.0,32.50478500890043,0
16310,222,2,460.08,16.431428571428572,270,9.642857142857142,230.04,26,227.0,227,United Kingdom,0.0,10.61546931216931,460.08,736.5315789473684,21.991974926114512,1
16312,240,1,171.15,17.115000000000002,53,5.3,171.15,10,0.0,0,United Kingdom,0.0,9.884555555555556,171.15,62469.75,20.769704885336775,1
16314,197,3,1491.4,24.05483870967742,636,10.258064516129032,497.1333333333334,58,41.0,83,United Kingdom,0.0,11.477182046536221,1491.4,6480.488095238096,23.7029189571074,1
16315,138,2,402.71,17.50913043478261,143,6.217391304347826,201.355,21,205.0,205,United Kingdom,0.0,16.54517826086956,402.71,713.5395631067961,27.115441126260876,1
16316,14,14,4558.56,18.915186721991702,2462,10.215767634854771,325.6114285714286,172,21.46153846153846,286,United Kingdom,1.6597510373443984,145.25304453319507,4558.56,5797.471777003485,36.22296378641696,0
16317,105,4,1408.8700000000001,17.833797468354433,727,9.20253164556962,352.21750000000003,69,95.33333333333333,287,United Kingdom,1.2658227848101267,14.83042603050958,1408.8700000000001,1785.5470486111112,29.412209844390247,0
16319,25,1,404.40000000000003,134.8,72,24.0,404.40000000000003,3,0.0,0,United Kingdom,0.0,0.3333333333333335,404.40000000000003,147606.0,33.91473513624732,1
16320,21,7,4243.07,18.132777777777775,3228,13.794871794871796,606.1528571428571,185,77.66666666666667,468,Unspecified,0.8547008547008548,6029.89046454642,4243.07,3302.1760127931766,35.07303555893824,0
16321,113,7,190.5,6.35,66,2.2,27.214285714285715,14,72.0,433,Australia,36.666666666666664,2.850448275862069,190.5,160.213133640553,29.12167593007668,1
16323,4,2,353.66,88.415,146,36.5,176.83,4,381.0,381,United Kingdom,0.0,2.8435666666666677,353.66,337.9212041884817,35.292097634992714,1
16325,42,14,3091.02,23.59557251908397,2297,17.53435114503817,220.78714285714287,101,37.92307692307692,500,United Kingdom,4.580152671755725,5.645707844979448,3091.02,2251.9407185628743,34.392339025187376,0
16326,22,14,2113.31,9.519414414414415,504,2.27027027027027,150.95071428571427,152,35.38461538461539,465,United Kingdom,0.45045045045045046,86.9912667971139,2113.31,1655.275,35.53257857018479,0
16327,7,18,8783.19,11.303976833976835,7169,9.226512226512227,487.95500000000004,270,30.41176470588235,526,United Kingdom,0.9009009009009009,4.341328131592571,8783.19,6083.2340607210635,37.39729083030367,1
16328,371,1,310.83,19.426875,141,8.8125,310.83,16,0.0,0,United Kingdom,0.0,2.6294062500000006,310.83,113452.95,12.783684860085714,1
16329,235,4,1664.92,16.008846153846154,797,7.663461538461538,416.23,83,103.0,311,United Kingdom,0.0,2.764670014936521,1664.92,1947.7429487179486,21.496852379024855,1
16330,232,4,373.46999999999997,4.788076923076923,179,2.2948717948717947,93.36749999999999,71,79.0,238,United Kingdom,0.0,2.6428105894105896,373.46999999999997,570.3621338912133,21.573325054043668,0
16331,240,6,2037.7,59.932352941176475,756,22.235294117647058,339.6166666666667,33,41.6,210,United Kingdom,0.0,16.492557932263807,2037.7,3524.931279620853,21.4213997559191,1
16332,113,6,529.07,9.121896551724138,335,5.775862068965517,88.17833333333334,49,56.4,284,United Kingdom,1.7241379310344827,10.710639594676348,529.07,677.5808771929825,29.050140304513047,0
16333,0,16,13087.2,396.5818181818182,22092,669.4545454545455,817.95,8,8.071428571428571,117,United Kingdom,0.0,0.31199962121212116,13087.2,40481.59322033898,37.98115996658444,0
16334,300,1,263.73,4.883888888888889,206,3.814814814814815,263.73,54,0.0,0,United Kingdom,0.0,3.8985222921034244,263.73,96261.45000000001,17.114348598308027,1
16335,359,8,2726.52,7.531823204419889,1000,2.7624309392265194,340.815,193,22.625,184,United Kingdom,0.2762430939226519,9.655518171592105,2726.52,5379.35027027027,14.412345991891362,1
16336,228,4,3517.69,51.73073529411765,1473,21.66176470588235,879.4225,64,70.0,211,United Kingdom,0.0,11.190810535557507,3517.69,6056.400235849056,22.07724697126014,1
16339,92,1,94.05,5.225,21,1.1666666666666667,94.05,17,0.0,0,United Kingdom,0.0,8.313014705882354,94.05,34328.25,29.798745237578107,1
16340,247,2,961.93,4.453379629629629,833,3.8564814814814814,480.965,170,111.0,111,United Kingdom,0.0,3.309719481050815,961.93,3134.8611607142857,20.507177662479215,0
16341,4,6,2665.12,22.778803418803417,2147,18.35042735042735,444.18666666666667,81,82.2,413,United Kingdom,5.982905982905983,2.115019997052756,2665.12,2349.6830917874395,35.88104087181495,1
16343,215,1,285.54,8.158285714285714,170,4.857142857142857,285.54,28,0.0,0,United Kingdom,0.0,16.343349075630254,285.54,104222.1,22.30540535669276,1
16344,317,3,741.3199999999999,16.848181818181818,688,15.636363636363637,247.10666666666665,42,79.0,158,United Kingdom,0.0,4.007574841437631,741.3199999999999,1701.772327044025,16.314952851976475,0
16345,291,1,613.33,8.638450704225352,323,4.549295774647887,613.33,68,0.0,0,United Kingdom,0.0,4.357868531187121,613.33,223865.45,17.69267711968372,1
16346,193,1,224.51,14.967333333333332,289,19.266666666666666,224.51,15,0.0,0,United Kingdom,0.0,5.691902857142856,224.51,81946.15,23.643465445141377,1
16347,196,11,2568.11,9.877346153846155,1368,5.2615384615384615,233.46454545454546,168,24.4,249,United Kingdom,1.153846153846154,7.398541704781704,2568.11,3749.4406000000004,24.64892828121653,1
16348,48,3,760.22,7.039074074074074,582,5.388888888888889,253.40666666666667,100,95.0,190,United Kingdom,0.0,9.919180988231224,760.22,1452.776439790576,32.738980469149375,0
16349,98,1,53.5,5.944444444444445,9,1.0,53.5,9,0.0,0,United Kingdom,0.0,36.740002777777775,53.5,19527.5,29.429095323904846,1
16350,141,9,1482.72,16.116521739130434,723,7.858695652173913,164.74666666666667,59,11.25,94,United Kingdom,5.434782608695652,9.880867785475393,1482.72,5696.766315789474,27.7180203081595,1
16351,140,18,3279.13,16.56126262626263,2121,10.712121212121213,182.17388888888888,124,23.235294117647058,402,United Kingdom,5.555555555555555,2.197589345228939,3279.13,2969.9316377171217,28.82298142301882,1
16353,25,29,5261.5,43.48347107438016,2266,18.727272727272727,181.43103448275863,65,18.0,514,United Kingdom,2.479338842975207,1.8727395179063364,5261.5,3729.0242718446602,37.10201530697492,0
16354,187,3,723.66,7.164950495049505,442,4.376237623762377,241.22,87,105.5,211,United Kingdom,0.0,5.4337881386138625,723.66,1245.9240566037736,24.250002021367138,1
16355,182,2,349.2,6.984,145,2.9,174.6,47,1.0,1,United Kingdom,4.0,7.421734734693878,349.2,63729.0,24.424818359172278,1
16356,5,7,414.42,6.907,189,3.15,59.20285714285715,27,58.5,354,United Kingdom,1.6666666666666667,0.999033305084746,414.42,426.0938028169014,35.7335789636248,1
16357,21,2,347.39,17.3695,165,8.25,173.695,20,167.0,167,United Kingdom,0.0,15.840402894736844,347.39,754.746130952381,34.25372867699302,0
16358,202,1,892.1500000000001,19.825555555555557,763,16.955555555555556,892.1500000000001,45,0.0,0,United Kingdom,0.0,2.7081119191919196,892.1500000000001,325634.75000000006,23.14916389218998,0
16359,22,15,1673.49,15.787641509433962,1228,11.584905660377359,111.566,72,31.571428571428573,447,United Kingdom,3.7735849056603774,576.6667492991915,1673.49,1363.44609375,35.595750652678,0
16362,238,2,189.67,13.547857142857142,121,8.642857142857142,94.835,13,7.0,7,United Kingdom,7.142857142857142,6.714591758241757,189.67,8653.693749999999,20.99283730060565,1
16365,61,10,2105.88,25.07,753,8.964285714285714,210.58800000000002,65,52.333333333333336,475,United Kingdom,1.1904761904761905,15.359955292598967,2105.88,1614.8029411764708,32.75300249947735,0
16366,390,3,1220.83,20.347166666666666,626,10.433333333333334,406.9433333333333,57,70.5,141,United Kingdom,0.0,9.535869915254237,1220.83,3138.0489436619714,11.897907309274608,1
16367,170,2,716.9,5.514615384615384,547,4.207692307692308,358.45,119,20.0,20,United Kingdom,0.0,2.441804412641622,716.9,12460.404761904761,25.187792176089015,1
16368,243,1,141.53,6.73952380952381,56,2.6666666666666665,141.53,20,0.0,0,United Kingdom,0.0,3.7748761904761907,141.53,51658.45,20.58410800445083,1
16369,4,5,1465.6,21.87462686567164,758,11.313432835820896,293.12,42,103.0,414,United Kingdom,0.0,8.278752826775216,1465.6,1289.0216867469878,35.68245456021487,1
16370,33,1,272.17,4.461803278688524,167,2.737704918032787,272.17,61,0.0,0,United Kingdom,0.0,6.251319398907105,272.17,99342.05,33.4154120671041,0
16371,256,1,157.2,14.29090909090909,108,9.818181818181818,157.2,11,0.0,0,United Kingdom,0.0,12.688545454545455,157.2,57377.99999999999,19.79175159815721,1
16372,210,4,904.58,4.038303571428572,540,2.4107142857142856,226.145,203,68.0,204,United Kingdom,0.4464285714285714,2.692351567504802,904.58,1610.5936585365853,22.960297620454977,1
16373,190,2,309.49,10.672068965517242,119,4.103448275862069,154.745,25,29.0,29,United Kingdom,0.0,3.166011330049262,309.49,3765.461666666667,23.933137709830294,1
16374,70,4,1410.87,5.364524714828897,585,2.2243346007604563,352.7175,227,108.33333333333333,326,United Kingdom,0.0,13.449023060401124,1410.87,1574.8243119266053,31.54912718693143,1
16375,278,2,104.0,8.0,74,5.6923076923076925,52.0,11,0.0,0,United Kingdom,0.0,0.5408974358974358,104.0,37960.0,18.543758268629446,1
16377,75,2,1308.48,130.848,2928,292.8,654.24,6,350.0,350,United Kingdom,0.0,0.04893333333333333,1308.48,1360.6700854700855,31.03641419618657,1
16378,55,3,362.95,15.780434782608696,267,11.608695652173912,120.98333333333333,22,31.0,63,United Kingdom,0.0,2.243517786561265,362.95,2069.94921875,32.278814389891906,1
16381,203,2,247.85,4.06311475409836,108,1.7704918032786885,123.925,60,22.0,22,United Kingdom,0.0,5.204825136612022,247.85,3933.271739130435,23.13439527376112,1
16382,216,2,353.1,8.025,167,3.7954545454545454,176.55,42,142.0,142,United Kingdom,0.0,41.81340058139536,353.1,901.2692307692308,22.34943843475884,1
16383,76,8,2498.39,6.939972222222222,1419,3.941666666666667,312.29875,219,57.42857142857143,404,United Kingdom,1.3888888888888888,6.72854706824512,2498.39,2251.6354320987652,31.670669070731165,1
16384,71,3,1183.55,16.438194444444445,801,11.125,394.51666666666665,71,162.5,326,United Kingdom,0.0,3.1513802816901415,1183.55,1321.0879204892967,31.369797348336274,1
16385,174,3,473.69,6.232763157894737,285,3.75,157.89666666666668,64,132.0,265,United Kingdom,0.0,3.969407368421052,473.69,649.9881578947368,25.023004569474086,0
16386,61,2,826.69,13.333709677419355,521,8.403225806451612,413.345,55,134.0,134,United Kingdom,0.0,4.237407006874669,826.69,2235.124814814815,31.851317802335316,1
16387,130,5,882.46,10.143218390804599,448,5.149425287356322,176.49200000000002,68,78.75,315,United Kingdom,0.0,10.82439930499866,882.46,1019.2971518987342,27.941977815995205,1
16388,461,1,186.05,14.311538461538463,83,6.384615384615385,186.05,13,0.0,0,United Kingdom,0.0,2.8114743589743596,186.05,67908.25,7.278872176401674,1
16389,13,2,670.17,41.885625,307,19.1875,335.085,16,77.0,77,United Kingdom,0.0,2.9767333333333332,670.17,3136.0519230769232,34.76879172768755,1
16390,344,3,467.5,22.261904761904763,122,5.809523809523809,155.83333333333334,16,70.5,142,United Kingdom,0.0,12.818571428571428,467.5,1193.2692307692307,14.643982879046613,1
16391,208,4,1052.26,3.4613815789473685,715,2.351973684210526,263.065,261,53.333333333333336,161,United Kingdom,0.0,4.626102752084418,1052.26,2370.8327160493827,23.094596538018212,1
16392,77,3,756.7,5.254861111111111,604,4.194444444444445,252.23333333333335,125,146.0,292,United Kingdom,0.0,4.590567089160837,756.7,942.646757679181,30.968237936508885,1
16393,23,16,3076.08,5.9498646034816245,1872,3.620889748549323,192.255,271,34.46666666666667,523,United Kingdom,0.3868471953578337,1.6193474525062606,3076.08,2142.6893129770992,35.75006107301874,0
16394,47,3,607.48,10.847857142857142,746,13.321428571428571,202.49333333333334,47,25.0,50,United Kingdom,10.714285714285714,2.2379844155844157,607.48,4347.650980392157,32.78741376409003,0
16395,131,14,2408.01,4.874514170040486,1787,3.617408906882591,172.0007142857143,357,33.75,409,United Kingdom,1.214574898785425,4.985879293099339,2408.01,2143.716219512195,28.902464988743983,0
16396,281,3,102.69999999999999,8.558333333333332,46,3.8333333333333335,34.23333333333333,8,1.5,3,United Kingdom,33.33333333333333,0.7336363636363639,102.69999999999999,9371.374999999998,18.460003189278574,1
16397,436,1,123.13,13.681111111111111,43,4.777777777777778,123.13,9,0.0,0,United Kingdom,0.0,40.57021944444445,123.13,44942.45,8.799926328529832,1
16398,34,2,1150.05,17.96953125,501,7.828125,575.025,63,27.0,27,United Kingdom,1.5625,16.615248313492057,1150.05,14991.723214285714,33.526379922659835,0
16399,43,2,400.61,5.805942028985507,348,5.043478260869565,200.305,65,153.0,153,United Kingdom,0.0,2.9473890451832894,400.61,949.4977272727274,32.915023459938176,1
16400,203,8,2755.92,11.579495798319329,1894,7.957983193277311,344.49,187,47.57142857142857,336,United Kingdom,0.0,5.611905123568415,2755.92,2984.8985163204748,23.93858404079985,1
16401,18,26,4224.39,16.56623529411765,3642,14.282352941176471,162.47653846153847,87,13.48,344,United Kingdom,5.490196078431373,1.9474669692758995,4224.39,4469.282173913044,37.14518998370033,0
16402,72,2,293.45,5.148245614035088,146,2.56140350877193,146.725,55,104.0,104,United Kingdom,0.0,5.428972431077695,293.45,1020.0880952380952,31.135719963309352,1
16403,110,2,161.04999999999998,10.736666666666666,103,6.866666666666666,80.52499999999999,10,10.0,10,United Kingdom,33.33333333333333,0.12980952380952376,161.04999999999998,5343.931818181817,28.80488102017223,1
16404,540,1,-12.75,-12.75,-1,-1.0,-12.75,1,0.0,0,United Kingdom,100.0,0.0,-12.75,-4653.75,2.439495898015735,1
16405,110,2,167.25,33.45,187,37.4,83.625,3,7.0,7,United Kingdom,0.0,4.4270000000000005,167.25,7630.78125,28.805393158118267,1
16406,258,3,355.31,3.8620652173913044,119,1.2934782608695652,118.43666666666667,87,101.0,203,United Kingdom,2.1739130434782608,7.765758193979931,355.31,635.726225490196,19.88502091061536,1
16407,2,9,1471.76,12.472542372881357,741,6.279661016949152,163.5288888888889,71,29.375,238,United Kingdom,0.0,7.351174272055626,1471.76,2247.6669456066948,36.20307346639401,0
16408,399,1,231.93,5.154,227,5.044444444444444,231.93,45,0.0,0,United Kingdom,0.0,1.342554545454546,231.93,84654.45,11.06776578230616,1
16409,50,9,4433.32,6.696858006042295,2895,4.373111782477341,492.5911111111111,312,60.0,484,United Kingdom,0.0,5.059693337477322,4433.32,3336.4160824742266,33.51730396429379,0
16410,542,1,130.32,26.064,348,69.6,130.32,5,0.0,0,United Kingdom,0.0,0.74713,130.32,47566.799999999996,2.329213772034979,1
16411,177,3,673.24,4.288152866242038,399,2.5414012738853504,224.41333333333333,119,29.0,58,United Kingdom,0.0,2.0390569982034963,673.24,4164.959322033898,24.856337793925913,1
16412,201,4,457.2,4.969565217391304,225,2.4456521739130435,114.3,72,93.0,279,United Kingdom,0.0,3.719619780219782,457.2,595.9928571428571,23.472793286953948,1
16413,183,1,259.83,7.022432432432432,135,3.6486486486486487,259.83,32,0.0,0,United Kingdom,0.0,6.655881081081081,259.83,94837.95,24.256883589876534,1
16414,88,4,475.76,8.063728813559322,190,3.2203389830508473,118.94,56,138.0,414,United Kingdom,0.0,6.364537814143775,475.76,418.43951807228916,30.37298329533319,1
16415,391,2,496.49,5.0662244897959186,330,3.36734693877551,248.245,78,92.0,92,United Kingdom,0.0,3.987889133179045,496.49,1948.5897849462367,11.677522180043772,1
16416,198,6,1906.48,16.57808695652174,1526,13.269565217391305,317.74666666666667,92,52.4,264,United Kingdom,0.0,5.778856018306635,1906.48,2625.9064150943395,23.974663168202397,1
16417,300,1,35.7,35.7,6,6.0,35.7,1,0.0,0,United Kingdom,0.0,0.0,35.7,13030.500000000002,17.095512660270014,1
16418,34,3,543.53,6.88012658227848,371,4.69620253164557,181.17666666666665,71,98.0,196,United Kingdom,0.0,15.371636676403767,543.53,1007.0479695431471,33.575782102636104,1
16419,81,5,1009.1700000000001,15.525692307692308,477,7.338461538461538,201.834,48,98.25,394,United Kingdom,1.5384615384615385,32.27442778846154,1009.1700000000001,932.52417721519,30.943897420213165,0
16420,204,1,75.0,37.5,120,60.0,75.0,2,0.0,0,United Kingdom,0.0,0.75645,75.0,27375.0,22.959564814830614,1
16421,184,3,526.27,13.849210526315789,123,3.236842105263158,175.42333333333332,35,46.0,93,United Kingdom,0.0,18.873042460881933,526.27,2043.4952127659574,24.41684721916748,1
16422,4,111,42623.630000000005,77.07708860759494,45426,82.14466546112116,383.9966666666667,111,4.509090909090909,541,United Kingdom,6.6907775768535265,40.51535265940719,42623.630000000005,28704.105073800743,49.62949065265986,0
16424,145,2,258.5,28.72222222222222,118,13.11111111111111,129.25,8,45.0,45,United Kingdom,11.11111111111111,11.714374999999999,258.5,2051.141304347826,26.67617853549133,0
16425,110,1,302.7,14.414285714285715,199,9.476190476190476,302.7,21,0.0,0,United Kingdom,0.0,11.97780619047619,302.7,110485.5,28.71707923261918,1
16426,84,1,328.37,29.85181818181818,157,14.272727272727273,328.37,11,0.0,0,United Kingdom,0.0,7.3068218181818185,328.37,119855.05,30.306501236223166,1
16427,71,2,241.06,26.784444444444446,156,17.333333333333332,120.53,8,21.0,21,United Kingdom,0.0,0.4515611111111111,241.06,3999.4045454545453,31.192442458715366,1
16428,221,3,638.49,5.02748031496063,575,4.52755905511811,212.83,121,42.0,84,United Kingdom,0.0,3.7070134233220857,638.49,2741.7511764705882,22.16726465713856,1
16430,189,6,817.09,37.140454545454546,204,9.272727272727273,136.18166666666667,17,59.4,300,United Kingdom,0.0,12.76873246753247,817.09,990.8234219269103,24.434126950388844,1
16431,21,3,623.28,8.201052631578946,442,5.815789473684211,207.76,51,42.0,84,United Kingdom,0.0,1.2852809122807007,623.28,2676.4376470588236,34.37602047712508,1
16433,216,1,200.26,11.78,108,6.352941176470588,200.26,17,0.0,0,United Kingdom,0.0,1.9026933823529413,200.26,73094.9,22.2373109207978,1
16434,0,9,1863.91,16.350087719298248,928,8.140350877192983,207.10111111111112,79,61.75,498,United Kingdom,0.8771929824561403,13.737642889302903,1863.91,1363.3810621242485,36.35756631358122,1
16435,320,3,1003.0699999999999,8.02456,608,4.864,334.3566666666666,119,0.5,2,United Kingdom,0.0,18.001659058064522,1003.0699999999999,122040.18333333332,16.15342397646761,1
16436,476,4,231.84,5.5200000000000005,205,4.880952380952381,57.96,39,21.333333333333332,64,United Kingdom,4.761904761904762,3.3156009872241574,231.84,1301.8707692307692,6.665411109877521,1
16437,189,2,301.25,14.345238095238095,197,9.380952380952381,150.625,17,48.0,48,United Kingdom,0.0,1.2359047619047623,301.25,2244.0051020408164,23.993507123029488,1
16439,530,1,310.70000000000005,34.522222222222226,74,8.222222222222221,310.70000000000005,9,0.0,0,United Kingdom,0.0,5.7894444444444435,310.70000000000005,113405.50000000001,3.0767144147497194,1
16440,22,2,488.76,8.145999999999999,205,3.4166666666666665,244.38,58,279.0,279,United Kingdom,0.0,4.188511186440677,488.76,637.1335714285714,34.20435618714164,1
16441,99,5,837.98,11.173066666666667,414,5.52,167.596,61,83.75,335,United Kingdom,1.3333333333333335,6.233229981981983,837.98,910.3056547619049,29.830855531798733,1
16442,35,4,715.11,4.063125,489,2.778409090909091,178.7775,165,166.0,499,United Kingdom,0.0,5.924521321428577,715.11,522.0303,33.62840753379044,1
16443,328,1,162.24,162.24,96,96.0,162.24,1,0.0,0,United Kingdom,0.0,0.0,162.24,59217.600000000006,15.396563521141209,1
16444,2,18,3137.09,9.33657738095238,1660,4.940476190476191,174.2827777777778,189,24.88235294117647,430,United Kingdom,1.1904761904761905,4.933211889658842,3137.09,2656.700348027842,37.236156932789235,1
16445,194,3,352.65,3.014102564102564,176,1.5042735042735043,117.55,93,12.0,24,United Kingdom,0.0,2.31994801061008,352.65,5148.69,23.792005094119833,1
16446,13,2,-6.1,-2.033333333333333,0,0.0,-3.05,3,225.0,225,United Kingdom,33.33333333333333,3.140833333333334,-6.1,-9.851769911504425,34.71292986820867,1
16447,398,2,471.19,13.858529411764707,94,2.764705882352941,235.595,27,69.0,69,United Kingdom,0.0,7.345016755793227,471.19,2456.9192857142857,11.248081899461917,0
16448,6,2,361.12,7.2224,176,3.52,180.56,45,272.0,272,United Kingdom,0.0,4.086273469387756,361.12,482.81611721611716,35.170613730485734,1
16449,5,2,707.69,17.69225,367,9.175,353.845,40,82.0,82,United Kingdom,0.0,8.386118974358974,707.69,3112.1307228915666,35.26029147669053,0
16450,392,3,1163.81,35.266969696969696,457,13.848484848484848,387.93666666666667,28,71.5,144,United Kingdom,3.0303030303030303,8.032237499999999,1163.81,2929.5906896551724,11.7710971701288,0
16451,369,3,742.4300000000001,14.277500000000002,401,7.711538461538462,247.4766666666667,50,87.0,174,United Kingdom,1.9230769230769231,4.206262254901961,742.4300000000001,1548.4968571428572,13.140441366586222,1
16452,438,2,332.17,18.45388888888889,199,11.055555555555555,166.085,14,63.0,63,United Kingdom,0.0,1.658252614379085,332.17,1894.40703125,8.794596003062928,1
16453,338,2,251.71,16.78066666666667,139,9.266666666666667,125.855,15,17.0,17,United Kingdom,0.0,12.100439999999997,251.71,5104.1194444444445,14.892955879175735,1
16454,48,6,-5.0,-0.8333333333333334,2,0.3333333333333333,-0.8333333333333334,4,86.4,434,United Kingdom,66.66666666666666,21.864000000000004,-5.0,-4.195402298850575,32.974278544889266,1
16455,12,11,3210.52,19.110238095238095,2432,14.476190476190476,291.86545454545455,92,41.2,415,United Kingdom,1.7857142857142856,5.2164323317650405,3210.52,2816.9225961538464,35.93520443989811,1
16456,35,12,4741.68,12.955409836065575,3004,8.207650273224044,395.14000000000004,218,35.27272727272727,392,United Kingdom,0.273224043715847,1249.735086255707,4741.68,4403.85038167939,34.757033771286295,0
16457,26,1,208.36,23.151111111111113,140,15.555555555555555,208.36,9,0.0,0,United Kingdom,0.0,3.0036999999999994,208.36,76051.40000000001,33.83749160375503,1
16458,25,18,3347.55,13.336852589641435,1919,7.645418326693227,185.97500000000002,74,19.647058823529413,344,United Kingdom,0.0,2.0351759553784863,3347.55,3541.6108695652174,35.849390133819085,0
16459,537,1,71.78999999999999,14.357999999999999,59,11.8,71.78999999999999,5,0.0,0,United Kingdom,0.0,4.30712,71.78999999999999,26203.35,2.629629329868869,1
16461,398,2,1402.91,6.376863636363637,885,4.0227272727272725,701.455,196,55.0,55,United Kingdom,0.0,5.057851247405564,1402.91,9143.966964285715,11.325044668346628,0
16462,91,1,34.0,34.0,4,4.0,34.0,1,0.0,0,United Kingdom,0.0,0.0,34.0,12410.0,29.85483499481208,0
16463,4,2,314.42,15.721,178,8.9,157.21,19,7.0,7,United Kingdom,5.0,2.4933431578947376,314.42,14345.4125,35.28885629741165,1
16465,221,3,726.34,14.82326530612245,502,10.244897959183673,242.11333333333334,45,14.5,30,United Kingdom,2.0408163265306123,7.219311819727892,726.34,8552.067741935483,22.174521321422386,1
16466,16,11,2367.65,10.476327433628319,1155,5.110619469026549,215.2409090909091,149,42.8,433,United Kingdom,0.4424778761061947,138.34924988987217,2367.65,1991.2263824884794,35.6213806939915,0
16467,316,8,2862.4,114.49600000000001,7380,295.2,357.8,14,32.142857142857146,228,United Kingdom,4.0,0.5786073333333331,2862.4,4562.340611353712,17.048722698351735,1
16468,278,2,712.62,16.572558139534884,340,7.906976744186046,356.31,37,11.0,11,United Kingdom,0.0,1.0243426356589147,712.62,21675.524999999998,18.594032042293865,1
16469,54,3,446.78000000000003,5.0200000000000005,183,2.056179775280899,148.92666666666668,73,133.5,267,United Kingdom,0.0,7.427421603677225,446.78000000000003,608.4876865671642,32.3467890515898,1
16470,0,10,2004.79,5.507664835164835,982,2.697802197802198,200.47899999999998,240,59.111111111111114,535,United Kingdom,0.27472527472527475,4.085136992552902,2004.79,1365.202145522388,36.46870589692377,0
16471,82,6,1186.18,18.5340625,666,10.40625,197.6966666666667,48,75.0,377,United Kingdom,3.125,5.554195138888891,1186.18,1145.3854497354498,30.996971385084763,1
16472,242,2,789.6,20.246153846153845,252,6.461538461538462,394.8,39,163.0,163,United Kingdom,0.0,162.3807649122807,789.6,1757.341463414634,20.798193010916417,1
16473,90,4,371.28000000000003,15.47,245,10.208333333333334,92.82000000000001,21,30.333333333333332,92,United Kingdom,4.166666666666666,5.307543297101448,371.28000000000003,1457.1741935483872,30.24225282281333,0
16475,81,1,310.0,15.5,192,9.6,310.0,20,0.0,0,United Kingdom,0.0,1.9557565789473683,310.0,113150.0,30.488134004200962,0
16476,225,3,337.0,12.961538461538462,182,7.0,112.33333333333333,24,6.5,14,United Kingdom,7.6923076923076925,13.090065384615384,337.0,8200.333333333332,21.898160466268664,1
16477,22,9,3152.42,16.00213197969543,1962,9.959390862944163,350.2688888888889,152,33.375,270,United Kingdom,0.0,2.3724197658758923,3152.42,4245.879335793358,35.12089962610135,0
16481,467,3,428.23,21.4115,185,9.25,142.74333333333334,17,11.0,22,United Kingdom,20.0,3.939925,428.23,6795.8239130434795,7.131581554221198,1
16483,0,1,139.35,7.334210526315789,44,2.3157894736842106,139.35,19,0.0,0,United Kingdom,0.0,22.214049707602342,139.35,50862.75,35.41909276530561,1
16485,240,6,1766.54,15.772678571428571,891,7.955357142857143,294.42333333333335,95,60.0,301,United Kingdom,8.928571428571429,5.580815958815958,1766.54,2135.056622516556,21.399001155040324,1
16486,345,1,134.36,19.194285714285716,24,3.4285714285714284,134.36,7,0.0,0,United Kingdom,0.0,2.944514285714286,134.36,49041.4,14.356409514590878,1
16487,385,2,209.4,5.982857142857143,163,4.6571428571428575,104.7,28,81.0,81,United Kingdom,0.0,4.367277310924369,209.4,932.0853658536586,12.020108081355609,1
16489,188,2,303.7,50.61666666666667,38,6.333333333333333,151.85,4,55.0,55,United Kingdom,0.0,16.705666666666666,303.7,1979.4732142857142,24.054759561171128,1
16490,238,2,179.16000000000003,11.197500000000002,106,6.625,89.58000000000001,13,6.0,6,United Kingdom,18.75,1.9093716666666667,179.16000000000003,9341.914285714287,20.991969144184214,1
16491,208,2,792.81,16.179795918367347,579,11.816326530612244,396.405,48,12.0,12,United Kingdom,2.0408163265306123,3.2183261054421783,792.81,22259.665384615382,22.87416024190991,1
16492,348,1,385.56,16.763478260869565,235,10.217391304347826,385.56,23,0.0,0,United Kingdom,0.0,4.382735177865613,385.56,140729.4,14.194009178544801,1
16493,93,5,1148.26,16.64144927536232,1068,15.478260869565217,229.652,54,84.0,338,United Kingdom,0.0,8.016386700767265,1148.26,1236.3271386430679,30.222785924211603,0
16494,104,1,826.53,16.5306,675,13.5,826.53,47,0.0,0,United Kingdom,0.0,0.7909626122448983,826.53,301683.45,29.126649473157382,1
16495,84,2,246.51,7.47,166,5.03030303030303,123.255,32,0.0,0,United Kingdom,0.0,5.533838257575758,246.51,89976.15,30.399241850839726,1
16496,15,5,1916.29,16.80956140350877,1437,12.605263157894736,383.258,101,75.0,301,United Kingdom,0.0,7.567219414687159,1916.29,2316.0458609271523,35.04813218719664,0
16497,11,22,5280.29,18.334340277777777,2443,8.48263888888889,240.0131818181818,204,25.095238095238095,532,United Kingdom,0.0,14.153277176490516,5280.29,3615.958442776735,37.26175085712854,1
16499,168,13,2509.64,16.730933333333333,1354,9.026666666666667,193.04923076923075,104,15.083333333333334,186,United Kingdom,4.0,9.589090362416105,2509.64,4898.495187165775,26.55250517449988,1
16500,138,5,600.1,24.004,263,10.52,120.02000000000001,20,52.5,212,United Kingdom,4.0,1060.7661500000002,600.1,1028.3403755868546,27.43025357429728,1
16501,191,1,1191.23,5.98608040201005,628,3.1557788944723617,1191.23,181,0.0,0,United Kingdom,0.0,5.402994061215167,1191.23,366939.9750000006,23.8454194374345,1
16502,428,2,258.55,6.30609756097561,220,5.365853658536586,129.275,41,0.0,0,United Kingdom,0.0,31.905842804878045,258.55,94370.75,9.399015388468776,1
16503,22,12,3259.35,16.378643216080402,1408,7.075376884422111,271.6125,157,28.818181818181817,322,United Kingdom,1.507537688442211,9.944057951373026,3259.35,3683.166408668731,35.42823981629923,0
16507,380,1,142.71,3.755526315789474,111,2.9210526315789473,142.71,37,0.0,0,United Kingdom,0.0,2.8860566856330014,142.71,52089.15,12.220347112008005,1
16508,438,1,240.95,5.603488372093023,103,2.395348837209302,240.95,42,0.0,0,United Kingdom,0.0,8.67398992248062,240.95,87946.75,8.687558479462375,1
16509,104,1,363.7,27.976923076923075,64,4.923076923076923,363.7,13,0.0,0,United Kingdom,0.0,17.437339743589742,363.7,132750.5,29.088418375485432,1
16510,180,6,1777.5,15.870535714285714,930,8.303571428571429,296.25,94,63.2,319,United Kingdom,0.0,14.39653988899614,1777.5,2027.4609375,25.062910145767955,1
16511,74,4,1172.51,5.775911330049261,482,2.374384236453202,293.1275,166,127.0,381,United Kingdom,0.0,8.070066692679118,1172.51,1120.3302356020943,31.28523771679275,0
16512,536,1,-33.9,-33.9,-2,-2.0,-33.9,1,0.0,0,United Kingdom,100.0,0.0,-33.9,-12373.5,2.6819490909968238,1
16514,438,1,-134.86,-134.86,-1,-1.0,-134.86,1,0.0,0,United Kingdom,100.0,0.0,-134.86,-49223.9,8.656515485671791,1
16515,54,7,2174.26,12.353750000000002,1050,5.965909090909091,310.60857142857145,150,48.5,293,United Kingdom,0.0,5.599916412337663,2174.26,2699.3363945578235,32.88749385006867,0
16517,85,1,162.7,9.570588235294117,96,5.647058823529412,162.7,17,0.0,0,United Kingdom,0.0,3.393363970588235,162.7,59385.49999999999,30.23176635363752,1
16518,78,5,644.65,15.348809523809523,313,7.4523809523809526,128.93,39,71.25,286,United Kingdom,7.142857142857142,12.513931475029036,644.65,819.8510452961672,31.096937196251933,1
16519,173,3,327.68,11.702857142857143,120,4.285714285714286,109.22666666666667,25,141.0,283,United Kingdom,0.0,7.3042702380952385,327.68,421.1380281690141,25.071993781894886,1
16520,47,6,1717.98,5.524051446945338,842,2.707395498392283,286.33,224,81.2,407,United Kingdom,0.3215434083601286,5.378695263976763,1717.98,1536.9183823529413,33.17765174114408,0
16521,223,3,1140.11,4.810590717299577,1014,4.2784810126582276,380.03666666666663,212,116.0,232,United Kingdom,0.0,3.931710462704714,1140.11,1786.0092274678111,22.086599798988928,1
16522,243,2,433.36,24.075555555555557,212,11.777777777777779,216.68,16,14.0,14,United Kingdom,0.0,27.10964967320261,433.36,10545.093333333334,20.707716494721584,1
16523,7,20,5270.57,27.30865284974093,1960,10.155440414507773,263.5285,108,27.63157894736842,531,United Kingdom,3.1088082901554404,16.439981843696025,5270.57,3616.086560150376,37.30614322606964,0
16524,254,2,306.19,5.777169811320754,259,4.886792452830188,153.095,50,245.0,245,United Kingdom,0.0,8.265184252539914,306.19,454.30630081300814,20.02566121307446,1
16525,4,40,17582.420000000002,62.34900709219859,10656,37.787234042553195,439.56050000000005,105,13.35897435897436,540,United Kingdom,4.25531914893617,8.464784514525121,17582.420000000002,11862.446025878005,40.49633760739315,0
16526,392,1,426.85,21.3425,173,8.65,426.85,20,0.0,0,United Kingdom,0.0,34.66483263157894,426.85,155800.25,11.511217165856957,0
16527,232,1,1004.88,17.03186440677966,602,10.203389830508474,1004.88,58,0.0,0,United Kingdom,0.0,6.923942080654589,1004.88,366781.2,21.32697388498769,1
16529,285,3,1531.55,15.628061224489796,541,5.520408163265306,510.51666666666665,72,26.0,52,United Kingdom,0.0,7.445673185356619,1531.55,10547.466981132075,18.333830090917115,0
16530,476,1,48.349999999999994,16.116666666666664,17,5.666666666666667,48.349999999999994,3,0.0,0,United Kingdom,0.0,20.813333333333333,48.349999999999994,17647.749999999996,6.351746842074981,1
16531,102,8,1503.82,15.998085106382979,1296,13.787234042553191,187.9775,80,20.428571428571427,147,United Kingdom,2.127659574468085,9.58613114847861,1503.82,3708.74527027027,30.00121312262412,0
16532,146,3,3918.24,1306.08,1008,336.0,1306.08,1,141.0,282,United Kingdom,0.0,0.05069999999999996,3918.24,5053.560424028268,27.016936079204033,0
16534,450,1,635.9,17.663888888888888,168,4.666666666666667,635.9,36,0.0,0,United Kingdom,0.0,53.901053968253976,635.9,232103.5,7.987581760053391,1
16535,193,2,378.28999999999996,9.457249999999998,308,7.7,189.14499999999998,36,294.0,294,United Kingdom,0.0,12.084484551282047,378.28999999999996,468.0537288135593,23.755670605823273,1
16537,449,1,23.35,5.8375,59,14.75,23.35,3,0.0,0,United Kingdom,0.0,0.07062500000000002,23.35,8522.75,7.99803341806356,1
16538,349,3,395.07,9.635853658536584,254,6.195121951219512,131.69,35,27.0,54,United Kingdom,0.0,3.6922190243902433,395.07,2621.8281818181817,14.332749646146032,1
16539,27,9,2954.46,23.826290322580647,958,7.725806451612903,328.2733333333333,81,38.625,312,United Kingdom,0.0,218.72100909388934,2954.46,3445.2968051118214,34.79929725185132,1
16540,222,1,205.75,7.094827586206897,105,3.6206896551724137,205.75,25,0.0,0,United Kingdom,0.0,3.273990147783251,205.75,75098.75,21.87146404438836,1
16541,543,2,419.78,10.763589743589742,172,4.410256410256411,209.89,39,0.0,0,United Kingdom,2.564102564102564,14.825311470985161,419.78,153219.69999999998,2.391576432395653,1
16542,209,1,137.7,15.299999999999999,96,10.666666666666666,137.7,9,0.0,0,United Kingdom,0.0,4.315277777777778,137.7,50260.49999999999,22.659493711066883,1
16543,391,2,277.80999999999995,13.890499999999998,303,15.15,138.90499999999997,18,8.0,8,United Kingdom,10.0,0.7369502631578948,277.80999999999995,11266.738888888887,11.659458579069542,1
16544,327,6,110.3,7.878571428571428,54,3.857142857142857,18.383333333333333,8,28.4,142,United Kingdom,21.428571428571427,2.336114285714286,110.3,281.534965034965,15.950835625660703,1
16545,183,1,350.52,70.104,244,48.8,350.52,5,0.0,0,United Kingdom,0.0,2.1287199999999995,350.52,127939.79999999999,24.2643748463808,0
16546,98,7,4421.04,46.537263157894735,3358,35.34736842105263,631.5771428571428,75,24.833333333333332,151,United Kingdom,7.368421052631578,4.59886998880179,4421.04,10616.313157894738,30.386881695221746,1
16547,354,1,104.25999999999999,4.1704,108,4.32,104.25999999999999,25,0.0,0,United Kingdom,0.0,3.186802666666667,104.25999999999999,38054.899999999994,13.804472618015192,1
16548,407,1,30.15,5.0249999999999995,6,1.0,30.15,6,0.0,0,United Kingdom,0.0,17.763749999999998,30.15,11004.75,10.56269768184888,1
16549,142,28,8843.84,4.008993653671804,4844,2.1958295557570264,315.8514285714286,648,13.892857142857142,401,United Kingdom,0.22665457842248413,3.1140303500451285,8843.84,8029.854726368159,30.155567329720114,0
16550,43,24,7314.21,11.536608832807572,4433,6.992113564668769,304.75875,234,22.454545454545453,502,United Kingdom,2.996845425867508,12.325222193649994,7314.21,5307.528131212724,35.67516155787861,0
16551,144,5,1626.07,24.269701492537312,1387,20.70149253731343,325.214,54,96.75,389,United Kingdom,0.0,19.709633378561737,1626.07,1521.8347435897438,27.14870129969039,0
16552,50,2,379.73,22.337058823529414,219,12.882352941176471,189.865,17,130.0,130,United Kingdom,0.0,17.069599999999998,379.73,1058.0263358778627,32.48594828415011,1
16553,13,33,15511.48,53.67294117647059,15747,54.4878892733564,470.04484848484844,191,14.125,460,United Kingdom,1.384083044982699,5.763364561707039,15511.48,12281.323644251626,39.079304006624405,0
16554,12,16,1986.63,11.483410404624278,959,5.543352601156069,124.164375,90,34.2,520,United Kingdom,21.38728323699422,11.409604039521438,1986.63,1391.7849328214973,36.331620021131634,1
16555,309,8,5.329070518200751e-15,5.437827059388522e-17,0,0.0,6.661338147750939e-16,46,0.42857142857142855,4,United Kingdom,50.0,6.586272669892698,5.329070518200751e-15,3.8902214782865485e-13,17.239630600420323,0
16556,9,21,5935.26,14.988030303030303,3365,8.497474747474747,282.63142857142856,229,26.0,531,United Kingdom,4.545454545454546,441.31269032796286,5935.26,4072.123872180451,37.33845090949202,0
16558,0,36,8280.51,15.863045977011495,4584,8.781609195402298,230.01416666666668,273,15.085714285714285,543,United Kingdom,4.022988505747127,10.405903820754366,8280.51,5555.8568933823535,39.57416321075481,0
16559,205,1,175.0,10.294117647058824,61,3.588235294117647,175.0,17,0.0,0,United Kingdom,0.0,4.906011029411764,175.0,63875.0,22.906775043232827,1
16560,166,8,2526.4,15.499386503067486,1271,7.7975460122699385,315.8,111,52.857142857142854,373,United Kingdom,0.6134969325153374,19.071640043929403,2526.4,2465.604278074866,26.178477283301252,1
16562,284,1,223.85999999999999,6.584117647058823,264,7.764705882352941,223.85999999999999,34,0.0,0,United Kingdom,0.0,0.8202634581105167,223.85999999999999,81708.9,18.087856197704387,1
16563,208,6,3324.62,46.8256338028169,2086,29.380281690140844,554.1033333333334,46,67.2,337,United Kingdom,1.4084507042253522,5.347528410462777,3324.62,3590.1961538461533,23.481305026540237,1
16564,377,1,87.8,17.56,40,8.0,87.8,5,0.0,0,United Kingdom,0.0,5.923000000000001,87.8,32047.0,12.398961570219944,1
16565,172,5,700.45,53.88076923076923,191,14.692307692307692,140.09,7,47.25,191,United Kingdom,15.384615384615385,5.697307692307693,700.45,1331.5846354166667,25.36284069906056,1
16566,0,2,280.12,46.68666666666667,128,21.333333333333332,140.06,6,99.0,99,United Kingdom,0.0,13.179350000000003,280.12,1022.4380000000001,35.53022326232976,0
16567,2,2,865.6,24.731428571428573,996,28.457142857142856,432.8,34,142.0,142,United Kingdom,0.0,4.651496134453783,865.6,2209.3986013986014,35.45648548291479,1
16568,235,2,1020.9000000000001,204.18,366,73.2,510.45000000000005,5,213.0,213,United Kingdom,0.0,245.97300000000007,1020.9000000000001,1741.2546728971965,21.24464948776995,1
16569,439,4,1331.03,44.367666666666665,895,29.833333333333332,332.7575,23,30.0,92,United Kingdom,0.0,2.963411954022988,1331.03,5223.934946236559,9.015059644360209,1
16570,13,21,4646.95,25.118648648648648,2973,16.07027027027027,221.28333333333333,100,26.2,530,United Kingdom,8.64864864864865,925.5562240011755,4646.95,3194.231167608286,36.98783253024921,0
16571,89,13,3176.51,15.34545893719807,2803,13.541062801932368,244.3469230769231,118,28.666666666666668,350,United Kingdom,4.830917874396135,3.2731639088222875,3176.51,3303.2084045584047,31.43054538972507,0
16572,83,1,342.58,16.313333333333333,202,9.619047619047619,342.58,21,0.0,0,United Kingdom,0.0,6.450033333333333,342.58,125041.7,30.36872508440439,0
16573,90,2,282.38,14.862105263157895,106,5.578947368421052,141.19,16,8.0,8,United Kingdom,15.789473684210526,12.2424730994152,282.38,11452.077777777777,30.035904450365887,1
16574,231,2,850.34,14.661034482758621,586,10.10344827586207,425.17,58,234.0,234,United Kingdom,0.0,2.156588868723533,850.34,1320.74085106383,21.4747609822804,1
16575,490,1,-10.49,-10.49,-1,-1.0,-10.49,1,0.0,0,United Kingdom,100.0,0.0,-10.49,-3828.85,5.492185633060409,1
16576,217,5,513.1700000000001,14.254722222222224,309,8.583333333333334,102.63400000000001,32,27.5,112,United Kingdom,8.333333333333332,8.99158373015873,513.1700000000001,1657.5845132743364,22.6001180817216,1
16577,474,1,380.0,16.52173913043478,142,6.173913043478261,380.0,23,0.0,0,United Kingdom,0.0,7.001660079051385,380.0,138700.0,6.501242214143563,1
16578,434,1,156.6,17.4,108,12.0,156.6,9,0.0,0,United Kingdom,0.0,0.42750000000000005,156.6,57159.0,8.924791169509628,1
16579,173,2,264.45,17.63,107,7.133333333333334,132.225,14,60.0,60,United Kingdom,6.666666666666667,42.058095238095234,264.45,1582.3647540983607,24.96726831331203,1
16580,536,1,-5.0,-2.5,-2,-1.0,-5.0,2,0.0,0,United Kingdom,100.0,3.125,-5.0,-1825.0,2.684336314648531,1
16583,181,2,297.95,16.552777777777777,153,8.5,148.975,18,299.0,299,United Kingdom,0.0,1.3882352941176475,297.95,362.5058333333333,24.481635021878052,1
16584,54,6,2753.83,35.76402597402598,1727,22.428571428571427,458.97166666666664,52,82.6,415,United Kingdom,11.688311688311687,2.9707429938482575,2753.83,2416.2210336538465,32.835865522085015,1
16585,401,2,341.59,18.97722222222222,151,8.38888888888889,170.795,16,101.0,101,United Kingdom,0.0,3.8241477124183008,341.59,1222.3563725490196,11.054226381181591,1
16586,56,3,1462.78,52.24214285714286,348,12.428571428571429,487.5933333333333,27,192.5,386,United Kingdom,0.0,11.853591534391535,1462.78,1379.6245478036176,32.308613470324765,1
16587,40,1,225.15,17.31923076923077,71,5.461538461538462,225.15,13,0.0,0,United Kingdom,0.0,45.3724358974359,225.15,82179.75,32.98417765165322,1
16588,194,4,1361.28,19.172957746478872,882,12.422535211267606,340.32,64,62.333333333333336,188,United Kingdom,0.0,13.671724748490947,1361.28,2628.9269841269843,23.97482333918448,1
16589,258,1,153.12,13.92,168,15.272727272727273,153.12,11,0.0,0,United Kingdom,0.0,0.8888472727272732,153.12,55888.8,19.669314456247434,0
16590,189,3,563.6,17.078787878787878,234,7.090909090909091,187.86666666666667,26,16.0,33,United Kingdom,12.121212121212121,19.33865056818182,563.6,6050.411764705883,24.11468047996971,1
16592,7,23,4680.11,15.811182432432432,3414,11.533783783783784,203.48304347826087,154,23.363636363636363,522,United Kingdom,5.743243243243244,4.756663545579479,4680.11,3266.2335564053533,37.555876983656326,0
16593,135,7,790.81,14.644629629629629,307,5.685185185185185,112.97285714285714,41,67.33333333333333,407,United Kingdom,3.7037037037037033,9.235335185185185,790.81,707.4648284313726,27.828161930586273,0
16595,184,4,1397.59,3.8081471389645776,996,2.7138964577656677,349.3975,286,104.66666666666667,315,United Kingdom,0.0,3.170980466342075,1397.59,1614.304905063291,24.588323260785206,1
16596,174,3,329.48,18.304444444444446,130,7.222222222222222,109.82666666666667,17,181.0,363,United Kingdom,0.0,4.1555398692810455,329.48,330.38516483516486,25.011092406054967,1
16598,85,2,140.7,12.79090909090909,70,6.363636363636363,70.35,10,8.0,8,United Kingdom,9.090909090909092,2.386909090909091,140.7,5706.166666666666,30.329451577520214,1
16599,193,1,172.8,14.4,159,13.25,172.8,12,0.0,0,United Kingdom,0.0,7.401753787878788,172.8,63072.00000000001,23.639194049465605,1
16600,61,12,1517.5,14.182242990654206,1618,15.121495327102803,126.45833333333333,77,42.09090909090909,468,United Kingdom,7.476635514018691,4.688627737612415,1517.5,1180.996801705757,32.90340558352245,1
16601,198,2,434.3,11.135897435897435,258,6.615384615384615,217.15,38,232.0,232,United Kingdom,0.0,11.484420782726044,434.3,680.3412017167382,23.455046888695183,1
16602,193,3,216.9,14.46,89,5.933333333333334,72.3,11,1.0,3,United Kingdom,26.666666666666668,7.832666666666664,216.9,19792.125,23.84184181223844,1
16604,356,3,326.25,21.75,115,7.666666666666667,108.75,10,9.5,19,United Kingdom,20.0,3.394571428571429,326.25,5954.0625,13.899714487594549,1
16605,532,1,60.48,60.48,144,144.0,60.48,1,0.0,0,United Kingdom,0.0,0.0,60.48,22075.199999999997,2.9339453963821227,1
16606,212,2,357.66,16.257272727272728,148,6.7272727272727275,178.83,16,30.0,30,United Kingdom,0.0,14.458170779220783,357.66,4211.158064516129,22.59401534815811,1
16607,15,21,3758.57,18.69935323383085,2587,12.870646766169154,178.9795238095238,148,18.75,381,United Kingdom,1.4925373134328357,925.2570312736309,3758.57,3591.3037958115183,36.792349648712985,0
16608,261,2,1286.6200000000001,10.633223140495868,612,5.0578512396694215,643.3100000000001,94,209.0,209,United Kingdom,0.0,19.53670000000001,1286.6200000000001,2236.2680952380956,19.679297141600944,1
16609,5,3,1987.6200000000001,18.06927272727273,823,7.4818181818181815,662.5400000000001,87,27.5,55,United Kingdom,0.0,6.2256374979149305,1987.6200000000001,12955.023214285715,35.465519887039186,0
16610,27,1,75.66,12.61,66,11.0,75.66,6,0.0,0,United Kingdom,0.0,0.6786666666666668,75.66,27615.899999999998,33.76548013860181,1
16611,41,6,1647.14,16.308316831683168,826,8.178217821782178,274.52333333333337,79,80.8,406,United Kingdom,0.9900990099009901,65.8164405148515,1647.14,1477.1648648648652,33.538100518396455,0
16612,119,7,2335.87,19.46558333333333,1047,8.725,333.69571428571425,82,70.33333333333333,424,United Kingdom,0.8333333333333334,8.238171848739494,2335.87,2006.1001176470588,28.93258933559852,0
16614,210,2,673.6,29.286956521739132,126,5.478260869565218,336.8,20,176.0,176,United Kingdom,0.0,4.005343873517787,673.6,1389.0621468926554,22.74221302875374,0
16615,376,2,264.5,13.225,207,10.35,132.25,19,57.0,57,United Kingdom,5.0,17.096573421052632,264.5,1664.5258620689656,12.57411005029436,1
16617,43,1,151.85,30.369999999999997,91,18.2,151.85,5,0.0,0,United Kingdom,0.0,25.153000000000002,151.85,55425.25,32.79497267633452,1
16618,11,5,1424.34,25.897090909090906,770,14.0,284.868,44,29.5,118,United Kingdom,1.8181818181818181,24.272459124579125,1424.34,4368.773949579831,35.251695937436445,1
16619,61,5,1916.53,16.24177966101695,1051,8.90677966101695,383.306,103,100.25,402,United Kingdom,1.694915254237288,11.191090134724032,1916.53,1735.8150124069477,32.23984920358853,1
16620,68,5,1675.73,18.619222222222223,1106,12.28888888888889,335.146,74,119.0,477,United Kingdom,0.0,3.4548640324594255,1675.73,1279.5846234309624,31.792607999237024,1
16621,23,2,490.7,28.86470588235294,142,8.352941176470589,245.35,14,61.0,61,United Kingdom,0.0,25.104926470588236,490.7,2888.798387096774,34.14346637570695,0
16622,350,2,205.6,14.685714285714285,40,2.857142857142857,102.8,12,1.0,1,United Kingdom,14.285714285714285,8.833241758241757,205.6,37522.0,14.15654632710856,1
16623,53,5,1002.49,19.278653846153848,441,8.48076923076923,200.498,44,86.0,346,United Kingdom,1.9230769230769231,9.397960180995472,1002.49,1054.492363112392,32.65274734227947,1
16624,5,1,426.43,20.306190476190476,196,9.333333333333334,426.43,21,0.0,0,United Kingdom,0.0,14.555104761904762,426.43,155646.95,35.13755609901488,1
16625,82,6,1651.08,16.5108,1056,10.56,275.18,82,53.2,269,United Kingdom,1.0,2.5359441919191927,1651.08,2232.0155555555557,31.03537347074838,1
16626,71,2,793.65,16.534375,358,7.458333333333333,396.825,47,3.0,3,United Kingdom,2.083333333333333,50.13988918439717,793.65,72420.5625,31.23808799219968,0
16628,26,4,842.96,18.32521739130435,409,8.891304347826088,210.74,43,140.66666666666666,423,United Kingdom,0.0,6.797925458937199,842.96,725.661320754717,34.188418863305714,0
16630,215,2,104.30000000000001,20.860000000000003,70,14.0,52.150000000000006,4,27.0,27,United Kingdom,20.0,0.6470000000000001,104.30000000000001,1359.6250000000002,22.389936895651648,1
16631,289,8,1867.02,23.049629629629628,773,9.54320987654321,233.3775,46,28.0,170,United Kingdom,1.2345679012345678,10.390044567901231,1867.02,3985.1596491228074,18.614853077553356,1
16632,293,2,406.4,15.05185185185185,256,9.481481481481481,203.2,22,95.0,95,United Kingdom,0.0,0.2347293447293447,406.4,1545.1666666666667,17.652986468182203,1
16633,42,1,447.52,17.212307692307693,177,6.8076923076923075,447.52,26,0.0,0,United Kingdom,0.0,16.143265384615383,447.52,163344.8,32.88044593520811,0
16634,30,10,1198.3,11.199065420560748,488,4.5607476635514015,119.83,72,51.22222222222222,465,United Kingdom,22.429906542056074,23.448958931405393,1198.3,938.5826180257511,34.57058565701831,1
16635,214,1,473.0,18.92,277,11.08,473.0,25,0.0,0,United Kingdom,0.0,1.5494926666666664,473.0,172645.0,22.38194015635005,1
16636,246,4,3802.04,52.0827397260274,2186,29.945205479452056,950.51,62,51.5,207,United Kingdom,0.0,5.740288203957381,3802.04,6671.849038461539,21.00183400541658,1
16637,33,1,303.62,18.97625,140,8.75,303.62,16,0.0,0,United Kingdom,0.0,73.74805625000003,303.62,110821.3,33.41800992813684,0
16638,61,12,1906.6000000000001,17.98679245283019,1034,9.754716981132075,158.88333333333335,99,20.0,224,United Kingdom,0.9433962264150944,39.54815641509434,1906.6000000000001,3092.928888888889,32.93554636978124,0
16639,14,3,961.62,18.85529411764706,400,7.8431372549019605,320.54,48,101.0,202,United Kingdom,0.0,10.234047843137253,961.62,1729.0211822660099,34.83131876780833,1
16640,205,1,179.4,13.8,146,11.23076923076923,179.4,13,0.0,0,United Kingdom,0.0,0.4671474358974359,179.4,65481.0,22.907138495968727,1
16641,509,1,323.40000000000003,13.475000000000001,198,8.25,323.40000000000003,24,0.0,0,United Kingdom,0.0,1.0012635869565218,323.40000000000003,118041.00000000001,4.35981475356144,0
16642,14,4,670.86,17.65421052631579,396,10.421052631578947,167.715,33,69.33333333333333,208,United Kingdom,7.894736842105263,10.183215078236133,670.86,1171.5976076555023,34.90680363775909,1
16643,53,3,915.5600000000001,15.785517241379312,550,9.482758620689655,305.18666666666667,48,88.0,176,United Kingdom,5.172413793103448,5.6272846944948585,915.5600000000001,1888.019209039548,32.44656169753423,1
16644,20,1,722.41,13.377962962962963,751,13.907407407407407,722.41,54,0.0,0,United Kingdom,0.0,2.8044270090845558,722.41,263679.64999999997,34.24625398798481,0
16645,543,1,160.39,11.456428571428571,117,8.357142857142858,160.39,14,0.0,0,United Kingdom,0.0,3.63945934065934,160.39,58542.35,2.270647580023216,1
16646,252,2,675.05,22.501666666666665,1071,35.7,337.525,29,5.0,5,United Kingdom,3.3333333333333335,1.675614827586207,675.05,41065.541666666664,20.178230238848233,1
16647,12,3,455.59,16.271071428571428,315,11.25,151.86333333333332,25,169.0,339,United Kingdom,0.0,12.749468253968253,455.59,489.0892647058824,34.91161934719312,0
16648,263,2,382.14,21.23,222,12.333333333333334,191.07,18,134.0,134,United Kingdom,0.0,4.54645,382.14,1033.1933333333334,19.482484353462908,1
16649,328,1,306.58000000000004,15.329000000000002,82,4.1,306.58000000000004,20,0.0,0,United Kingdom,0.0,24.27417342105263,306.58000000000004,111901.70000000001,15.408486422936619,1
16650,228,6,1397.69,18.887702702702704,1139,15.391891891891891,232.94833333333335,53,19.2,99,United Kingdom,0.0,7.350218974453908,1397.69,5101.5685,22.10113380999635,1
16651,394,1,136.2,22.7,60,10.0,136.2,6,0.0,0,United Kingdom,0.0,1.0256666666666665,136.2,49712.99999999999,11.365108512463806,1
16652,20,18,13665.79,63.85883177570094,5609,26.210280373831775,759.2105555555556,108,25.8125,420,United Kingdom,5.14018691588785,11.086953692246942,13665.79,11848.01270783848,37.00695692944951,0
16654,28,7,1378.35,19.690714285714286,564,8.057142857142857,196.90714285714284,60,64.83333333333333,391,United Kingdom,2.857142857142857,10.13184730848861,1378.35,1283.4126275510205,34.40905096759068,0
16655,139,9,3410.89,9.169059139784945,1947,5.233870967741935,378.98777777777775,271,42.875,345,United Kingdom,0.2688172043010753,11.059631860273026,3410.89,3598.1932080924853,27.999392853391495,0
16656,0,31,11253.81,101.38567567567567,9622,86.68468468468468,363.02612903225804,21,18.785714285714285,542,United Kingdom,10.81081081081081,3.476271203931203,11253.81,7564.715745856353,39.32225395922827,0
16657,62,1,215.43,3.264090909090909,394,5.96969696969697,215.43,65,0.0,0,United Kingdom,0.0,2.891304335664336,215.43,78631.95,31.640273408417112,0
16658,176,9,573.48,7.74972972972973,236,3.189189189189189,63.72,49,31.125,250,United Kingdom,13.513513513513514,15.239322417623105,573.48,833.9450199203188,25.506162315591524,1
16660,18,5,996.26,76.63538461538461,648,49.84615384615385,199.252,10,120.5,483,United Kingdom,0.0,3.0894166666666667,996.26,751.3117768595042,34.788984862998724,1
16661,348,5,788.3100000000001,10.3725,275,3.6184210526315788,157.662,52,45.25,181,United Kingdom,18.421052631578945,7.050348561403509,788.3100000000001,1580.9513736263739,14.625287444562582,1
16662,202,1,151.05,5.394642857142857,35,1.25,151.05,28,0.0,0,United Kingdom,0.0,8.679877645502646,151.05,55133.25000000001,23.08794688705919,1
16663,537,1,165.0,165.0,100,100.0,165.0,1,0.0,0,United Kingdom,0.0,0.0,165.0,60225.0,2.637328745667332,1
16664,377,1,109.2,13.65,24,3.0,109.2,8,0.0,0,United Kingdom,0.0,11.554285714285713,109.2,39858.0,12.40072927216273,1
16665,170,1,135.39999999999998,15.044444444444443,59,6.555555555555555,135.39999999999998,9,0.0,0,United Kingdom,0.0,16.511111111111106,135.39999999999998,49420.99999999999,25.040256105361863,1
16666,429,1,98.73,6.170625,121,7.5625,98.73,15,0.0,0,United Kingdom,0.0,5.947179583333334,98.73,36036.450000000004,9.225261245253904,1
16667,92,1,200.4,10.02,77,3.85,200.4,20,0.0,0,United Kingdom,0.0,6.527230263157895,200.4,73146.0,29.8075300554106,1
16668,22,9,678.28,16.54341463414634,587,14.317073170731707,75.36444444444444,27,51.75,416,United Kingdom,0.0,8.669879024390244,678.28,593.6983213429256,34.916528500646905,0
16669,434,1,-1144.73,-1144.73,-1,-1.0,-1144.73,1,0.0,0,United Kingdom,100.0,0.0,-1144.73,-417826.45,8.817297544780377,1
16670,55,23,5673.67,15.251801075268817,3171,8.524193548387096,246.68130434782609,203,21.40909090909091,481,United Kingdom,3.763440860215054,6.766747942932503,5673.67,4296.451348547717,34.70754498513539,0
16672,12,9,3462.24,56.758032786885245,1356,22.229508196721312,384.6933333333333,23,7.375,62,United Kingdom,1.639344262295082,6.967385081967211,3462.24,20059.009523809524,35.75699226538298,0
16673,487,1,171.13,9.006842105263157,95,5.0,171.13,19,0.0,0,United Kingdom,0.0,7.5495315789473665,171.13,62462.45,5.690338153913808,1
16675,249,2,608.86,26.47217391304348,296,12.869565217391305,304.43,21,36.0,36,United Kingdom,0.0,5.640857312252963,608.86,6006.3216216216215,20.355912936409958,1
16676,12,6,1834.88,16.530450450450452,698,6.288288288288288,305.81333333333333,90,42.2,213,United Kingdom,2.7027027027027026,26.707717706797702,1834.88,3129.585046728972,35.32406015626592,1
16677,201,3,849.77,17.342244897959183,454,9.26530612244898,283.25666666666666,45,129.0,259,United Kingdom,4.081632653061225,24.897366666666667,849.77,1192.9463461538462,23.40571821769454,1
16678,5,6,1264.15,17.80492957746479,799,11.253521126760564,210.6916666666667,52,16.6,84,United Kingdom,2.8169014084507045,4.22079199195171,1264.15,5428.408823529412,35.7042666336254,0
16679,174,3,663.31,36.85055555555555,247,13.722222222222221,221.10333333333332,15,90.0,180,United Kingdom,0.0,18.224814705882352,663.31,1337.61408839779,25.038667730333486,1
16680,336,2,637.75,33.56578947368421,283,14.894736842105264,318.875,16,6.0,6,United Kingdom,0.0,3.8763596491228065,637.75,33254.107142857145,15.046944022677406,1
16681,13,4,1027.34,34.24466666666667,819,27.3,256.835,17,144.66666666666666,436,United Kingdom,0.0,2.3076047126436774,1027.34,858.0757437070938,34.997299978648606,0
16683,337,2,309.35,16.281578947368423,188,9.894736842105264,154.675,18,4.0,4,United Kingdom,5.263157894736842,9.1567783625731,309.35,22582.550000000003,14.958767171066086,1
16684,13,48,100533.47,167.55578333333332,70190,116.98333333333333,2094.447291666667,150,10.893617021276595,526,United Kingdom,4.666666666666667,6.464815445464658,100533.47,69629.44316888046,47.59490379213901,0
16686,2,15,3097.4700000000003,4.163266129032259,2448,3.2903225806451615,206.49800000000002,355,38.07142857142857,538,United Kingdom,0.4032258064516129,2.9153945496678695,3097.4700000000003,2097.5446196660487,36.93437674342168,0
16687,198,1,157.63,19.70375,141,17.625,157.63,8,0.0,0,United Kingdom,0.0,6.108478571428571,157.63,57534.95,23.332690658305395,1
16690,9,3,213.95,17.829166666666666,117,9.75,71.31666666666666,7,124.5,249,United Kingdom,0.0,3.866287878787879,213.95,312.367,35.074809366910834,1
16691,226,2,178.83,16.257272727272728,92,8.363636363636363,89.415,11,143.0,143,United Kingdom,0.0,132.31374181818185,178.83,453.284375,21.724542617829755,1
16692,64,4,1914.6999999999998,382.93999999999994,878,175.6,478.67499999999995,3,61.0,185,United Kingdom,0.0,4245.46925,1914.6999999999998,3757.341397849462,31.95704536957918,1
16693,79,4,855.03,6.577153846153846,505,3.8846153846153846,213.7575,117,127.66666666666667,384,United Kingdom,0.0,5.097415599284437,855.03,810.612857142857,30.95376264458937,1
16694,531,1,98.30000000000001,32.76666666666667,26,8.666666666666666,98.30000000000001,3,0.0,0,United Kingdom,0.0,415.1408333333334,98.30000000000001,35879.50000000001,2.998119498903032,1
16695,369,2,191.9,5.482857142857143,184,5.257142857142857,95.95,30,0.0,0,United Kingdom,0.0,6.447768067226891,191.9,70043.5,12.995463507502437,1
16696,11,3,558.9000000000001,62.10000000000001,126,14.0,186.30000000000004,7,22.0,44,United Kingdom,0.0,3.1200000000000006,558.9000000000001,4533.3,34.98120311327632,0
16697,49,1,112.75,5.369047619047619,27,1.2857142857142858,112.75,20,0.0,0,United Kingdom,0.0,11.21065476190476,112.75,41153.75,32.42544253685831,1
16698,34,2,1998.0,399.6,840,168.0,999.0,4,26.0,26,United Kingdom,0.0,0.16199999999999998,1998.0,27010.0,33.596423047070374,1
16699,188,8,964.9,15.315873015873015,634,10.063492063492063,120.6125,51,58.833333333333336,355,United Kingdom,1.5873015873015872,7.318560880696364,964.9,989.2935393258427,24.70639152040268,1
16700,5,23,6640.05,16.767803030303032,4911,12.401515151515152,288.6978260869565,229,24.136363636363637,540,United Kingdom,1.0101010101010102,4.895427517580871,6640.05,4479.885859519409,37.83987382284731,0
16701,13,23,6304.44,34.07805405405405,6090,32.91891891891892,274.1060869565217,110,23.772727272727273,532,United Kingdom,4.324324324324325,5.473864882491188,6304.44,4317.299437148217,37.32375097701605,0
16702,223,5,1100.8799999999999,11.966086956521737,691,7.510869565217392,220.176,84,78.5,316,United Kingdom,1.0869565217391304,17.094045043000484,1100.8799999999999,1267.57476340694,22.282364262561178,1
16703,539,1,-15.0,-15.0,-1,-1.0,-15.0,1,0.0,0,United Kingdom,100.0,0.0,-15.0,-5475.0,2.50036010255312,1
16704,426,2,664.16,12.299259259259259,433,8.018518518518519,332.08,50,53.0,53,United Kingdom,0.0,17.090415269042623,664.16,4489.229629629629,9.554620070616258,1
16705,7,45,35299.841,64.1815290909091,19544,35.53454545454545,784.4409111111111,351,11.704545454545455,531,United Kingdom,4.181818181818182,13.33632039261135,35299.841,24218.87587406015,42.27421012013155,0
16707,208,4,533.41,8.206307692307691,396,6.092307692307692,133.3525,64,79.33333333333333,239,United Kingdom,0.0,7.451877788461535,533.41,811.2277083333332,23.051738026195096,1
16709,7,13,8010.73,29.34333333333333,2931,10.736263736263735,616.2099999999999,199,43.75,530,United Kingdom,0.0,38.425273262766666,8010.73,5506.433992467043,36.8359709605897,1
16710,15,19,5069.44,6.532783505154638,3439,4.431701030927835,266.81263157894733,496,28.944444444444443,528,United Kingdom,0.12886597938144329,6.669544282008647,5069.44,3497.8177693761813,36.70162632993161,0
16711,110,7,1699.25,106.203125,457,28.5625,242.75,11,72.0,435,United Kingdom,12.5,6.4667449999999995,1699.25,1422.537270642202,29.429453230338016,0
16712,20,6,1819.78,6.919315589353612,889,3.3802281368821294,303.2966666666667,171,37.4,188,United Kingdom,0.0,7.6050820276899,1819.78,3514.3899470899473,34.83441236415815,0
16713,43,32,9665.710000000001,10.958854875283448,5305,6.0147392290249435,302.05343750000003,410,15.32258064516129,488,United Kingdom,1.473922902494331,10.543076250318514,9665.710000000001,7214.691513292435,36.6654221648463,0
16714,26,7,1222.24,10.72140350877193,812,7.12280701754386,174.6057142857143,97,86.16666666666667,519,United Kingdom,3.508771929824561,266.5991846064276,1222.24,857.9184615384615,34.51825595182686,1
16715,370,1,323.8,35.97777777777778,532,59.111111111111114,323.8,9,0.0,0,United Kingdom,0.0,1.5382749999999998,323.8,118187.0,12.845806280677735,1
16716,74,4,1568.2800000000002,174.25333333333336,836,92.88888888888889,392.07000000000005,7,121.0,363,United Kingdom,11.11111111111111,8.781452777777778,1568.2800000000002,1572.5884615384616,31.317929464358006,1
16717,118,13,3002.5,17.15714285714286,1331,7.605714285714286,230.96153846153845,141,34.75,421,United Kingdom,4.571428571428571,4.674595119868635,3002.5,2596.9490521327016,29.64571988959739,0
16718,177,5,3006.08,16.983502824858757,1924,10.870056497175142,601.216,123,90.25,363,United Kingdom,0.0,5.624992591165897,3006.08,3014.3384615384616,25.248042105508674,1
16719,43,14,2574.33,8.358214285714286,1711,5.555194805194805,183.88071428571428,180,34.57142857142857,490,United Kingdom,1.948051948051948,10.627573961461987,2574.33,1913.7076374745416,34.28860887456637,0
16720,184,3,403.74,3.4215254237288137,272,2.305084745762712,134.58,107,172.5,345,United Kingdom,2.5423728813559325,19.90402653918586,403.74,425.9106936416185,24.406725886501608,1
16721,70,1,292.47,7.904594594594595,172,4.648648648648648,292.47,37,0.0,0,United Kingdom,0.0,2.3224058558558562,292.47,106751.55,31.15823664701065,1
16722,8,17,5417.26,22.47825726141079,4585,19.024896265560166,318.6623529411765,120,33.0625,535,United Kingdom,1.2448132780082988,1.8883309370677746,5417.26,3688.992350746269,36.95870272093055,0
16723,251,2,654.96,7.987317073170733,560,6.829268292682927,327.48,72,291.0,291,United Kingdom,0.0,7.390261427280939,654.96,818.7,20.237620807747334,0
16724,212,1,147.35,8.66764705882353,69,4.0588235294117645,147.35,17,0.0,0,United Kingdom,0.0,1.3175735294117645,147.35,53782.75,22.477140645848845,1
16725,110,16,1676.86,4.791028571428571,698,1.9942857142857142,104.80375,242,27.933333333333334,424,United Kingdom,0.5714285714285714,6.771419729840358,1676.86,1440.1268235294117,30.323126139589352,1
16726,4,6,1482.3,8.189502762430939,890,4.917127071823204,247.04999999999998,117,42.2,214,United Kingdom,0.0,5.072941424186618,1482.3,2516.4627906976743,35.78333651611559,1
16727,172,4,1377.77,6.7208292682926825,1066,5.2,344.4425,158,107.66666666666667,324,United Kingdom,0.0,1.7114338450502158,1377.77,1547.3416923076925,25.3192868040165,1
16728,44,2,326.93,3.4779787234042554,210,2.234042553191489,163.465,82,27.0,27,United Kingdom,0.0,2.6837742507435367,326.93,4261.766071428572,32.847887217619686,0
16729,8,9,2824.05,12.720945945945946,2094,9.432432432432432,313.78333333333336,114,4.75,41,United Kingdom,0.0,3.95244304757246,2824.05,24542.339285714286,35.94847616832778,0
16730,42,3,440.62,11.297948717948717,654,16.76923076923077,146.87333333333333,35,42.0,84,United Kingdom,5.128205128205128,2.991986234817813,440.62,1892.0741176470588,33.07888095036028,1
16731,456,1,170.3,4.0547619047619055,124,2.9523809523809526,170.3,40,0.0,0,United Kingdom,0.0,2.0171247386759585,170.3,62159.50000000001,7.582821486063247,1
16732,204,8,3363.04,16.648712871287128,2065,10.222772277227723,420.38,179,47.285714285714285,334,United Kingdom,4.455445544554455,847.1934101891534,3363.04,3664.2077611940294,23.927683849072423,1
16733,337,1,259.68,21.64,112,9.333333333333334,259.68,12,0.0,0,United Kingdom,0.0,4.0387242424242435,259.68,94783.2,14.855161797732952,1
16735,43,18,4404.27,16.939500000000002,3064,11.784615384615385,244.6816666666667,146,28.823529411764707,496,United Kingdom,8.846153846153847,3.577562475497475,4404.27,3234.5242454728373,34.837777165618036,1
16736,313,8,2904.51,19.75857142857143,1039,7.068027210884353,363.06375,116,32.57142857142857,230,United Kingdom,2.7210884353741496,11.007107361848846,2904.51,4589.377272727273,17.235351289390266,1
16737,385,1,417.59999999999997,417.59999999999997,288,288.0,417.59999999999997,1,0.0,0,United Kingdom,0.0,0.0,417.59999999999997,152424.0,11.93780351643305,1
16738,105,1,3.75,3.75,3,3.0,3.75,1,0.0,0,United Kingdom,0.0,0.0,3.75,1368.75,28.99763540255191,1
16739,321,2,459.68,17.68,218,8.384615384615385,229.84,25,23.0,23,United Kingdom,3.8461538461538463,7.1398684615384616,459.68,6990.966666666666,15.94798584100066,0
16740,203,1,226.91,7.0909375,110,3.4375,226.91,30,0.0,0,United Kingdom,0.0,5.782253931451613,226.91,82822.15,23.03316308158762,1
16741,433,1,173.06,15.732727272727272,81,7.363636363636363,173.06,11,0.0,0,United Kingdom,0.0,7.328745454545457,173.06,63166.9,8.987200874203532,1
16742,300,13,2334.97,22.669611650485436,2557,24.825242718446603,179.6130769230769,50,18.75,230,United Kingdom,0.0,3.7265212259661156,2334.97,3689.454761904761,18.479468868305535,1
16743,19,10,3060.77,11.550075471698113,2535,9.566037735849056,306.077,85,42.22222222222222,384,United Kingdom,0.0,1.0947541509433965,3060.77,2901.768961038961,35.39598174153071,0
16745,19,9,3574.4300000000003,16.321598173515984,3857,17.61187214611872,397.1588888888889,117,12.125,100,United Kingdom,0.0,2.318144476561518,3574.4300000000003,12917.494554455447,35.33890905676906,0
16746,2,35,14207.07,18.917536617842877,8790,11.70439414114514,405.9162857142857,314,15.441176470588236,541,United Kingdom,0.6657789613848202,6.030108295783398,14207.07,9567.491789667896,39.84211161165507,0
16748,25,13,3026.59,23.103740458015267,1727,13.183206106870228,232.8146153846154,48,46.09090909090909,511,United Kingdom,0.7633587786259541,0.48631732237228426,3026.59,2157.62763671875,35.32536547098213,1
16749,399,2,4157.88,57.748333333333335,1910,26.52777777777778,2078.94,53,132.0,132,United Kingdom,0.0,5.575097339593116,4157.88,11410.723308270677,11.491563103619823,1
16750,40,1,118.7,11.870000000000001,18,1.8,118.7,10,0.0,0,United Kingdom,0.0,129.1026666666667,118.7,43325.5,32.97538457353127,0
16752,180,1,207.5,23.055555555555557,54,6.0,207.5,9,0.0,0,United Kingdom,0.0,646.2671527777778,207.5,75737.5,24.435711163556338,1
16754,180,35,54558.18,330.65563636363635,54190,328.42424242424244,1558.8051428571428,39,7.647058823529412,269,United Kingdom,15.151515151515152,1.4875279231337781,54558.18,73754.57666666666,32.30831922794888,1
16755,34,7,2291.37,9.627605042016807,1610,6.764705882352941,327.3385714285714,175,83.5,503,United Kingdom,0.42016806722689076,9.344230769776267,2291.37,1659.4247023809523,34.11816869604745,0
16756,22,9,1287.42,15.700243902439025,700,8.536585365853659,143.04666666666668,64,52.5,425,United Kingdom,3.6585365853658534,22.387848072869616,1287.42,1103.0711267605634,34.96684522781648,1
16757,126,2,270.48,18.032,180,12.0,135.24,13,90.0,90,United Kingdom,0.0,1.0654809523809525,270.48,1084.8923076923077,27.837119278118866,1
16760,238,1,228.0,13.411764705882353,168,9.882352941176471,228.0,17,0.0,0,United Kingdom,0.0,0.8924264705882354,228.0,83220.0,20.896500981990517,1
16763,6,2,964.6999999999999,21.924999999999997,492,11.181818181818182,482.34999999999997,44,539.0,539,United Kingdom,0.0,21.895322410147994,964.6999999999999,652.0657407407407,35.220471185561756,0
16765,102,2,454.75,8.745192307692308,311,5.980769230769231,227.375,52,88.0,88,United Kingdom,0.0,4.731284162895927,454.75,1864.9859550561798,29.317541978694038,1
16766,81,2,1145.6,33.69411764705882,536,15.764705882352942,572.8,17,0.0,0,United Kingdom,0.0,3.4781105169340463,1145.6,366939.9750000006,30.656659470426337,1
16767,27,8,5023.22,26.027046632124353,4631,23.99481865284974,627.9025,145,52.57142857142857,370,United Kingdom,0.5181347150259068,2.174121362262522,5023.22,4941.981940700809,34.870680328361956,0
16768,79,10,1362.73,9.946934306569343,618,4.510948905109489,136.273,90,57.125,460,United Kingdom,5.109489051094891,10.915460111635891,1362.73,1078.9510845986986,31.59271505951169,0
16769,68,4,1117.05,11.515979381443298,295,3.0412371134020617,279.2625,76,154.66666666666666,465,United Kingdom,0.0,15.572804918384888,1117.05,874.9425965665237,31.646956926562883,1
16770,44,10,1639.1100000000001,5.427516556291391,947,3.1357615894039736,163.911,174,25.77777777777778,237,United Kingdom,0.9933774834437087,14.02622387296209,1639.1100000000001,2513.761134453782,33.75229698425202,1
16771,83,8,3358.7400000000002,10.208936170212766,1871,5.686930091185411,419.84250000000003,262,64.85714285714286,455,United Kingdom,0.0,6.914773104010677,3358.7400000000002,2688.4651315789474,31.31438604368336,1
16772,225,5,2760.1,34.50125,558,6.975,552.02,55,76.0,304,United Kingdom,15.0,13.68236985759494,2760.1,3303.0704918032784,22.297320515111043,1
16773,244,2,249.65,6.401282051282052,81,2.076923076923077,124.825,34,297.0,297,United Kingdom,0.0,9.564461673414305,249.65,305.7793624161074,20.631491455918756,1
16774,231,4,905.96,10.915180722891566,452,5.445783132530121,226.49,60,79.0,237,United Kingdom,0.0,8.711181898325004,905.96,1389.3924369747901,21.678360330398135,0
16775,13,10,1739.53,11.222774193548387,568,3.664516129032258,173.953,92,25.88888888888889,236,United Kingdom,0.6451612903225806,13.311761022203607,1739.53,2679.022995780591,35.653143859471875,0
16776,223,1,220.97,4.017636363636363,181,3.290909090909091,220.97,48,0.0,0,United Kingdom,0.0,0.7319620875420874,220.97,80654.05,21.811671199392936,1
16777,65,5,1212.33,9.115263157894736,451,3.3909774436090228,242.46599999999998,118,93.0,375,United Kingdom,1.5037593984962405,8.904570574162681,1212.33,1176.86289893617,31.937480001065385,1
16778,82,1,93.18,18.636000000000003,66,13.2,93.18,5,0.0,0,United Kingdom,0.0,0.73512,93.18,34010.700000000004,30.40917398356049,1
16779,27,46,25847.46,29.272321630804075,16146,18.285390713476783,561.9013043478261,270,11.066666666666666,517,United Kingdom,3.057757644394111,2.9148131557794885,25847.46,18212.97857142857,40.37191735596095,0
16780,67,2,336.05,6.4625,181,3.480769230769231,168.025,44,147.0,147,United Kingdom,0.0,10.754734653092004,336.05,828.7719594594594,31.444489151866325,1
16781,173,3,606.4,14.790243902439023,190,4.634146341463414,202.13333333333333,36,152.0,304,United Kingdom,4.878048780487805,17.728765243902437,606.4,725.6918032786884,25.09501686065626,1
16782,12,42,8632.82,5.2351849605821705,3711,2.250454821103699,205.54333333333332,565,12.317073170731707,526,United Kingdom,0.8489993935718617,6.319014279395569,8632.82,5979.087855787476,39.467679229296515,0
16783,244,1,391.95,15.677999999999999,163,6.52,391.95,25,0.0,0,United Kingdom,0.0,3.701099999999999,391.95,143061.75,20.54374336024715,1
16784,184,4,784.73,5.062774193548387,470,3.032258064516129,196.1825,137,81.0,244,United Kingdom,0.0,2.0299033682446583,784.73,1169.0875510204082,24.53769925084801,1
16785,217,1,533.78,15.250857142857143,313,8.942857142857143,533.78,35,0.0,0,United Kingdom,0.0,8.719402184873948,533.78,194829.69999999998,22.20381057712896,1
16786,201,1,51.839999999999996,51.839999999999996,72,72.0,51.839999999999996,1,0.0,0,United Kingdom,0.0,0.0,51.839999999999996,18921.6,23.14080191494365,1
16787,205,4,1017.53,9.085089285714286,472,4.214285714285714,254.3825,102,100.0,300,United Kingdom,0.0,10.140327726833968,1017.53,1233.8818936877076,23.274877922641622,1
16788,62,4,1629.01,4.155637755102041,842,2.1479591836734695,407.2525,292,138.0,416,United Kingdom,0.0,3.2273665300902987,1629.01,1425.87206235012,32.055546670743105,0
16791,21,14,2742.53,5.701725571725572,1338,2.7817047817047817,195.895,294,39.53846153846154,522,United Kingdom,1.0395010395010396,6.797567515592517,2742.53,1914.0027724665392,35.645604024526435,0
16792,90,5,623.46,6.1123529411764705,324,3.176470588235294,124.69200000000001,90,105.25,422,United Kingdom,0.0,7.9136170064065245,623.46,537.9737588652482,30.362586108316254,1
16794,188,5,856.1999999999999,3.822321428571428,653,2.9151785714285716,171.23999999999998,151,60.5,243,United Kingdom,0.0,4.262302015935298,856.1999999999999,1280.7909836065573,24.3989051230815,0
16795,173,5,2035.21,5.882109826589596,1200,3.468208092485549,407.04200000000003,309,79.25,318,United Kingdom,2.8901734104046244,3.317563824243948,2035.21,2328.6885579937302,25.41204567750364,1
16797,201,9,1761.02,4.348197530864198,890,2.197530864197531,195.6688888888889,292,42.875,344,United Kingdom,1.728395061728395,7.248477555311083,1761.02,1863.1081159420291,24.078005030701508,1
16798,362,4,830.01,4.853859649122807,203,1.1871345029239766,207.5025,142,58.0,174,United Kingdom,1.1695906432748537,11.431616904024763,830.01,1731.1637142857144,13.674528643001139,1
16799,240,3,447.83,4.8153763440860216,161,1.7311827956989247,149.27666666666667,81,10.5,21,United Kingdom,1.0752688172043012,6.67475521271622,447.83,7429.906818181818,20.9915644293177,1
16801,0,4,701.48,6.0472413793103446,292,2.5172413793103448,175.37,70,26.333333333333332,80,United Kingdom,38.793103448275865,14.237276784107948,701.48,3160.99012345679,35.76403379309023,0
16802,487,2,582.61,10.992641509433962,369,6.962264150943396,291.305,48,51.0,51,United Kingdom,0.0,1.3054605224963716,582.61,4089.4740384615384,5.823830080514206,1
16804,78,1,118.05,6.213157894736842,34,1.7894736842105263,118.05,19,0.0,0,United Kingdom,0.0,12.720687134502919,118.05,43088.25,30.65542856174751,1
16805,168,4,845.52,4.104466019417476,851,4.131067961165049,211.38,181,123.0,370,United Kingdom,0.0,3.184126272791855,845.52,831.8458221024259,25.519521657607026,0
16806,28,2,396.63,12.01909090909091,185,5.606060606060606,198.315,28,18.0,18,United Kingdom,0.0,23.604544507575753,396.63,7619.4710526315785,33.830445616168895,0
16807,23,7,1595.12,13.992280701754385,1114,9.771929824561404,227.8742857142857,96,72.0,435,United Kingdom,1.7543859649122806,8.547786158981523,1595.12,1335.3642201834862,34.73220710228668,0
16808,82,1,166.5,8.763157894736842,116,6.105263157894737,166.5,19,0.0,0,United Kingdom,0.0,7.310447368421052,166.5,60772.5,30.415230427786895,1
16809,16,7,1153.87,6.556079545454545,716,4.068181818181818,164.8385714285714,94,65.66666666666667,396,United Kingdom,0.5681818181818182,2.447437737012987,1153.87,1060.862846347607,35.123109002428954,0
16810,0,4,786.14,20.687894736842104,367,9.657894736842104,196.535,34,75.66666666666667,228,United Kingdom,10.526315789473683,26.990917496443817,786.14,1253.017903930131,35.771026954140524,1
16812,168,5,2216.8,19.110344827586207,1100,9.482758620689655,443.36,98,5.0,21,United Kingdom,0.8620689655172413,8.858237203898051,2216.8,36778.72727272727,25.73229584237033,1
16813,12,1,191.10999999999999,2.171704545454545,141,1.6022727272727273,191.10999999999999,87,0.0,0,United Kingdom,0.0,1.2225832810867296,191.10999999999999,69755.15,34.69076755852537,0
16814,0,27,9606.01,14.510589123867069,3732,5.637462235649547,355.77814814814815,224,15.384615384615385,414,United Kingdom,0.0,10.008711304624045,9606.01,8448.659397590362,38.78813095938498,0
16815,261,2,406.02,5.561917808219178,237,3.2465753424657535,203.01,66,82.0,82,United Kingdom,0.0,7.239716742770167,406.02,1785.5096385542167,19.606557032684236,1
16816,121,2,325.45,16.2725,191,9.55,162.725,20,44.0,44,United Kingdom,0.0,3.077971315789474,325.45,2639.761111111111,28.14691026448109,0
16817,26,14,1839.05,16.718636363636364,974,8.854545454545455,131.3607142857143,80,15.923076923076923,213,United Kingdom,7.2727272727272725,10.428468223519602,1839.05,3136.6974299065423,35.26572365613274,0
16818,7,4,694.64,14.779574468085107,396,8.425531914893616,173.66,45,1.6666666666666667,6,United Kingdom,4.25531914893617,41.1016601295097,694.64,36220.514285714286,35.33611836194127,0
16819,273,2,182.59,10.740588235294117,253,14.882352941176471,91.295,17,0.0,0,United Kingdom,0.0,9.126738970588233,182.59,66645.35,18.855500335360293,1
16821,189,1,113.35,16.192857142857143,13,1.8571428571428572,113.35,7,0.0,0,United Kingdom,0.0,18.23809523809524,113.35,41372.75,23.87848355158648,1
16822,471,3,144.84,11.141538461538461,166,12.76923076923077,48.28,12,33.0,67,United Kingdom,15.384615384615385,13.736607692307691,144.84,777.4499999999999,6.863972475742162,1
16823,35,8,2236.14,12.851379310344827,1165,6.695402298850575,279.5175,149,72.42857142857143,510,United Kingdom,0.5747126436781609,7.419535565743143,2236.14,1597.242857142857,34.15205896469508,1
16824,201,1,225.6,17.353846153846153,154,11.846153846153847,225.6,13,0.0,0,United Kingdom,0.0,10.598141025641025,225.6,82344.0,23.15515499389592,0
16825,186,3,1051.71,29.214166666666667,731,20.305555555555557,350.57,32,77.5,156,United Kingdom,0.0,7.385042857142857,1051.71,2445.0582802547774,24.338149961965375,0
16827,201,5,392.13,32.6775,125,10.416666666666666,78.426,10,48.25,195,United Kingdom,0.0,24.88181818181818,392.13,730.2420918367346,23.566920804169545,1
16829,196,1,316.1,19.75625,116,7.25,316.1,16,0.0,0,United Kingdom,0.0,10.290958333333332,316.1,115376.50000000001,23.467880861100536,0
16830,250,4,857.7900000000001,15.596181818181819,429,7.8,214.44750000000002,47,94.0,284,United Kingdom,5.454545454545454,5.7966792592592595,857.7900000000001,1098.573157894737,20.514430189017816,1
16831,372,1,91.8,15.299999999999999,48,8.0,91.8,6,0.0,0,United Kingdom,0.0,3.4946666666666664,91.8,33507.0,12.70454228704834,1
16832,11,4,355.11,17.7555,174,8.7,88.7775,19,84.66666666666667,255,United Kingdom,0.0,20.662110263157892,355.11,506.30917968750003,35.06387195696373,0
16833,67,5,1973.8,25.633766233766234,744,9.662337662337663,394.76,74,90.5,363,United Kingdom,0.0,1110.0973036910455,1973.8,1979.2225274725276,31.878279505057474,1
16834,35,2,898.96,18.728333333333335,760,15.833333333333334,449.48,43,446.0,446,United Kingdom,0.0,1.4342712322695037,898.96,734.0501118568234,33.44458910082406,1
16835,181,9,1290.66,15.739756097560976,432,5.2682926829268295,143.40666666666667,54,24.125,196,United Kingdom,6.097560975609756,8.296466982836499,1290.66,2391.3243654822336,25.260153154235024,0
16836,214,2,530.5,17.112903225806452,374,12.064516129032258,265.25,31,167.0,167,United Kingdom,0.0,5.231123655913978,530.5,1152.5744047619048,22.486192310347292,0
16837,0,9,1811.49,20.821724137931035,706,8.114942528735632,201.27666666666667,76,6.375,53,United Kingdom,1.1494252873563218,17.72683761026463,1811.49,12244.330555555554,36.35323626985034,0
16838,5,6,1126.66,18.469836065573773,504,8.262295081967213,187.77666666666667,54,92.4,465,United Kingdom,3.278688524590164,453.89671393442626,1126.66,882.4697424892705,35.69290956165747,1
16839,4,28,11630.2,56.184541062801934,5845,28.23671497584541,415.36428571428576,94,16.88888888888889,469,United Kingdom,3.3816425120772946,9.325476788143144,11630.2,9031.963829787235,38.810637155810866,0
16840,411,3,126.71000000000001,12.671000000000001,116,11.6,42.23666666666667,10,39.0,78,United Kingdom,10.0,17.839943333333334,126.71000000000001,585.4322784810128,10.525478548268127,1
16841,21,9,2703.04,18.77111111111111,1673,11.618055555555555,300.3377777777778,128,59.875,482,United Kingdom,0.6944444444444444,3.0585583867521358,2703.04,2042.6699792960665,35.14482959841079,0
16842,110,1,520.5699999999999,17.35233333333333,370,12.333333333333334,520.5699999999999,30,0.0,0,United Kingdom,0.0,11.081220229885059,520.5699999999999,190008.05,28.735075925248847,0
16843,5,28,13174.11,40.411380368098165,10438,32.01840490797546,470.5039285714286,182,19.25925925925926,532,United Kingdom,0.9202453987730062,12.269165961302503,13174.11,9021.670075046904,38.877118529643376,0
16844,370,2,614.34,19.198125,281,8.78125,307.17,26,20.0,20,United Kingdom,0.0,5.71309183467742,614.34,10677.814285714287,12.969308213214555,1
16845,426,1,253.88,12.693999999999999,167,8.35,253.88,20,0.0,0,United Kingdom,0.0,12.109274736842103,253.88,92666.2,9.421227267489288,1
16846,385,2,628.09,17.446944444444444,382,10.61111111111111,314.045,36,62.0,62,United Kingdom,0.0,3.1310307142857154,628.09,3638.9341269841275,12.054693087263326,1
16847,426,1,421.45000000000005,16.858,177,7.08,421.45000000000005,25,0.0,0,United Kingdom,0.0,14.700358333333332,421.45000000000005,153829.25000000003,9.43506903452446,1
16848,184,3,1130.2,15.918309859154931,598,8.422535211267606,376.73333333333335,64,28.0,56,United Kingdom,0.0,2.9887092555331995,1130.2,7237.245614035088,24.466733585256588,1
16850,141,1,332.41,17.495263157894737,249,13.105263157894736,332.41,19,0.0,0,United Kingdom,0.0,2.535743274853801,332.41,121329.65000000001,26.826981472063554,1
16853,539,1,-67.5,-33.75,-10,-5.0,-67.5,2,0.0,0,United Kingdom,100.0,0.0,-67.5,-24637.5,2.4960234505906773,1
16854,225,2,1408.96,18.786133333333336,997,13.293333333333333,704.48,72,223.0,223,United Kingdom,0.0,5.8213442162162155,1408.96,2295.85,21.887204977519048,1
16856,225,2,323.09000000000003,19.00529411764706,159,9.352941176470589,161.54500000000002,15,24.0,24,United Kingdom,0.0,3.6268235294117654,323.09000000000003,4717.1140000000005,21.797508972443666,1
16857,250,1,352.8,32.07272727272727,168,15.272727272727273,352.8,11,0.0,0,United Kingdom,0.0,2.8387272727272728,352.8,128772.0,20.17420909062622,1
16858,174,16,4085.7400000000002,28.976879432624116,1367,9.695035460992909,255.35875000000001,78,23.4,358,United Kingdom,10.638297872340425,5.739634690982778,4085.7400000000002,4154.025348189415,26.614902692943335,1
16859,69,6,1444.44,19.00578947368421,1448,19.05263157894737,240.74,57,76.4,384,United Kingdom,0.0,4.082510228070175,1444.44,1369.4041558441559,31.811955202274998,0
16860,260,4,1593.67,36.219772727272726,624,14.181818181818182,398.4175,35,69.66666666666667,209,United Kingdom,2.272727272727273,17.634672463002108,1593.67,2769.950238095238,19.964715396538583,1
16861,176,4,750.72,16.682666666666666,469,10.422222222222222,187.68,39,46.333333333333336,140,United Kingdom,4.444444444444445,4.66348101010101,750.72,1943.353191489362,25.023290414805786,0
16862,355,4,662.33,18.923714285714286,513,14.657142857142857,165.5825,34,50.666666666666664,154,United Kingdom,0.0,6.867186890756303,662.33,1559.6803225806455,14.088028216997992,1
16863,168,3,494.27,15.944193548387096,335,10.806451612903226,164.75666666666666,27,24.0,49,United Kingdom,3.225806451612903,3.103269462365591,494.27,3608.1709999999994,25.39100490334373,1
16864,242,2,409.25,24.073529411764707,283,16.647058823529413,204.625,17,164.0,164,United Kingdom,0.0,5.328501470588235,409.25,905.3106060606061,20.7667749999847,1
16865,209,1,130.95,8.184375,157,9.8125,130.95,15,0.0,0,United Kingdom,0.0,0.9937729166666667,130.95,47796.74999999999,22.658936141528855,1
16867,497,1,76.74000000000001,12.790000000000001,58,9.666666666666666,76.74000000000001,6,0.0,0,United Kingdom,0.0,0.8908166666666666,76.74000000000001,28010.100000000002,5.072040656199198,1
16868,202,3,384.56,7.6912,112,2.24,128.18666666666667,47,99.0,199,United Kingdom,0.0,11.677548612244898,384.56,701.822,23.306240464083572,1
16870,277,1,450.15999999999997,16.077142857142857,278,9.928571428571429,450.15999999999997,28,0.0,0,United Kingdom,0.0,5.564121693121694,450.15999999999997,164308.4,18.5338996600853,1
16871,6,5,1986.97,18.39787037037037,858,7.944444444444445,397.394,104,18.0,72,United Kingdom,1.8518518518518516,14.433964174454825,1986.97,9934.85,35.60342110923206,1
16872,235,3,533.11,48.46454545454546,479,43.54545454545455,177.70333333333335,9,17.5,35,United Kingdom,0.0,29.817245454545457,533.11,5405.143055555556,21.303859109412908,0
16873,5,12,10670.02,29.39399449035813,6348,17.487603305785125,889.1683333333334,170,42.36363636363637,470,United Kingdom,2.203856749311295,86.67060357974523,10670.02,8268.6991507431,37.07823364650296,0
16874,187,1,209.89000000000001,6.770645161290323,78,2.5161290322580645,209.89000000000001,31,0.0,0,United Kingdom,0.0,4.763080645161291,209.89000000000001,76609.85,24.008558157123826,1
16875,49,16,2788.02,15.31879120879121,1387,7.6208791208791204,174.25125,115,30.4,462,United Kingdom,9.89010989010989,28.859433698621825,2788.02,2197.8991360691143,34.13896489592094,0
16876,211,1,136.01,4.2503125,181,5.65625,136.01,32,0.0,0,United Kingdom,0.0,3.299605544354838,136.01,49643.649999999994,22.53725399007502,1
16877,16,1,77.75,2.9903846153846154,35,1.3461538461538463,77.75,25,0.0,0,United Kingdom,0.0,11.881302153846152,77.75,28378.75,34.43720345020203,0
16879,228,2,-140.95999999999998,-70.47999999999999,-2,-1.0,-70.47999999999999,2,18.0,18,United Kingdom,100.0,6156.0608,-140.95999999999998,-2707.9157894736836,21.576026916090214,1
16880,301,1,321.78,35.75333333333333,158,17.555555555555557,321.78,9,0.0,0,United Kingdom,0.0,14.083399999999997,321.78,117449.7,17.05809363528501,0
16882,47,2,215.70000000000002,14.38,102,6.8,107.85000000000001,15,77.0,77,United Kingdom,0.0,6.221578095238096,215.70000000000002,1009.3653846153848,32.655549114511736,1
16883,179,19,2091.66,8.434112903225806,966,3.8951612903225805,110.08736842105263,144,19.77777777777778,363,United Kingdom,0.4032258064516129,13.881332140525014,2091.66,2097.4063186813187,26.44344307046973,0
16884,364,2,641.13,13.356875,200,4.166666666666667,320.565,39,14.0,14,United Kingdom,0.0,27.979648226950353,641.13,15600.83,13.337821511059182,1
16885,165,2,412.14,6.060882352941176,215,3.161764705882353,206.07,66,28.0,28,United Kingdom,0.0,10.432093832309041,412.14,5187.2793103448275,25.467868423204578,1
16886,252,2,0.0,0.0,0,0.0,0.0,8,11.0,11,United Kingdom,50.0,3.7718333333333334,0.0,0.0,20.122469154900667,1
16887,208,2,465.84000000000003,7.166769230769232,267,4.107692307692307,232.92000000000002,65,337.0,337,United Kingdom,0.0,5.76682846153846,465.84000000000003,503.05207100591724,22.84715157348782,1
16888,208,3,434.2,8.35,145,2.7884615384615383,144.73333333333332,44,150.0,300,United Kingdom,0.0,22.10372337858219,434.2,526.5215946843854,22.94404050546731,1
16889,2,6,2526.65,11.643548387096775,1611,7.423963133640553,421.10833333333335,163,73.8,371,United Kingdom,0.0,8.038938321385904,2526.65,2479.105510752688,35.99170297111052,1
16890,284,3,285.41,15.021578947368422,243,12.789473684210526,95.13666666666667,17,52.0,105,United Kingdom,0.0,2.2175923976608183,285.41,982.7797169811321,18.291945380986636,1
16891,179,7,1202.77,4.077186440677966,473,1.6033898305084746,171.8242857142857,245,60.166666666666664,363,United Kingdom,0.0,5.262461069987318,1202.77,1206.0743131868132,25.175988332811162,0
16892,131,3,220.61,5.380731707317073,130,3.1707317073170733,73.53666666666668,39,203.5,407,United Kingdom,2.4390243902439024,18.2087256097561,220.61,197.35943627450982,27.627252054080902,0
16893,174,2,249.89000000000001,2.8722988505747127,117,1.3448275862068966,124.94500000000001,80,9.0,9,United Kingdom,0.0,4.7622620956963395,249.89000000000001,9120.985,24.905015554117714,1
16894,310,5,1265.26,6.555751295336788,497,2.5751295336787563,253.052,186,8.0,33,United Kingdom,3.1088082901554404,13.386373262089807,1265.26,13582.938235294117,16.98458721500751,1
16895,246,4,900.63,8.917128712871287,330,3.267326732673267,225.1575,82,75.0,227,United Kingdom,0.0,8.86417986138614,900.63,1441.7980263157895,20.762169141219413,1
16896,363,1,103.95,5.775,18,1.0,103.95,18,0.0,0,United Kingdom,0.0,7.917720588235297,103.95,37941.75,13.254996461667341,1
16897,107,3,213.03,4.841590909090909,58,1.3181818181818181,71.01,37,7.0,14,United Kingdom,15.909090909090908,12.885837632135306,213.03,5183.73,29.091827389341884,1
16898,173,4,431.90999999999997,3.4831451612903224,344,2.774193548387097,107.97749999999999,111,70.0,211,United Kingdom,0.8064516129032258,4.85148042879622,431.90999999999997,743.6186320754716,25.18010596915318,0
16899,15,4,772.26,8.486373626373627,430,4.725274725274725,193.065,68,63.0,190,United Kingdom,0.0,5.599374432234432,772.26,1475.7848167539266,34.85412951021363,0
16901,537,1,204.26,8.880869565217392,42,1.826086956521739,204.26,23,0.0,0,United Kingdom,0.0,18.60327114624506,204.26,74554.9,2.6405717353062936,1
16903,188,3,646.25,5.00968992248062,444,3.441860465116279,215.41666666666666,107,17.0,35,United Kingdom,2.3255813953488373,5.055540019379848,646.25,6552.256944444444,24.18255767025207,1
16904,33,11,2256.76,5.0600000000000005,1178,2.6412556053811658,205.16000000000003,314,18.1,185,United Kingdom,0.0,8.13897273189903,2256.76,4428.588172043012,34.57436982116683,0
16905,44,16,2461.7,13.67611111111111,789,4.383333333333334,153.85625,106,32.4,492,United Kingdom,1.6666666666666667,14.559800977653628,2461.7,1822.5567951318458,34.417260224630596,1
16906,13,5,1063.02,6.561851851851852,392,2.419753086419753,212.60399999999998,138,92.0,369,United Kingdom,0.0,10.665385480407947,1063.02,1048.6548648648647,35.09974973748737,0
16907,42,7,1073.24,6.792658227848102,332,2.1012658227848102,153.32,88,48.0,291,United Kingdom,0.0,7.7085356163831324,1073.24,1341.55,33.529147143742,0
16908,530,2,153.59,7.313809523809524,41,1.9523809523809523,76.795,20,0.0,0,United Kingdom,4.761904761904762,0.6576190476190479,153.59,56060.35,3.163239161553444,1
16911,435,3,251.35,6.793243243243243,159,4.297297297297297,83.78333333333333,30,16.5,33,United Kingdom,5.405405405405405,2.785206456456456,251.35,2698.3161764705883,9.070572707839974,1
16912,8,11,3016.58,24.525040650406503,1123,9.130081300813009,274.23454545454547,96,58.55555555555556,530,United Kingdom,2.4390243902439024,13.643305251232846,3016.58,2073.543691148776,36.16338467873461,0
16913,98,3,423.90999999999997,23.550555555555555,229,12.722222222222221,141.3033333333333,18,180.5,361,United Kingdom,0.0,11.528453594771245,423.90999999999997,427.4230662983425,29.658697237189386,1
16915,56,7,1088.29,25.30906976744186,105,2.441860465116279,155.47,35,53.166666666666664,321,United Kingdom,0.0,513.3951501661131,1088.29,1233.620652173913,32.675689462603714,0
16916,180,3,536.04,4.54271186440678,320,2.711864406779661,178.67999999999998,100,21.0,43,United Kingdom,0.0,6.222646132116473,536.04,4446.695454545455,24.661854493647212,1
16917,84,3,1842.93,36.13588235294118,791,15.509803921568627,614.3100000000001,46,225.5,451,United Kingdom,1.9607843137254901,77.55814517647062,1842.93,1488.2067477876108,30.63061325127587,1
16918,125,13,2363.75,6.547783933518006,1511,4.185595567867036,181.82692307692307,236,37.81818181818182,419,United Kingdom,1.10803324099723,5.722159441366573,2363.75,2054.2113095238096,29.165606863370584,0
16919,0,26,4300.66,7.93479704797048,1875,3.459409594095941,165.41,215,10.92,284,United Kingdom,0.9225092250922509,7.212748101097455,4300.66,5507.862807017544,38.250391205366675,0
16920,219,1,355.45,15.454347826086956,81,3.5217391304347827,355.45,23,0.0,0,United Kingdom,0.0,16.8119861660079,355.45,129739.25,22.066979880848596,1
16921,250,2,255.03,7.7281818181818185,121,3.6666666666666665,127.515,28,157.0,157,United Kingdom,0.0,22.570138068181816,255.03,589.151582278481,20.265635493190924,1
16922,380,1,611.08,5.008852459016394,281,2.30327868852459,611.08,122,0.0,0,United Kingdom,0.0,7.165971927923047,611.08,223044.2,12.259035829715613,1
16923,7,30,8717.39,11.86039455782313,4044,5.502040816326531,290.57966666666664,298,16.06896551724138,478,United Kingdom,3.4013605442176873,7.114518999425378,8717.39,6642.6875782881,38.585885410590336,0
16925,348,1,125.65,6.980555555555556,123,6.833333333333333,125.65,18,0.0,0,United Kingdom,0.0,4.03164705882353,125.65,45862.25,14.172539860229401,1
16926,179,6,1158.66,11.944948453608248,196,2.020618556701031,193.11,63,30.8,155,United Kingdom,1.0309278350515463,23.178663896048107,1158.66,2710.9673076923077,25.072842231571574,1
16927,84,2,341.45,68.28999999999999,513,102.6,170.725,5,85.0,85,United Kingdom,0.0,6.39758,341.45,1449.1773255813953,30.407084169645714,0
16928,23,21,1910.29,10.00151832460733,1083,5.670157068062827,90.96619047619048,122,22.4,458,United Kingdom,3.1413612565445024,47.87239400385779,1910.29,1519.075925925926,36.151275882424045,0
16931,2,11,2380.46,5.075607675906183,1444,3.0788912579957355,216.40545454545455,277,19.7,202,United Kingdom,0.0,2.196700457419863,2380.46,4280.137438423645,36.477139691771185,0
16932,231,2,262.32,3.0861176470588236,135,1.588235294117647,131.16,77,147.0,147,United Kingdom,0.0,6.302494033613445,262.32,646.9378378378378,21.426188828243152,1
16933,43,14,2695.6,9.873992673992674,1353,4.956043956043956,192.54285714285714,196,37.76923076923077,494,United Kingdom,5.4945054945054945,8.826795111506145,2695.6,1987.6646464646465,34.298626127585145,1
16934,191,5,1131.8600000000001,13.636867469879519,536,6.457831325301205,226.372,77,59.0,237,United Kingdom,3.614457831325301,6.933360270349689,1131.8600000000001,1735.8357142857144,24.238525253835444,1
16935,189,3,530.86,7.693623188405797,273,3.9565217391304346,176.95333333333335,55,19.0,39,United Kingdom,0.0,1.568642625745951,530.86,4844.0975,24.111976061203038,1
16936,193,1,286.39,3.450481927710843,168,2.0240963855421685,286.39,81,0.0,0,United Kingdom,0.0,1.178936849838378,286.39,104532.34999999999,23.64857691225444,1
16937,307,1,196.25,4.005102040816326,123,2.510204081632653,196.25,49,0.0,0,United Kingdom,0.0,1.5750212585034002,196.25,71631.25,16.681424127635207,1
16938,116,6,4551.28,7.5477280265339965,2628,4.358208955223881,758.5466666666666,429,69.6,351,United Kingdom,0.0,5.490084655350048,4551.28,4719.367045454545,29.199236309741092,0
16939,296,3,433.85,10.581707317073171,229,5.585365853658536,144.61666666666667,38,79.5,160,United Kingdom,0.0,7.77362012195122,433.85,983.5729813664598,17.571606222048853,1
16940,97,9,3953.21,9.571937046004843,2850,6.900726392251816,439.24555555555554,251,54.625,441,United Kingdom,1.4527845036319613,2.833105198758786,3953.21,3264.528619909502,30.608292619251618,0
16941,419,1,33.0,16.5,12,6.0,33.0,2,0.0,0,United Kingdom,0.0,0.08000000000000014,33.0,12045.0,9.830332367497537,1
16942,27,3,568.26,8.481492537313432,239,3.5671641791044775,189.42,54,4.0,8,United Kingdom,0.0,8.558861329715063,568.26,23046.1,34.00517529956807,0
16943,19,7,816.73,22.073783783783785,145,3.918918918918919,116.67571428571429,24,69.5,419,United Kingdom,5.405405405405405,5462.026705555557,816.73,709.7772619047619,34.912110079419385,1
16944,417,1,101.36,14.48,27,3.857142857142857,101.36,7,0.0,0,United Kingdom,0.0,9.106857142857146,101.36,36996.4,9.958079223467232,1
16945,9,24,5958.84,17.629704142011835,4269,12.6301775147929,248.285,195,22.695652173913043,529,United Kingdom,0.591715976331361,2.484593847558513,5958.84,4103.729433962264,37.63890614843143,0
16946,191,6,1199.54,15.783421052631578,503,6.618421052631579,199.92333333333332,69,65.5,264,United Kingdom,1.3157894736842104,21.94018798245614,1199.54,1652.196603773585,24.343618305298932,1
16947,43,10,896.73,14.945500000000001,613,10.216666666666667,89.673,51,51.0,410,United Kingdom,11.666666666666666,5.6859955932203405,896.73,796.3660583941606,33.752024308466304,1
16948,69,6,674.2900000000001,19.832058823529415,723,21.264705882352942,112.38166666666667,17,78.4,394,United Kingdom,0.0,26.48089019607843,674.2900000000001,623.0781012658229,31.748338583058324,0
16949,26,3,505.75,22.988636363636363,189,8.590909090909092,168.58333333333334,22,49.0,98,United Kingdom,0.0,690.9713854978353,505.75,1864.6338383838386,34.061061853681515,0
16950,175,10,2476.03,22.926203703703706,1727,15.99074074074074,247.603,84,34.888888888888886,317,United Kingdom,2.7777777777777777,6.102647940463829,2476.03,2841.984119496856,25.823871001177974,0
16951,112,1,1053.79,15.054142857142857,1066,15.228571428571428,1053.79,70,0.0,0,United Kingdom,0.0,4.713986770186335,1053.79,366939.9750000006,28.657021318566123,0
16952,249,3,628.22,8.848169014084508,251,3.535211267605634,209.40666666666667,61,143.5,287,United Kingdom,0.0,7.374040442655936,628.22,796.1815972222223,20.457014616010106,0
16954,62,15,4893.73,26.452594594594594,3613,19.52972972972973,326.2486666666666,81,30.642857142857142,435,United Kingdom,0.5405405405405406,9.25491226204465,4893.73,4096.815252293577,33.4197493557334,0
16955,144,8,908.37,21.12488372093023,624,14.511627906976743,113.54625,31,57.142857142857146,402,United Kingdom,6.976744186046512,10.278546290143964,908.37,822.7172456575682,27.387924664977998,0
16957,47,2,416.64,26.04,172,10.75,208.32,15,42.0,42,United Kingdom,0.0,8.31953958333333,416.64,3536.595348837209,32.67214734013714,1
16958,243,1,778.49,11.121285714285714,514,7.3428571428571425,778.49,69,0.0,0,United Kingdom,0.0,7.205393291925467,778.49,284148.85,20.636722744146024,1
16960,60,7,1663.91,4.223121827411168,1272,3.228426395939086,237.70142857142858,301,65.33333333333333,394,United Kingdom,0.25380710659898476,3.262593164645253,1663.91,1537.5370886075948,32.47903709654864,1
16961,187,5,538.84,13.142439024390244,354,8.634146341463415,107.768,39,88.5,356,United Kingdom,7.317073170731707,21.29816451219512,538.84,550.9148459383754,24.433740329525833,0
16962,217,1,251.04,16.736,158,10.533333333333333,251.04,15,0.0,0,United Kingdom,0.0,7.136292380952382,251.04,91629.59999999999,22.180455434731602,1
16964,541,2,207.85,34.641666666666666,49,8.166666666666666,103.925,6,0.0,0,United Kingdom,0.0,2.412,207.85,75865.25,2.4961705230595754,1
16965,34,1,201.19,7.738076923076923,291,11.192307692307692,201.19,26,0.0,0,United Kingdom,0.0,7.946985384615385,201.19,73434.35,33.34849885260082,1
16966,5,3,1154.3999999999999,57.71999999999999,1176,58.8,384.79999999999995,8,21.0,42,United Kingdom,0.0,0.44253052631578965,1154.3999999999999,9798.976744186046,35.39669350326496,0
16970,434,1,71.4,35.7,12,6.0,71.4,2,0.0,0,United Kingdom,0.0,0.0,71.4,26061.000000000004,8.917753402896293,1
16972,190,2,749.0,9.134146341463415,183,2.231707317073171,374.5,54,73.0,73,United Kingdom,0.0,6.495130984643184,749.0,3694.3918918918916,23.969442508001976,1
16973,194,1,127.0,21.166666666666668,60,10.0,127.0,6,0.0,0,United Kingdom,0.0,0.1666666666666667,127.0,46355.0,23.57436077584641,1
16974,330,2,365.5,45.6875,70,8.75,182.75,5,41.0,41,United Kingdom,0.0,3.251250000000001,365.5,3176.3690476190477,15.390755750943962,1
16975,221,5,902.4200000000001,19.200425531914895,580,12.340425531914894,180.484,44,22.25,91,United Kingdom,4.25531914893617,4.548832284921369,902.4200000000001,3580.2532608695656,22.388071014214322,1
16976,75,1,251.51999999999998,125.75999999999999,88,44.0,251.51999999999998,2,0.0,0,United Kingdom,0.0,48.90604999999999,251.51999999999998,91804.79999999999,30.849603753229644,1
16977,203,4,496.0,17.714285714285715,142,5.071428571428571,124.0,25,78.33333333333333,236,United Kingdom,0.0,9.891746031746031,496.0,763.8818565400844,23.35389815716131,1
16978,474,2,424.55,15.1625,119,4.25,212.275,28,0.0,0,United Kingdom,0.0,23.96895502645503,424.55,154960.75,6.604424660656739,1
16979,102,6,1315.24,24.356296296296296,672,12.444444444444445,219.20666666666668,41,30.8,156,United Kingdom,5.555555555555555,12.513264849755418,1315.24,3057.723566878981,29.786630893650642,0
16980,63,3,1422.8300000000002,13.422924528301888,990,9.339622641509434,474.2766666666667,91,86.0,173,United Kingdom,0.0,3.9632779964061076,1422.8300000000002,2984.6721264367816,31.87796305733816,1
16981,348,1,-4620.86,-4620.86,-1,-1.0,-4620.86,1,0.0,0,United Kingdom,100.0,0.0,-4620.86,-1686613.9,13.780464395348366,1
16983,76,8,2195.95,16.891923076923074,1415,10.884615384615385,274.49375,92,24.714285714285715,177,United Kingdom,0.7692307692307693,11.241999457364344,2195.95,4502.931179775281,31.645686651311717,0
16984,207,14,5824.56,8.46593023255814,2729,3.9665697674418605,416.04,478,18.23076923076923,242,United Kingdom,2.3255813953488373,16.472700192105894,5824.56,8748.824691358026,24.544877268220944,0
16985,19,22,7997.0,41.43523316062176,2347,12.160621761658032,363.5,116,24.238095238095237,517,United Kingdom,2.072538860103627,1363.8167650313032,7997.0,5634.951737451737,36.99775847830687,0
16986,253,9,3015.55,17.634795321637426,1499,8.76608187134503,335.06111111111113,64,28.25,228,United Kingdom,0.0,21.53623546611627,3015.55,4806.4443231441055,21.00702966536392,1
16987,13,6,1105.75,7.0881410256410255,315,2.019230769230769,184.29166666666666,120,106.0,532,United Kingdom,0.641025641025641,12.807349888337468,1105.75,757.2209193245778,35.20278184673251,0
16988,187,1,256.55,19.734615384615385,115,8.846153846153847,256.55,13,0.0,0,United Kingdom,0.0,28.829006410256408,256.55,93640.75,24.012412408182257,1
16990,26,2,344.0,172.0,200,100.0,172.0,1,203.0,203,United Kingdom,0.0,0.009800000000000017,344.0,615.4901960784314,33.94819834793028,1
16991,229,1,1041.21,14.070405405405406,793,10.716216216216216,1041.21,74,0.0,0,United Kingdom,0.0,3.91143326545724,1041.21,366939.9750000006,21.513125031295885,1
16992,7,12,4516.9400000000005,19.139576271186442,1553,6.580508474576271,376.4116666666667,184,41.90909090909091,466,United Kingdom,1.2711864406779663,39.65172750631088,4516.9400000000005,3530.370663811563,36.44787130617298,1
16993,271,3,1688.15,58.21206896551725,261,9.0,562.7166666666667,19,56.0,113,United Kingdom,3.4482758620689653,19.199802955665017,1688.15,5405.041666666667,19.20146655890023,1
16994,434,1,-779.32,-779.32,-1,-1.0,-779.32,1,0.0,0,United Kingdom,100.0,0.0,-779.32,-284451.80000000005,8.847481468467924,1
16995,180,1,-1.25,-1.25,-1,-1.0,-1.25,1,0.0,0,United Kingdom,100.0,0.0,-1.25,-456.25,24.41846780932472,1
16996,53,10,1308.73,19.533283582089553,605,9.029850746268657,130.873,30,18.666666666666668,172,United Kingdom,14.925373134328357,3.4768076436001807,1308.73,2761.193352601156,33.175556090509055,0
16997,96,3,702.0,58.5,360,30.0,234.0,7,18.5,37,United Kingdom,0.0,0.0,702.0,6742.894736842105,29.80376839822733,1
16998,7,5,386.6,64.43333333333334,100,16.666666666666668,77.32000000000001,2,60.75,244,United Kingdom,16.666666666666664,0.04166666666666662,386.6,575.9551020408163,35.410175853874684,0
17000,204,2,406.3,13.543333333333333,305,10.166666666666666,203.15,26,11.0,11,United Kingdom,0.0,1.0565236781609197,406.3,12358.291666666668,23.08643364134818,1
17001,15,13,4453.17,24.202010869565218,2582,14.032608695652174,342.5515384615385,86,34.25,416,United Kingdom,0.0,11.798002230339753,4453.17,3897.858633093525,36.05370571875096,0
17002,23,6,2071.34,31.866769230769233,1008,15.507692307692308,345.22333333333336,48,84.6,425,United Kingdom,0.0,11.481716009615385,2071.34,1774.7396713615026,34.6720417651541,1
17003,210,4,828.21,7.461351351351352,494,4.45045045045045,207.0525,90,58.333333333333336,176,United Kingdom,0.0,2.172957886977887,828.21,1707.890677966102,22.953989237400275,1
17004,200,2,1012.22,38.931538461538466,462,17.76923076923077,506.11,21,31.0,31,United Kingdom,0.0,0.6083158461538463,1012.22,11545.634375,23.38068463139763,1
17005,278,3,612.41,32.23210526315789,690,36.31578947368421,204.13666666666666,15,59.0,118,United Kingdom,5.263157894736842,9.865869005847953,612.41,1878.400420168067,18.68525689379593,1
17006,200,4,853.49,10.041058823529411,300,3.5294117647058822,213.3725,77,83.66666666666667,252,United Kingdom,0.0,4.751985658263305,853.49,1231.3195652173913,23.56657804907442,1
17007,9,6,680.4,16.2,397,9.452380952380953,113.39999999999999,40,47.0,235,United Kingdom,2.380952380952381,11.885109698025552,680.4,1052.3135593220338,35.41184694974752,0
17008,237,1,81.36,81.36,24,24.0,81.36,1,0.0,0,United Kingdom,0.0,0.0,81.36,29696.4,20.945438154587766,1
17009,359,1,242.06,22.005454545454544,336,30.545454545454547,242.06,10,0.0,0,United Kingdom,0.0,5.848281818181818,242.06,88351.9,13.51060499163012,1
17011,455,3,265.8,18.985714285714288,498,35.57142857142857,88.60000000000001,12,2.0,4,United Kingdom,7.142857142857142,1.4079824175824176,265.8,19403.4,7.850765098664605,1
17012,533,1,360.61,10.016944444444444,251,6.972222222222222,360.61,34,0.0,0,United Kingdom,0.0,1.4071930158730155,360.61,131622.65,2.8976869420651656,1
17013,411,2,-3224.76,-1612.38,-2,-1.0,-1612.38,1,0.0,0,United Kingdom,100.0,1407439.3088000005,-3224.76,-1177037.4000000001,10.149134937799877,1
17016,384,1,552.4,13.473170731707317,309,7.536585365853658,552.4,41,0.0,0,United Kingdom,0.0,13.52268780487805,552.4,201626.0,12.009988447664774,1
17017,8,30,2396.55,8.235567010309278,6178,21.230240549828178,79.885,105,18.678571428571427,536,United Kingdom,5.841924398625429,117274.93872794395,2396.55,1628.9399441340784,38.00271566972528,0
17018,133,5,1772.6,65.65185185185184,340,12.592592592592593,354.52,18,101.75,408,United Kingdom,0.0,2.878717948717949,1772.6,1581.9046454767724,27.832355773375472,1
17019,69,12,3279.44,5.703373913043478,2212,3.8469565217391306,273.2866666666667,308,42.90909090909091,476,United Kingdom,0.34782608695652173,3.557589097409485,3279.44,2509.424737945493,32.56054643909732,1
17020,350,2,935.62,13.559710144927536,860,12.46376811594203,467.81,64,104.0,104,United Kingdom,0.0,1.5291955669224213,935.62,3252.393333333333,14.216848092168036,1
17021,250,6,1182.22,24.629583333333333,992,20.666666666666668,197.03666666666666,35,28.8,146,United Kingdom,0.0,14.077215913120565,1182.22,2935.444217687075,20.7402340212122,1
17022,240,1,189.0,21.0,72,8.0,189.0,9,0.0,0,United Kingdom,0.0,7.646111111111109,189.0,68985.0,20.771179347004008,1
17023,225,3,800.18,16.33020408163265,530,10.816326530612244,266.72666666666663,48,139.5,280,United Kingdom,0.0,7.890070663265306,800.18,1039.3797153024911,21.936420474953696,1
17025,181,4,1152.87,34.93545454545454,789,23.90909090909091,288.2175,28,89.33333333333333,268,United Kingdom,0.0,1.6110859848484849,1152.87,1564.303159851301,24.751258863587793,1
17026,177,2,54.15,13.5375,35,8.75,27.075,4,47.0,47,United Kingdom,0.0,33.31395833333334,54.15,411.765625,24.705696680393658,0
17027,91,7,824.6,7.170434782608696,413,3.591304347826087,117.8,86,74.0,446,United Kingdom,1.7391304347826086,63.11838578184598,824.6,673.331096196868,30.51715576859488,0
17028,389,3,1593.83,16.777157894736842,856,9.010526315789473,531.2766666666666,85,69.5,140,United Kingdom,0.0,10.289126584546471,1593.83,4125.871985815603,11.989768249981642,1
17029,44,6,1779.3,63.54642857142857,1065,38.035714285714285,296.55,19,85.0,427,United Kingdom,0.0,2.348674470899471,1779.3,1517.3936915887853,33.3658671337864,0
17031,186,4,2393.5,85.48214285714286,1360,48.57142857142857,598.375,22,67.0,203,United Kingdom,0.0,0.26728505291005306,2393.5,4282.487745098039,24.548488187369205,0
17032,249,13,2129.78,8.72860655737705,1656,6.786885245901639,163.82923076923078,184,23.583333333333332,287,United Kingdom,2.8688524590163933,2272.351998116103,2129.78,2699.2003472222223,21.576072693931533,1
17033,22,3,910.75,35.02884615384615,311,11.961538461538462,303.5833333333333,22,91.5,183,United Kingdom,0.0,10.917015384615386,910.75,1806.6508152173915,34.33871627016347,1
17034,95,4,639.05,16.817105263157895,365,9.605263157894736,159.7625,31,75.0,225,United Kingdom,10.526315789473683,3.1643830014224745,639.05,1032.0940265486724,29.959121094629378,1
17035,53,5,568.39,15.361891891891892,299,8.08108108108108,113.678,29,122.25,491,United Kingdom,10.81081081081081,11.815867867867867,568.39,421.6714430894309,32.616889425767155,1
17036,191,1,176.9,14.741666666666667,76,6.333333333333333,176.9,12,0.0,0,United Kingdom,0.0,27.963390151515146,176.9,64568.5,23.761632843433272,1
17038,223,1,630.77,15.384634146341464,507,12.365853658536585,630.77,41,0.0,0,United Kingdom,0.0,6.7839545121951215,630.77,230231.05,21.845521865568347,1
17039,412,1,1954.99,44.43159090909091,689,15.659090909090908,1954.99,44,0.0,0,United Kingdom,0.0,15.487874207188161,1954.99,366939.9750000006,10.416444732091685,1
17040,358,1,13.52,13.52,8,8.0,13.52,1,0.0,0,United Kingdom,0.0,0.0,13.52,4934.8,13.552776987165958,0
17041,168,5,872.41,11.632133333333332,562,7.493333333333333,174.482,58,59.5,239,United Kingdom,1.3333333333333335,3.941464432432433,872.41,1326.7902083333333,25.62124533700293,0
17042,4,2,487.59,8.865272727272727,445,8.090909090909092,243.795,51,50.0,50,United Kingdom,0.0,4.506710572390573,487.59,3489.614705882353,35.30316064065614,0
17043,74,5,1033.07,9.477706422018349,780,7.155963302752293,206.61399999999998,97,115.5,463,United Kingdom,0.0,11.695466258919467,1033.07,812.6520474137931,31.37322205674269,0
17044,167,14,10935.07,71.94125,5199,34.203947368421055,781.0764285714286,91,30.583333333333332,373,United Kingdom,5.921052631578947,17.5820860186476,10935.07,10671.926604278075,27.40902262871069,1
17045,55,3,528.19,16.5059375,189,5.90625,176.06333333333336,29,90.0,181,United Kingdom,0.0,89.99566925403225,528.19,1059.282142857143,32.29246369218284,0
17046,252,4,1264.05,20.064285714285713,1126,17.873015873015873,316.0125,57,58.333333333333336,175,United Kingdom,0.0,2.1448439836149507,1264.05,2621.4673295454545,20.425888318846493,0
17047,13,5,1937.76,16.148,1003,8.358333333333333,387.552,98,131.25,526,United Kingdom,0.0,9.632181064425772,1937.76,1342.0918406072105,35.172005793442175,1
17048,85,9,1866.45,18.47970297029703,973,9.633663366336634,207.38333333333333,83,51.25,412,United Kingdom,4.9504950495049505,3.883810673267327,1866.45,1649.5260290556903,31.168520935678117,0
17049,22,17,5580.8,16.860422960725074,2164,6.537764350453172,328.2823529411765,210,26.5,430,United Kingdom,5.13595166163142,57.17911021697334,5580.8,4726.199535962877,36.117510743599944,0
17050,58,10,3320.46,11.94410071942446,1864,6.705035971223022,332.046,171,47.44444444444444,431,United Kingdom,0.3597122302158274,640.3691730735269,3320.46,2805.4812500000003,33.03648050625694,0
17051,2,4,706.49,4.558,507,3.270967741935484,176.6225,107,144.0,433,United Kingdom,0.0,1.5711650439882698,706.49,594.1678571428572,35.642347511491664,1
17054,15,3,918.82,17.015185185185185,544,10.074074074074074,306.27333333333337,46,18.5,37,United Kingdom,0.0,37.604849056603776,918.82,8825.507894736842,34.76673330287269,0
17055,253,1,232.85,8.955769230769231,83,3.1923076923076925,232.85,24,0.0,0,United Kingdom,0.0,6.569415384615386,232.85,84990.25,19.981150690278035,1
17056,546,1,128.60000000000002,16.075000000000003,26,3.25,128.60000000000002,8,0.0,0,United Kingdom,0.0,5.910714285714286,128.60000000000002,46939.00000000001,2.084871450856155,1
17057,404,1,294.74,5.8948,129,2.58,294.74,48,0.0,0,United Kingdom,0.0,6.940849020408162,294.74,107580.1,10.767703764860828,1
17058,7,2,819.66,16.727755102040817,455,9.285714285714286,409.83,42,40.0,40,United Kingdom,0.0,9.712914710884355,819.66,7296.973170731708,35.14744040069012,1
17059,5,8,3264.15,7.2860491071428575,2091,4.667410714285714,408.01875,250,68.71428571428571,484,United Kingdom,0.2232142857142857,4.999550502856343,3264.15,2456.525257731959,36.06847739779522,0
17060,74,1,234.24,46.848,216,43.2,234.24,5,0.0,0,United Kingdom,0.0,1.2034200000000004,234.24,85497.6,30.909226436262347,1
17061,0,8,3134.13,59.134528301886796,1008,19.0188679245283,391.76625,46,5.285714285714286,39,United Kingdom,3.7735849056603774,12.306000580551519,3134.13,28598.936250000002,36.36298767469968,0
17062,121,7,885.85,7.261065573770492,642,5.262295081967213,126.55,82,20.5,125,United Kingdom,0.819672131147541,4.061027103373527,885.85,2566.152777777778,28.69071336438257,1
17063,90,15,2464.71,15.799423076923077,1303,8.352564102564102,164.314,111,32.142857142857146,456,United Kingdom,5.769230769230769,3.423428531844499,2464.71,1968.532056892779,31.50970356347811,0
17064,135,1,143.95,6.543181818181818,72,3.272727272727273,143.95,21,0.0,0,United Kingdom,0.0,4.760091774891775,143.95,52541.74999999999,27.17771449686217,0
17065,445,2,194.7,16.224999999999998,82,6.833333333333333,97.35,6,0.0,0,United Kingdom,0.0,12.689696969696968,194.7,71065.5,8.355890155802461,0
17066,534,1,228.34,12.685555555555556,93,5.166666666666667,228.34,17,0.0,0,United Kingdom,0.0,2.1383947712418303,228.34,83344.1,2.825710996156584,1
17067,532,3,454.54,34.964615384615385,322,24.76923076923077,151.51333333333335,8,3.0,6,United Kingdom,0.0,1.433757692307692,454.54,23701.01428571429,3.1655008681221233,1
17068,12,37,6757.79,7.978500590318772,3208,3.7874852420306966,182.64297297297298,222,11.11111111111111,417,United Kingdom,0.23612750885478156,3.505967482785858,6757.79,5900.941028708135,38.815283886168636,0
17069,34,14,3832.2,18.424038461538462,2161,10.389423076923077,273.7285714285714,146,38.84615384615385,509,United Kingdom,5.769230769230769,8.473615921125978,3832.2,2742.6529411764704,34.94196312695021,0
17070,218,1,133.18,3.2482926829268295,101,2.4634146341463414,133.18,41,0.0,0,United Kingdom,0.0,2.378952804878048,133.18,48610.700000000004,22.109669796533094,0
17071,42,11,2118.61,16.814365079365082,1125,8.928571428571429,192.6009090909091,88,44.3,449,United Kingdom,4.761904761904762,8.006819555555555,2118.61,1718.4281111111113,34.01350768183797,0
17072,433,1,273.35,13.016666666666667,212,10.095238095238095,273.35,20,0.0,0,United Kingdom,0.0,4.096035714285715,273.35,99772.75000000001,8.995485118495218,1
17074,370,1,203.05,50.7625,19,4.75,203.05,4,0.0,0,United Kingdom,0.0,24.010000000000005,203.05,74113.25,12.835831981164118,1
17075,61,10,2078.23,11.113529411764706,731,3.909090909090909,207.823,140,52.0,472,United Kingdom,1.6042780748663104,8.894461531826805,2078.23,1603.708139534884,32.750718529443795,1
17076,81,5,735.87,18.86846153846154,331,8.487179487179487,147.174,27,114.75,461,United Kingdom,0.0,10.765741430499322,735.87,581.3691558441559,30.921322049140105,1
17077,386,1,306.0,306.0,36,36.0,306.0,1,0.0,0,United Kingdom,0.0,0.0,306.0,111690.0,11.867534972354255,1
17080,76,7,744.11,27.55962962962963,473,17.51851851851852,106.30142857142857,19,42.5,258,United Kingdom,3.7037037037037033,18.17158717948718,744.11,1048.649227799228,31.426257977365662,1
17081,203,4,660.48,4.586666666666667,304,2.111111111111111,165.12,121,85.66666666666667,259,United Kingdom,0.0,10.889375271950273,660.48,927.2123076923077,23.367484681252407,1
17082,126,5,3365.12,29.779823008849558,1793,15.867256637168142,673.024,74,101.0,406,United Kingdom,0.0,139.19861676675097,3365.12,3017.8594594594592,28.391252962311228,1
17083,103,10,3625.32,36.619393939393944,1740,17.575757575757574,362.53200000000004,30,47.55555555555556,432,United Kingdom,2.0202020202020203,5.547176252319107,3625.32,3055.9856812933026,30.314410077428388,0
17084,204,2,2249.97,16.91706766917293,1475,11.090225563909774,1124.985,133,0.0,0,United Kingdom,0.7518796992481203,5.970490385053543,2249.97,366939.9750000006,23.238726119892885,1
17085,58,31,7365.92,7.7536000000000005,3378,3.5557894736842104,237.61032258064517,395,15.666666666666666,482,United Kingdom,0.8421052631578947,5.048271104653097,7365.92,5566.378467908903,35.46019945073879,0
17087,545,1,221.53,18.460833333333333,113,9.416666666666666,221.53,12,0.0,0,United Kingdom,0.0,3.2752242424242426,221.53,80858.45,2.153597798894213,1
17088,61,1,1015.83,18.469636363636365,355,6.454545454545454,1015.83,55,0.0,0,United Kingdom,0.0,9.418294074074073,1015.83,366939.9750000006,31.767438826243154,0
17089,194,1,128.45,32.1125,35,8.75,128.45,4,0.0,0,United Kingdom,0.0,0.68,128.45,46884.24999999999,23.574480550043464,1
17090,35,10,1663.14,35.38595744680851,730,15.53191489361702,166.31400000000002,23,30.88888888888889,280,United Kingdom,2.127659574468085,3.1404669750231275,1663.14,2160.3064056939506,34.303732481257946,1
17091,48,17,5028.11,14.659212827988338,2644,7.708454810495627,295.7711764705882,211,30.6875,498,United Kingdom,1.749271137026239,7.079976736057833,5028.11,3677.8760521042086,34.484555362524596,0
17092,85,11,3840.63,13.667722419928825,2741,9.754448398576512,349.14818181818185,202,39.5,397,United Kingdom,1.0676156583629894,4.517618566344685,3840.63,3522.185804020101,31.53059889311136,0
17093,400,1,235.88,18.144615384615385,114,8.76923076923077,235.88,13,0.0,0,United Kingdom,0.0,7.6620397435897445,235.88,86096.2,11.007042002689465,1
17094,126,3,370.40000000000003,19.494736842105265,208,10.947368421052632,123.46666666666668,18,52.5,105,United Kingdom,5.263157894736842,5.625657894736842,370.40000000000003,1275.433962264151,27.944875446901765,1
17095,106,10,1550.24,15.348910891089108,1299,12.861386138613861,155.024,84,46.888888888888886,425,United Kingdom,3.9603960396039604,423.9864077029703,1550.24,1328.2572769953051,29.959852279912,1
17096,69,11,2770.39,16.29641176470588,1329,7.817647058823529,251.85363636363635,132,29.0,293,United Kingdom,2.3529411764705883,8.20830943612948,2770.39,3439.4297619047616,32.41899494807834,0
17097,132,3,476.58,4.004873949579832,238,2.0,158.85999999999999,97,52.5,105,Spain,0.0,9.741944737216917,476.58,1641.0537735849057,27.587345855941823,0
17098,189,3,591.0699999999999,32.837222222222216,125,6.944444444444445,197.0233333333333,10,79.5,159,United Kingdom,0.0,14.809735947712419,591.0699999999999,1348.3784374999998,24.11694958148225,1
17099,341,1,582.17,14.55425,317,7.925,582.17,40,0.0,0,United Kingdom,0.0,12.87609333333333,582.17,212492.05,14.63760016098734,1
17101,202,3,885.3199999999999,28.55870967741935,360,11.612903225806452,295.1066666666666,28,77.5,155,United Kingdom,0.0,13.465338924731185,885.3199999999999,2071.4217948717946,23.347604689544767,0
17102,69,1,25.5,25.5,2,2.0,25.5,1,0.0,0,United Kingdom,0.0,0.0,25.5,9307.5,31.197234213309983,1
17103,530,1,424.3,13.259375,471,14.71875,424.3,32,0.0,0,United Kingdom,0.0,2.447428629032259,424.3,154869.5,3.0860981035675006,1
17104,231,1,474.03,24.948947368421052,149,7.842105263157895,474.03,19,0.0,0,United Kingdom,0.0,10.034356140350875,474.03,173020.94999999998,21.344174199480367,1
17105,114,1,319.4,8.405263157894737,359,9.447368421052632,319.4,38,0.0,0,United Kingdom,0.0,6.401565931721194,319.4,116580.99999999999,28.474258456757457,0
17106,197,1,481.58,9.442745098039216,153,3.0,481.58,51,0.0,0,United Kingdom,0.0,9.651599843137255,481.58,175776.69999999998,23.42049992703609,1
17107,16,8,9350.25,21.744767441860464,4543,10.565116279069768,1168.78125,280,66.57142857142857,468,United Kingdom,1.8604651162790697,7.356344003903074,9350.25,7276.8470149253735,35.899656202599274,0
17108,471,1,174.95,19.438888888888886,31,3.4444444444444446,174.95,9,0.0,0,United Kingdom,0.0,1.724999999999999,174.95,63856.74999999999,6.667454673771862,1
17109,40,4,875.01,11.51328947368421,448,5.894736842105263,218.7525,70,88.0,265,United Kingdom,0.0,5.1337849122807,875.01,1200.6716165413534,33.33636543137432,1
17110,328,2,336.59999999999997,9.097297297297297,86,2.324324324324324,168.29999999999998,32,89.0,89,United Kingdom,0.0,14.292027027027025,336.59999999999997,1365.1,15.51046864939238,0
17111,233,1,227.97,11.99842105263158,299,15.736842105263158,227.97,19,0.0,0,United Kingdom,0.0,0.6049830409356726,227.97,83209.05,21.201748809153987,1
17112,310,1,197.57,4.203617021276596,130,2.765957446808511,197.57,44,0.0,0,United Kingdom,0.0,2.3575603145235897,197.57,72113.05,16.498382980305795,1
17113,313,8,2092.16,12.23485380116959,814,4.760233918128655,261.52,125,27.0,192,United Kingdom,7.602339181286549,11.732903247334018,2092.16,3956.6756476683936,17.168248828024733,1
17114,16,5,428.54,6.035774647887324,127,1.7887323943661972,85.708,59,31.25,126,United Kingdom,2.8169014084507045,10.910908490945667,428.54,1231.6307086614174,34.86418966982041,0
17115,34,10,2109.46,20.090095238095238,662,6.304761904761905,210.946,89,56.111111111111114,508,United Kingdom,5.714285714285714,11.966580732600734,2109.46,1512.6776031434183,34.40164986619139,0
17116,456,1,389.78,8.293191489361702,392,8.340425531914894,389.78,47,0.0,0,United Kingdom,0.0,0.936203700277521,389.78,142269.69999999998,7.600951169353093,1
17117,96,1,116.19999999999999,12.91111111111111,68,7.555555555555555,116.19999999999999,9,0.0,0,United Kingdom,0.0,14.6325,116.19999999999999,42412.99999999999,29.55637464749154,1
17118,125,1,157.02,15.702000000000002,154,15.4,157.02,10,0.0,0,United Kingdom,0.0,0.7185066666666665,157.02,57312.3,27.78929472719419,1
17120,41,1,307.46,17.08111111111111,120,6.666666666666667,307.46,18,0.0,0,United Kingdom,0.0,14.43144869281046,307.46,112222.9,32.92992663485132,1
17121,210,1,314.74,26.228333333333335,106,8.833333333333334,314.74,12,0.0,0,United Kingdom,0.0,7.70422424242424,314.74,114880.1,22.613067666463124,1
17122,196,3,432.18,18.790434782608695,288,12.521739130434783,144.06,19,55.5,111,United Kingdom,0.0,0.6157845849802371,432.18,1408.4437500000001,23.67647438022111,0
17123,247,2,631.87,18.584411764705884,430,12.647058823529411,315.935,31,133.0,133,United Kingdom,0.0,3.5392638146167563,631.87,1721.1384328358208,20.479913751113045,0
17126,107,7,1518.7,4.867628205128205,907,2.907051282051282,216.95714285714286,221,27.5,165,United Kingdom,0.3205128205128205,4.665517362313464,1518.7,3339.310240963856,29.597689460882123,0
17127,236,5,1155.0300000000002,31.217027027027033,340,9.18918918918919,231.00600000000003,27,76.0,306,United Kingdom,0.0,3.8545345345345337,1155.0300000000002,1373.2441368078178,21.493186415648793,1
17128,142,1,157.09,11.220714285714285,76,5.428571428571429,157.09,14,0.0,0,United Kingdom,0.0,7.8236884615384605,157.09,57337.85,26.75144947154577,1
17129,328,1,31.85,15.925,5,2.5,31.85,2,0.0,0,United Kingdom,0.0,6.301249999999998,31.85,11625.25,15.38579292972439,1
17130,490,1,-18.38,-18.38,-1,-1.0,-18.38,1,0.0,0,United Kingdom,100.0,0.0,-18.38,-6708.7,5.4915338962226246,1
17132,260,2,1220.9099999999999,17.195915492957745,963,13.56338028169014,610.4549999999999,62,36.0,36,United Kingdom,0.0,12.59306028169014,1220.9099999999999,12044.11216216216,19.734919366451916,1
17133,54,8,9121.52,202.70044444444446,6686,148.57777777777778,1140.19,19,54.0,382,United Kingdom,15.555555555555555,1.892410101010101,9121.52,8692.832375979113,33.56086012263277,0
17134,72,2,530.8,16.5875,122,3.8125,265.4,29,177.0,177,United Kingdom,0.0,7.701774193548384,530.8,1088.438202247191,31.155325760324317,0
17135,97,6,1072.08,9.487433628318584,856,7.575221238938053,178.67999999999998,85,57.4,289,United Kingdom,0.8849557522123894,4.213061931099873,1072.08,1349.3420689655172,30.071795479068808,1
17136,470,1,231.68,16.548571428571428,256,18.285714285714285,231.68,14,0.0,0,United Kingdom,0.0,5.5480879120879125,231.68,84563.2,6.733190797028197,1
17137,224,6,1099.81,6.585688622754491,680,4.07185628742515,183.30166666666665,125,51.8,261,United Kingdom,0.0,2.233130091623981,1099.81,1532.1780534351144,22.320728303976168,1
17138,83,7,4417.27,17.2549609375,2024,7.90625,631.0385714285715,234,65.66666666666667,397,United Kingdom,0.0,11.891611125919123,4417.27,4051.013944723619,31.30232119806031,1
17139,18,19,13596.74,25.132606284658042,6651,12.293900184842883,715.6178947368421,348,26.72222222222222,487,United Kingdom,0.5545286506469501,87.53790766824119,13596.74,10169.692827868852,37.22285580924502,0
17140,55,1,454.12,25.22888888888889,296,16.444444444444443,454.12,16,0.0,0,United Kingdom,0.0,8.257132352941177,454.12,165753.8,32.08734032066116,1
17141,226,4,727.58,4.491234567901235,423,2.611111111111111,181.895,138,88.66666666666667,266,United Kingdom,0.0,6.150170496894415,727.58,994.6318352059926,21.968875931323478,1
17142,47,4,1275.25,14.32865168539326,322,3.6179775280898876,318.8125,78,148.0,445,United Kingdom,0.0,422.9213585291112,1275.25,1043.6463004484306,32.94207598652766,1
17143,225,2,880.97,7.865803571428572,314,2.8035714285714284,440.485,82,98.0,98,United Kingdom,0.0,12.879687636743888,880.97,3248.0207070707074,21.84359147524,1
17145,273,7,3014.64,16.20774193548387,2563,13.779569892473118,430.66285714285715,168,31.666666666666668,193,United Kingdom,3.225806451612903,8.621318898575993,3014.64,5671.874226804123,19.58694830060431,1
17146,71,15,5602.49,18.368819672131146,2168,7.108196721311476,373.4993333333333,162,28.928571428571427,412,United Kingdom,1.9672131147540985,12.142903170836925,5602.49,4951.353147699758,32.92884443380478,0
17147,14,14,2327.67,20.782767857142858,930,8.303571428571429,166.26214285714286,75,37.38461538461539,491,United Kingdom,9.821428571428571,18.80586749517374,2327.67,1726.8283536585368,36.03868581505517,1
17149,259,1,143.10000000000002,23.850000000000005,18,3.0,143.10000000000002,6,0.0,0,United Kingdom,0.0,0.0,143.10000000000002,52231.50000000001,19.607436714194254,1
17150,184,6,1357.95,14.760326086956523,397,4.315217391304348,226.32500000000002,64,70.8,357,United Kingdom,0.0,13.46553626373626,1357.95,1384.502094972067,24.784053857170704,1
17151,543,1,231.90000000000003,57.97500000000001,42,10.5,231.90000000000003,4,0.0,0,United Kingdom,0.0,0.06250000000000004,231.90000000000003,84643.50000000001,2.276554513010536,1
17152,2,5,1830.5,101.69444444444444,537,29.833333333333332,366.1,9,57.5,230,United Kingdom,11.11111111111111,3.851775163398693,1830.5,2892.3484848484845,35.83469647852633,1
17155,335,5,640.76,12.089811320754716,745,14.056603773584905,128.152,31,51.75,208,United Kingdom,0.0,2.971566835994195,640.76,1119.0306220095692,15.406750181126549,0
17156,292,2,572.07,13.952926829268295,385,9.390243902439025,286.035,39,7.0,7,United Kingdom,4.878048780487805,1.6678056097560976,572.07,26100.693750000002,17.72772135076784,1
17157,288,17,4832.9,37.75703125,1920,15.0,284.2882352941176,69,15.5,255,United Kingdom,0.0,5.3421867864173205,4832.9,6890.658203124999,19.81641579947016,0
17158,40,5,1393.88,16.0216091954023,826,9.494252873563218,278.776,61,102.0,409,United Kingdom,2.2988505747126435,11.840052151831063,1393.88,1240.8931707317074,33.478728082817504,1
17159,285,2,560.71,19.3348275862069,237,8.172413793103448,280.355,27,167.0,167,United Kingdom,0.0,17.280725862068966,560.71,1218.2092261904763,18.15413340923649,0
17160,33,14,7888.400000000001,15.589723320158104,6481,12.808300395256918,563.4571428571429,184,38.76923076923077,510,United Kingdom,0.7905138339920948,1.6848059358979384,7888.400000000001,5634.571428571429,35.338067048763335,0
17161,252,1,856.01,16.46173076923077,537,10.326923076923077,856.01,52,0.0,0,United Kingdom,0.0,6.286002828054298,856.01,312443.65,20.093675571078872,1
17162,53,5,819.3100000000001,15.172407407407409,506,9.37037037037037,163.86200000000002,53,19.666666666666668,60,United Kingdom,0.0,10.602775960866527,819.3100000000001,4902.42868852459,32.63761614406079,0
17163,253,2,406.68,16.2672,465,18.6,203.34,24,229.0,229,United Kingdom,0.0,0.5981173333333334,406.68,645.3834782608697,20.095012038995108,1
17164,20,2,943.22,16.547719298245614,602,10.56140350877193,471.61,49,60.0,60,United Kingdom,0.0,3.770251002506265,943.22,5643.857377049181,34.36399602068656,0
17165,92,8,1783.63,17.316796116504854,785,7.621359223300971,222.95375,77,62.857142857142854,444,United Kingdom,2.912621359223301,10.06299520274129,1783.63,1462.9774157303373,30.63482684904113,1
17166,4,2,110.74,9.228333333333333,54,4.5,55.37,10,7.0,7,United Kingdom,16.666666666666664,4.717560606060606,110.74,5052.5125,35.27203173985526,1
17167,187,3,867.11,10.97607594936709,429,5.430379746835443,289.0366666666667,64,32.0,65,United Kingdom,0.0,7.631705063291138,867.11,4795.381060606061,24.261851406586427,1
17168,306,1,400.2,19.057142857142857,220,10.476190476190476,400.2,21,0.0,0,United Kingdom,0.0,11.445612857142857,400.2,146073.0,16.75932104902318,1
17169,368,2,313.0,12.52,140,5.6,156.5,21,17.0,17,United Kingdom,16.0,9.183975000000002,313.0,6346.944444444444,13.0665167790792,0
17170,182,3,118.98,10.816363636363636,146,13.272727272727273,39.660000000000004,9,13.0,27,United Kingdom,9.090909090909092,6.926745454545451,118.98,1550.9892857142859,24.50530400835744,1
17171,97,2,384.59,15.3836,225,9.0,192.295,25,372.0,372,United Kingdom,0.0,18.336036000000007,384.59,376.34142091152813,29.61699686486463,1
17172,235,4,597.73,22.138148148148147,719,26.62962962962963,149.4325,24,99.33333333333333,299,United Kingdom,11.11111111111111,1.080552421652422,597.73,727.2381666666668,21.408699396019156,1
17174,25,1,59.9,14.975,41,10.25,59.9,4,0.0,0,United Kingdom,0.0,0.4606250000000001,59.9,21863.5,33.88627843908425,1
17175,104,1,519.08,19.225185185185186,332,12.296296296296296,519.08,27,0.0,0,United Kingdom,0.0,2.35855754985755,519.08,189464.2,29.101253213236372,0
17176,9,3,902.3199999999999,21.483809523809523,576,13.714285714285714,300.7733333333333,37,237.5,475,United Kingdom,0.0,4.201960743321719,902.3199999999999,691.9050420168066,35.131670721413435,1
17177,313,1,119.5,4.120689655172414,40,1.3793103448275863,119.5,29,0.0,0,United Kingdom,0.0,9.529014778325122,119.5,43617.5,16.308783989180224,1
17178,539,1,432.96,13.966451612903224,100,3.225806451612903,432.96,31,0.0,0,United Kingdom,0.0,15.6001623655914,432.96,158030.4,2.537362895183518,1
17179,40,5,1283.78,9.370656934306568,543,3.9635036496350367,256.756,69,82.0,330,United Kingdom,0.0,1.7827449549162726,1283.78,1415.6486404833836,33.469633504130556,0
17180,49,13,1984.95,5.2932,1649,4.397333333333333,152.68846153846155,180,36.75,445,United Kingdom,1.6,7.050322692335114,1984.95,1624.4545964125562,33.77412152673002,1
17181,181,2,225.45000000000002,32.20714285714286,243,34.714285714285715,112.72500000000001,7,222.0,222,United Kingdom,0.0,276.21940000000006,225.45000000000002,369.0100896860987,24.47564631202515,1
17182,230,2,321.3,53.550000000000004,54,9.0,160.65,4,295.0,295,United Kingdom,0.0,0.0,321.3,396.19763513513516,21.49211080801216,1
17184,377,2,198.41000000000003,14.172142857142859,73,5.214285714285714,99.20500000000001,14,161.0,161,United Kingdom,0.0,5.084295054945057,198.41000000000003,447.03487654321,12.507600763945291,1
17185,399,3,229.46,5.215,119,2.7045454545454546,76.48666666666666,38,3.0,6,United Kingdom,0.0,1.6238623150105709,229.46,11964.7,11.266566728281068,1
17187,34,2,467.71,20.335217391304347,426,18.52173913043478,233.855,21,299.0,299,United Kingdom,0.0,7.112122529644267,467.71,569.0471666666666,33.4700166636112,1
17188,110,13,3312.04,24.716716417910447,1917,14.305970149253731,254.7723076923077,106,35.25,428,United Kingdom,7.462686567164178,8.54419991022332,3312.04,2817.9361305361303,30.159689277968454,0
17189,167,4,796.45,8.210824742268041,477,4.917525773195877,199.1125,87,125.66666666666667,378,United Kingdom,0.0,3.758050515463919,796.45,767.0296833773086,25.576518394622862,0
17190,15,6,1476.83,8.586220930232559,2058,11.965116279069768,246.13833333333332,144,87.2,437,United Kingdom,0.0,226.72019181286552,1476.83,1230.6916666666666,35.11133400673188,0
17191,88,13,3012.04,8.118706199460917,1519,4.09433962264151,231.69538461538463,209,37.75,457,United Kingdom,0.2695417789757413,7.193800109273694,3012.04,2400.424890829694,31.47800975271298,0
17192,344,1,75.28,3.7640000000000002,45,2.25,75.28,20,0.0,0,United Kingdom,0.0,7.028709473684212,75.28,27477.2,14.412579396632536,1
17193,194,3,580.14,44.62615384615385,378,29.076923076923077,193.38,13,175.5,351,United Kingdom,7.6923076923076925,23.251542307692304,580.14,601.5656250000001,23.81079642659481,0
17194,81,3,812.5,13.319672131147541,420,6.885245901639344,270.8333333333333,57,127.5,256,United Kingdom,0.0,14.902794590163937,812.5,1153.9396887159533,30.728646933823004,1
17195,463,1,562.98,18.160645161290322,486,15.67741935483871,562.98,31,0.0,0,United Kingdom,0.0,0.9635436559139786,562.98,205487.7,7.187907563334001,1
17196,235,1,327.75,3.524193548387097,154,1.6559139784946237,327.75,84,0.0,0,United Kingdom,0.0,3.9086150070126235,327.75,119628.75,21.08789080386934,1
17198,173,2,521.66,6.774805194805195,242,3.142857142857143,260.83,73,5.0,5,United Kingdom,0.0,9.373260252904986,521.66,31734.316666666666,24.988514603812217,1
17199,390,1,135.04000000000002,16.880000000000003,232,29.0,135.04000000000002,8,0.0,0,United Kingdom,0.0,0.4124696428571429,135.04000000000002,49289.600000000006,11.609212937306404,1
17200,195,4,356.71,14.2684,367,14.68,89.1775,25,88.0,264,United Kingdom,0.0,1.8351493333333335,356.71,491.3175471698113,23.830792888383726,1
17201,331,4,837.72,6.251641791044777,749,5.58955223880597,209.43,119,47.333333333333336,143,United Kingdom,0.7462686567164178,7.285524615643585,837.72,2123.3875,15.567717403869798,1
17202,228,1,160.65,20.08125,55,6.875,160.65,8,0.0,0,United Kingdom,0.0,1.2869642857142856,160.65,58637.25,21.501438287545025,1
17203,196,4,2004.01,17.734601769911503,1751,15.495575221238939,501.0025,84,0.0,0,United Kingdom,0.0,3.833533280657396,2004.01,366939.9750000006,23.905814575480946,1
17204,43,12,4958.14,28.332228571428573,2456,14.034285714285714,413.17833333333334,107,28.09090909090909,312,United Kingdom,6.857142857142858,18.52300408538589,4958.14,5781.856549520767,34.2865135054342,0
17205,224,2,615.27,27.96681818181818,1330,60.45454545454545,307.635,18,148.0,148,United Kingdom,0.0,3.4278893939393944,615.27,1507.2050335570468,21.882693947215373,1
17207,460,1,292.62,4.877,233,3.8833333333333333,292.62,55,0.0,0,United Kingdom,0.0,5.384191412429376,292.62,106806.3,7.3487252279210225,1
17208,203,1,111.15,4.8326086956521745,101,4.391304347826087,111.15,21,0.0,0,United Kingdom,0.0,1.1320786561264826,111.15,40569.75,23.023600970517673,1
17209,457,3,595.7,15.676315789473685,723,19.026315789473685,198.5666666666667,36,43.5,87,United Kingdom,0.0,4.035512091038407,595.7,2470.8011363636365,7.7559156714675295,1
17210,200,1,251.72,4.749433962264151,242,4.566037735849057,251.72,47,0.0,0,United Kingdom,0.0,0.831875471698113,251.72,91877.8,23.218362642550915,1
17211,41,12,2665.52,10.252,1546,5.946153846153846,222.12666666666667,167,40.666666666666664,493,United Kingdom,1.153846153846154,5.390055804870807,2665.52,1969.463157894737,34.219236579493646,0
17212,61,3,794.41,27.393448275862067,727,25.06896551724138,264.80333333333334,29,116.5,233,United Kingdom,0.0,5.233336206896553,794.41,1239.1438034188034,31.94815386846231,1
17213,71,16,2921.75,16.695714285714285,1212,6.925714285714286,182.609375,96,30.733333333333334,468,United Kingdom,9.714285714285714,13.132645464696223,2921.75,2273.8566098081023,32.806910037904125,0
17214,57,4,611.97,9.133880597014926,177,2.6417910447761193,152.9925,56,36.0,110,United Kingdom,0.0,13.936961646313879,611.97,2012.333783783784,32.276786528148016,1
17215,272,1,186.15,16.922727272727272,104,9.454545454545455,186.15,11,0.0,0,United Kingdom,0.0,1.9321363636363635,186.15,67944.75,18.817341975152665,1
17216,362,1,63.6,4.892307692307693,21,1.6153846153846154,63.6,13,0.0,0,United Kingdom,0.0,5.280576923076924,63.6,23214.0,13.312713495923411,1
17217,42,2,210.1,7.781481481481482,93,3.4444444444444446,105.05,27,385.0,385,United Kingdom,0.0,2.5062179487179486,210.1,198.66968911917098,32.96033684355272,1
17218,22,13,2883.0,8.580357142857142,1505,4.479166666666667,221.76923076923077,193,38.666666666666664,469,United Kingdom,0.0,7.7884709168443464,2883.0,2238.9255319148933,35.4966547045078,1
17219,224,1,144.9,5.796,99,3.96,144.9,24,0.0,0,United Kingdom,0.0,1.1147156666666667,144.9,52888.5,21.744337536156532,1
17220,14,12,2732.59,6.970892857142857,1461,3.7270408163265305,227.71583333333334,277,43.63636363636363,482,United Kingdom,0.0,4.517247546844824,2732.59,2065.0007246376813,35.87312840398093,0
17221,399,3,642.14,10.357096774193549,426,6.870967741935484,214.04666666666665,58,7.5,15,United Kingdom,0.0,6.431842411422528,642.14,14648.81875,11.300655290792704,1
17222,285,5,1250.86,14.716,735,8.647058823529411,250.17199999999997,71,55.0,220,United Kingdom,0.0,11.549512801120448,1250.86,2065.8999999999996,18.509649259577913,1
17223,118,3,558.04,8.087536231884057,155,2.246376811594203,186.01333333333332,62,32.0,64,United Kingdom,0.0,23.675612404092053,558.04,3133.6092307692306,28.448775542430496,1
17224,309,1,100.86,12.6075,65,8.125,100.86,8,0.0,0,United Kingdom,0.0,182.2350500000001,100.86,36813.9,16.551444515426564,1
17225,389,1,131.15,26.23,36,7.2,131.15,5,0.0,0,United Kingdom,0.0,5.0655,131.15,47869.75,11.669941673096773,1
17226,116,3,895.47,15.177457627118644,853,14.457627118644067,298.49,51,178.0,356,United Kingdom,0.0,6.206418176504967,895.47,915.5365546218488,28.59874835922942,1
17227,64,8,1305.76,15.732048192771083,1132,13.63855421686747,163.22,47,61.714285714285715,436,United Kingdom,0.0,1.1233921539817808,1305.76,1090.6233409610984,32.30475511323727,0
17228,15,9,1601.52,7.96776119402985,1433,7.129353233830845,177.94666666666666,132,53.25,429,United Kingdom,0.0,2.7673634079601976,1601.52,1359.4297674418606,35.42014122433648,1
17230,72,23,9159.45,40.89040178571429,3649,16.290178571428573,398.23695652173916,141,20.90909090909091,467,United Kingdom,3.125,10.723782671364516,9159.45,7143.588141025642,33.95762946495376,1
17231,23,27,5184.47,5.63529347826087,2587,2.8119565217391305,192.0174074074074,415,19.5,516,United Kingdom,1.3043478260869565,8.495514635000234,5184.47,3660.2157640232112,37.01874755298558,0
17233,256,2,369.98,11.211515151515153,167,5.0606060606060606,184.99,32,276.0,276,United Kingdom,0.0,9.810934090909088,369.98,487.5187725631769,19.90883032961594,1
17235,180,7,1354.82,19.35457142857143,747,10.67142857142857,193.54571428571427,41,29.666666666666668,180,United Kingdom,0.0,8.074793291925465,1354.82,2732.0955801104974,25.12749804187328,1
17236,50,10,1576.95,14.876886792452831,647,6.10377358490566,157.695,81,44.111111111111114,400,United Kingdom,0.0,17.045997951482484,1576.95,1435.3784289276807,33.38086202202812,0
17237,183,2,679.44,11.324000000000002,309,5.15,339.72,58,6.0,6,United Kingdom,0.0,7.001082598870055,679.44,35427.94285714286,24.391047078009404,1
17238,14,23,4959.82,6.108152709359605,2342,2.8842364532019706,215.64434782608694,397,23.818181818181817,532,United Kingdom,0.0,6.31946913437768,4959.82,3396.499624765478,37.15163141193285,0
17239,120,6,1174.15,34.53382352941177,513,15.088235294117647,195.6916666666667,19,82.8,416,United Kingdom,5.88235294117647,8.52457442067736,1174.15,1027.7332134292567,28.676075352361334,1
17240,404,1,130.6,18.657142857142855,108,15.428571428571429,130.6,7,0.0,0,United Kingdom,0.0,0.9090476190476191,130.6,47669.0,10.75414532575387,1
17241,193,12,2736.64,16.097882352941177,859,5.052941176470588,228.0533333333333,116,24.636363636363637,276,United Kingdom,0.0,11.062651169509227,2736.64,3606.0418772563175,24.945502017742815,1
17242,264,3,1754.24,39.86909090909091,848,19.272727272727273,584.7466666666667,27,113.5,228,United Kingdom,0.0,1.07516511627907,1754.24,2796.059388646288,19.634276211549665,0
17243,44,63,14277.58,16.916563981042653,5640,6.682464454976303,226.62825396825397,299,7.67741935483871,501,United Kingdom,2.132701421800948,9.006647090901934,14277.58,10381.108964143426,40.0699030293866,0
17244,191,4,871.14,9.78808988764045,803,9.02247191011236,217.785,85,116.66666666666667,350,United Kingdom,0.0,8.786475868232895,871.14,905.8863247863247,24.117486539613292,1
17245,12,2,371.63,14.8652,307,12.28,185.815,24,484.0,484,United Kingdom,0.0,2.237287333333333,371.63,279.68030927835053,34.8051815206068,1
17246,354,2,38.92,6.486666666666667,36,6.0,19.46,6,191.0,191,United Kingdom,0.0,12.689029999999999,38.92,73.98854166666668,13.898577832449268,1
17248,289,1,181.89000000000001,5.1968571428571435,63,1.8,181.89000000000001,34,0.0,0,United Kingdom,0.0,3.6923584873949586,181.89000000000001,66389.85,17.779139048970958,0
17249,236,1,68.03,2.51962962962963,79,2.925925925925926,68.03,27,0.0,0,United Kingdom,0.0,0.8213871794871798,68.03,24830.95,21.00538711905384,1
17250,69,1,162.65,7.071739130434783,70,3.0434782608695654,162.65,23,0.0,0,United Kingdom,0.0,15.291551383399213,162.65,59367.25,31.20856320029377,1
17251,170,4,790.28,9.878499999999999,375,4.6875,197.57,65,120.66666666666667,362,United Kingdom,2.5,4.57202936708861,790.28,794.6341597796144,25.39285855161347,1
17254,209,1,198.29,5.508055555555555,146,4.055555555555555,198.29,36,0.0,0,United Kingdom,0.0,2.211271111111112,198.29,72375.84999999999,22.664498620446015,1
17255,107,3,598.48,4.127448275862069,429,2.9586206896551723,199.49333333333334,131,73.0,146,United Kingdom,0.0,4.835439703065132,598.48,1486.0217687074833,29.123666675035665,1
17256,120,4,386.83,14.327037037037037,226,8.37037037037037,96.7075,18,95.66666666666667,288,United Kingdom,0.0,0.518639601139601,386.83,488.5569204152249,28.412035466321328,0
17257,244,2,189.78,13.555714285714286,187,13.357142857142858,94.89,14,0.0,0,United Kingdom,0.0,2.104141208791209,189.78,69269.7,20.626546020623678,1
17258,204,2,417.3,7.587272727272728,188,3.418181818181818,208.65,46,268.0,268,United Kingdom,0.0,1.5925387205387205,417.3,566.2249070631971,23.087342273187932,1
17259,176,5,1239.11,6.321989795918367,712,3.63265306122449,247.82199999999997,159,71.25,286,United Kingdom,0.0,6.8895857953950825,1239.11,1575.8716027874564,25.163135330023923,0
17260,219,1,120.95,20.158333333333335,23,3.8333333333333335,120.95,6,0.0,0,United Kingdom,0.0,217.7404166666667,120.95,44146.75,22.04760950208302,1
17261,317,1,221.59,5.153255813953488,95,2.2093023255813953,221.59,43,0.0,0,United Kingdom,0.0,4.448914285714285,221.59,80880.35,16.073016674481803,1
17262,35,10,2190.76,128.86823529411765,595,35.0,219.07600000000002,10,55.0,497,United Kingdom,0.0,14.665949264705882,2190.76,1605.6775100401605,34.347315420466025,1
17263,16,1,63.440000000000005,2.7582608695652175,36,1.565217391304348,63.440000000000005,23,0.0,0,United Kingdom,0.0,2.446093675889328,63.440000000000005,23155.600000000002,34.436021402781414,1
17264,232,1,268.28,3.625405405405405,217,2.9324324324324325,268.28,70,0.0,0,United Kingdom,0.0,4.082404738985564,268.28,97922.2,21.266128592882257,1
17266,307,2,205.14,4.459565217391304,90,1.9565217391304348,102.57,43,141.0,141,United Kingdom,0.0,7.046790531400965,205.14,527.2964788732395,16.781660954929702,0
17268,51,9,1246.73,47.951153846153844,935,35.96153846153846,138.52555555555557,24,60.75,487,United Kingdom,0.0,10.304257999999999,1246.73,932.492725409836,33.19303234558658,0
17269,193,1,491.81,3.93448,314,2.512,491.81,110,0.0,0,United Kingdom,0.0,5.140352296774194,491.81,179510.65,23.6655451988473,1
17270,277,2,601.4499999999999,12.530208333333333,420,8.75,300.72499999999997,45,262.0,262,United Kingdom,0.0,11.88163257978723,601.4499999999999,834.7119771863117,18.645899139559834,1
17271,544,1,204.3,4.2562500000000005,113,2.3541666666666665,204.3,46,0.0,0,United Kingdom,0.0,6.508224423758867,204.3,74569.5,2.2132246120716474,1
17272,4,3,1405.34,17.349876543209877,1159,14.308641975308642,468.44666666666666,59,32.5,66,United Kingdom,2.4691358024691357,4.825550771604938,1405.34,7655.95671641791,35.47847193466655,1
17273,232,1,141.12,11.76,133,11.083333333333334,141.12,12,0.0,0,United Kingdom,0.0,2.3732878787878793,141.12,51508.8,21.255624808814748,1
17274,203,1,465.4,8.95,194,3.730769230769231,465.4,52,0.0,0,United Kingdom,0.0,4.433729260935143,465.4,169871.0,23.052863045902345,1
17275,191,1,114.1,4.960869565217391,71,3.0869565217391304,114.1,23,0.0,0,United Kingdom,0.0,21.217988537549402,114.1,41646.5,23.756445381657244,1
17276,207,2,445.44,7.954285714285715,182,3.25,222.72,50,2.0,2,United Kingdom,5.357142857142857,10.987479707792206,445.44,54195.2,22.906516535489615,1
17277,35,2,1065.3500000000001,15.43985507246377,430,6.231884057971015,532.6750000000001,67,95.0,95,United Kingdom,0.0,5.5886018329070755,1065.3500000000001,4050.5494791666674,33.4583333964437,1
17278,49,2,271.24,15.955294117647059,195,11.470588235294118,135.62,17,323.0,323,United Kingdom,0.0,87.62380147058825,271.24,305.5635802469136,32.53803675717341,1
17280,246,1,118.85999999999999,19.81,74,12.333333333333334,118.85999999999999,6,0.0,0,United Kingdom,0.0,0.28955999999999993,118.85999999999999,43383.899999999994,20.39908521368182,1
17281,182,6,797.8499999999999,132.975,295,49.166666666666664,132.975,2,59.2,299,United Kingdom,0.0,0.23466666666666666,797.8499999999999,970.7174999999999,24.859888098048646,1
17282,107,3,1346.98,6.94319587628866,1072,5.525773195876289,448.99333333333334,167,124.0,248,United Kingdom,0.0,7.686874867795526,1346.98,1974.4887550200804,29.185494941585926,0
17283,186,1,188.46,12.564,179,11.933333333333334,188.46,15,0.0,0,United Kingdom,0.0,6.287683809523808,188.46,68787.90000000001,24.06783803814426,1
17284,43,6,1609.8899999999999,6.264163424124513,1476,5.743190661478599,268.315,225,41.6,209,United Kingdom,0.7782101167315175,594.4553758602864,1609.8899999999999,2798.142142857143,33.41292343847537,0
17285,436,2,407.94,9.271363636363636,134,3.0454545454545454,203.97,41,34.0,34,United Kingdom,0.0,14.103748837209299,407.94,4254.231428571428,8.922954946481036,1
17286,208,2,237.81,5.169782608695653,251,5.456521739130435,118.905,46,0.0,0,United Kingdom,0.0,2.090219565217391,237.81,86800.65,22.8283156354498,1
17287,13,20,3261.89,8.385321336760924,1635,4.203084832904884,163.09449999999998,243,27.57894736842105,530,United Kingdom,0.5141388174807198,18.27623257360932,3261.89,2242.1654425612055,36.77392007759938,0
17288,15,9,1714.5,9.85344827586207,1160,6.666666666666667,190.5,139,22.875,186,United Kingdom,0.0,8.941329466480635,1714.5,3346.4839572192514,35.42947369935966,1
17289,184,7,1109.53,6.806932515337423,723,4.435582822085889,158.50428571428571,130,43.666666666666664,265,United Kingdom,0.6134969325153374,7.602948534423998,1109.53,1522.4753759398495,24.86303613367556,0
17290,189,6,974.95,9.749500000000001,742,7.42,162.49166666666667,96,68.4,344,United Kingdom,0.0,6.301975515151515,974.95,1031.46884057971,24.447166643318198,1
17291,116,1,550.8000000000001,550.8000000000001,72,72.0,550.8000000000001,1,0.0,0,United Kingdom,0.0,0.0,550.8000000000001,201042.00000000003,28.3712726444499,1
17292,280,2,271.75,18.116666666666667,131,8.733333333333333,135.875,14,107.0,107,United Kingdom,0.0,10.805326666666664,271.75,918.4143518518518,18.43551478208551,1
17293,116,10,2365.92,17.656119402985077,1396,10.417910447761194,236.592,91,47.0,428,United Kingdom,0.0,5.303526495342834,2365.92,2012.962237762238,29.41672919841568,0
17294,477,2,467.78999999999996,27.51705882352941,297,17.470588235294116,233.89499999999998,17,0.0,0,United Kingdom,0.0,8.518098529411764,467.78999999999996,170743.34999999998,6.424846226665718,1
17296,538,1,338.13,10.246363636363636,216,6.545454545454546,338.13,32,0.0,0,United Kingdom,0.0,19.99857102272728,338.13,123417.45,2.5905797237459893,1
17298,182,4,450.8,11.27,453,11.325,112.7,38,89.0,267,United Kingdom,2.5,1.474248141025641,450.8,613.9626865671642,24.632215788380165,0
17299,247,2,336.62,5.803793103448276,251,4.327586206896552,168.31,52,41.0,41,United Kingdom,0.0,1.0435177555958866,336.62,2925.388095238095,20.455525246505214,0
17300,198,2,393.64,8.946363636363635,467,10.613636363636363,196.82,37,90.0,90,United Kingdom,0.0,4.430080073995771,393.64,1578.8857142857144,23.451688255003887,1
17301,432,1,131.15,2.428703703703704,79,1.462962962962963,131.15,52,0.0,0,United Kingdom,0.0,0.7388539482879104,131.15,47869.75,9.044789047944148,1
17302,16,2,303.12,8.660571428571428,190,5.428571428571429,151.56,35,97.0,97,United Kingdom,0.0,1.2315549579831933,303.12,1128.9673469387756,34.55532215210281,0
17303,169,1,250.04,4.717735849056604,144,2.7169811320754715,250.04,53,0.0,0,United Kingdom,0.0,9.147604862119012,250.04,91264.59999999999,25.110775762240007,1
17304,342,1,111.5,22.3,73,14.6,111.5,5,0.0,0,United Kingdom,0.0,9.319120000000002,111.5,40697.5,14.53767139557227,1
17305,456,1,2135.46,237.27333333333334,1006,111.77777777777777,2135.46,9,0.0,0,United Kingdom,0.0,4.52365,2135.46,366939.9750000006,7.745149390263516,1
17306,12,11,4329.900000000001,135.30937500000002,7254,226.6875,393.6272727272728,11,19.6,199,United Kingdom,6.25,0.5670507056451614,4329.900000000001,7902.067500000001,36.027668467968944,0
17307,173,15,3378.31,64.9675,3233,62.17307692307692,225.22066666666666,24,22.857142857142858,323,United Kingdom,7.6923076923076925,3.525064668174963,3378.31,3805.8121913580244,26.518014500758998,1
17308,201,2,4511.76,644.5371428571428,5148,735.4285714285714,2255.88,5,59.0,59,United Kingdom,0.0,0.2920571428571428,4511.76,27446.54,23.608706703845613,1
17309,189,2,237.64000000000001,9.901666666666667,140,5.833333333333333,118.82000000000001,22,291.0,291,United Kingdom,0.0,12.166414492753619,237.64000000000001,297.05,23.988252752908902,1
17310,195,2,1025.1,512.55,402,201.0,512.55,1,147.0,147,United Kingdom,0.0,0.0,1025.1,2528.1182432432433,23.686998861929393,1
17311,124,6,2662.27,27.166020408163266,2114,21.571428571428573,443.71166666666664,93,71.0,357,United Kingdom,2.0408163265306123,12.141459120555437,2662.27,2714.325558659218,28.554798127558243,1
17314,62,16,2776.4900000000002,14.927365591397852,1713,9.209677419354838,173.53062500000001,117,33.857142857142854,482,United Kingdom,15.053763440860216,7.747507611159544,2776.4900000000002,2098.1756728778473,33.3443616908963,0
17315,9,28,5888.64,11.848370221327968,2888,5.810865191146881,210.30857142857144,314,8.407407407407407,236,United Kingdom,1.6096579476861168,5.768046568929706,5888.64,9069.00253164557,38.03111737548469,0
17316,228,1,124.45,3.5557142857142856,44,1.2571428571428571,124.45,35,0.0,0,United Kingdom,0.0,1.5061890756302518,124.45,45424.25,21.498448062763302,1
17318,533,1,157.32999999999998,9.25470588235294,59,3.4705882352941178,157.32999999999998,17,0.0,0,United Kingdom,0.0,7.2559941176470595,157.32999999999998,57425.45,2.880895425666587,1
17319,477,1,29.1,9.700000000000001,14,4.666666666666667,29.1,3,0.0,0,United Kingdom,0.0,0.007499999999999996,29.1,10621.5,6.289106675305358,1
17320,44,5,2154.33,16.96322834645669,1014,7.984251968503937,430.866,67,112.0,450,United Kingdom,0.0,8.499822784651917,2154.33,1743.5264966740574,33.29734320975707,1
17321,202,4,1008.05,5.860755813953488,426,2.4767441860465116,252.0125,159,60.666666666666664,183,United Kingdom,0.0,17.777463729090176,1008.05,1999.6644021739128,23.45724503035173,1
17322,184,7,900.64,5.003555555555556,624,3.466666666666667,128.66285714285715,115,59.833333333333336,360,United Kingdom,1.6666666666666667,1.871817641216635,900.64,910.6193905817174,24.84578121503871,1
17323,23,8,930.54,4.517184466019417,910,4.41747572815534,116.3175,121,68.71428571428571,483,United Kingdom,0.9708737864077669,0.6989816173336493,930.54,701.7502066115702,34.77681335820696,0
17324,139,11,1733.82,15.208947368421052,1212,10.631578947368421,157.62,85,38.6,389,United Kingdom,0.8771929824561403,5.636975283341098,1733.82,1622.6776923076923,28.059866992198653,1
17325,88,3,609.5699999999999,15.629999999999999,465,11.923076923076923,203.18999999999997,39,180.0,361,United Kingdom,0.0,20.21669446693658,609.5699999999999,614.6216850828729,30.284533901087087,1
17326,216,2,312.35,3.631976744186047,136,1.5813953488372092,156.175,82,121.0,121,United Kingdom,0.0,7.375478303693567,312.35,934.4897540983608,22.34607236680704,1
17327,217,2,152.35,38.0875,59,14.75,76.175,3,152.0,152,United Kingdom,0.0,16.040899999999997,152.35,363.44934640522877,22.27180584263334,1
17328,481,1,104.7,17.45,86,14.333333333333334,104.7,6,0.0,0,United Kingdom,0.0,4.026666666666666,104.7,38215.5,6.051151209931031,1
17329,123,4,718.78,8.26183908045977,355,4.080459770114943,179.695,73,140.0,420,United Kingdom,0.0,2.9533054798182303,718.78,623.1703087885985,28.256305314007964,1
17330,352,2,59.900000000000006,29.950000000000003,2,1.0,29.950000000000003,2,103.0,103,United Kingdom,0.0,800.0000000000001,59.900000000000006,210.22596153846158,14.022410963276476,1
17332,336,5,838.27,8.823894736842105,794,8.357894736842105,167.654,82,31.5,128,United Kingdom,0.0,7.388535341545354,838.27,2371.8492248062016,15.36201501777367,1
17334,109,4,634.73,19.8353125,565,17.65625,158.6825,20,34.666666666666664,105,United Kingdom,3.125,9.407616834677418,634.73,2185.6268867924528,29.10406339542418,1
17335,191,2,497.04,13.806666666666667,210,5.833333333333333,248.52,34,300.0,300,United Kingdom,0.0,7.463859999999998,497.04,602.7229235880399,23.887579821647964,1
17336,280,1,81.12,81.12,48,48.0,81.12,1,0.0,0,United Kingdom,0.0,0.0,81.12,29608.800000000003,18.320265704740454,1
17337,19,5,1873.51,3.5822370936902486,1194,2.2829827915869982,374.702,421,24.5,99,United Kingdom,0.7648183556405354,5.44811658058798,1873.51,6838.3115,34.80039819116872,0
17338,13,15,8942.39,9.422961011591148,4299,4.530031612223393,596.1593333333333,479,30.571428571428573,433,United Kingdom,0.21074815595363539,4.300475723501974,8942.39,7520.673617511521,36.745633382124744,0
17339,173,3,60.0,10.0,16,2.6666666666666665,20.0,5,71.5,144,United Kingdom,16.666666666666664,0.17066666666666658,60.0,151.0344827586207,25.049882639089045,1
17340,0,19,12536.4,26.1175,6676,13.908333333333333,659.8105263157895,245,29.5,538,United Kingdom,3.958333333333333,152.0178893458595,12536.4,8489.398886827457,38.2341697549679,0
17341,174,3,1006.53,5.083484848484848,634,3.202020202020202,335.51,180,86.5,173,United Kingdom,0.0,3.55560491206481,1006.53,2111.3991379310346,25.067018695791575,0
17342,182,7,1155.8400000000001,28.896000000000004,499,12.475,165.12000000000003,31,48.666666666666664,295,United Kingdom,12.5,129.44314128205124,1155.8400000000001,1425.2756756756758,24.988961595821028,1
17343,163,6,1259.94,15.74925,454,5.675,209.99,61,75.8,380,United Kingdom,0.0,12.204378227848105,1259.94,1207.0291338582676,26.058009229529816,1
17344,536,2,286.24,7.736216216216216,133,3.5945945945945947,143.12,36,0.0,0,United Kingdom,2.7027027027027026,6.3706503003003006,286.24,104477.6,2.8078960692115165,1
17345,4,10,1072.02,6.700125,1669,10.43125,107.202,138,60.0,541,United Kingdom,8.125,4.435820817610062,1072.02,721.9322878228782,36.14745615079957,1
17346,12,16,3159.42,5.43790017211704,2308,3.972461273666093,197.46375,349,25.866666666666667,395,United Kingdom,0.0,7.082425415158167,3159.42,2912.0916666666667,36.42849586979894,0
17348,105,5,1445.84,5.435488721804511,1567,5.890977443609023,289.168,206,85.0,341,United Kingdom,0.0,2.9499543268548716,1445.84,1543.0748538011696,29.51476616096294,1
17349,188,4,674.16,8.755324675324674,670,8.7012987012987,168.54,66,83.0,251,United Kingdom,0.0,2.5373273752563232,674.16,976.4619047619046,24.284365604600392,0
17350,202,3,612.381,8.388780821917807,408,5.589041095890411,204.12699999999998,65,140.5,282,United Kingdom,0.0,11.142019625570777,612.381,789.8200176678445,23.32505913811663,1
17351,81,10,1599.68,35.54844444444445,298,6.622222222222222,159.96800000000002,30,50.22222222222222,455,United Kingdom,0.0,6.428818181818184,1599.68,1280.4456140350878,31.490187693268727,0
17352,504,1,36.25,7.25,15,3.0,36.25,5,0.0,0,United Kingdom,0.0,3.7399999999999998,36.25,13231.25,4.641345637649546,1
17353,221,5,1415.55,157.28333333333333,936,104.0,283.11,7,67.0,269,United Kingdom,33.33333333333333,5.280000000000001,1415.55,1913.6138888888888,22.430457037480764,0
17354,236,3,1740.8999999999999,20.481176470588235,1525,17.941176470588236,580.3,73,0.0,0,United Kingdom,0.0,5.1259178431372545,1740.8999999999999,366939.9750000006,21.342575998338436,1
17355,194,1,273.31,8.282121212121211,249,7.545454545454546,273.31,28,0.0,0,United Kingdom,0.0,3.6199558712121203,273.31,99758.15,23.58644640534403,1
17356,119,5,946.47,11.00546511627907,925,10.755813953488373,189.294,73,93.75,376,United Kingdom,0.0,1.1654205882352944,946.47,916.3436339522547,28.618815898824277,1
17358,111,5,861.01,5.8973287671232875,430,2.9452054794520546,172.202,126,87.25,350,United Kingdom,0.0,6.87971552196504,861.01,895.3522792022792,29.10015714385885,1
17359,456,1,156.6,6.808695652173912,76,3.3043478260869565,156.6,23,0.0,0,United Kingdom,0.0,10.054990118577074,156.6,57159.0,7.581689826408286,1
17360,193,4,602.32,5.736380952380953,295,2.8095238095238093,150.58,90,16.0,48,United Kingdom,0.9523809523809524,19.583039743589744,602.32,4486.669387755102,23.973181107407573,0
17361,99,3,428.59000000000003,14.77896551724138,235,8.10344827586207,142.86333333333334,27,192.0,384,United Kingdom,0.0,4.064557881773401,428.59000000000003,406.32558441558444,29.598033757685695,0
17362,47,8,1010.54,6.921506849315068,547,3.7465753424657535,126.3175,99,65.71428571428571,463,United Kingdom,1.36986301369863,13.55142392064242,1010.54,794.9290948275861,33.31822012456731,1
17363,203,3,920.46,26.298857142857145,499,14.257142857142858,306.82,34,3.0,6,United Kingdom,0.0,5.2593781512605045,920.46,47995.41428571429,23.289457294208233,1
17364,12,25,9209.82,13.270634005763688,5989,8.629682997118156,368.39279999999997,388,21.541666666666668,527,United Kingdom,0.7204610951008645,370.50091182990946,9209.82,6366.636931818181,37.823798810878905,0
17365,7,12,5290.97,9.798092592592592,5267,9.753703703703703,440.9141666666667,313,42.90909090909091,477,United Kingdom,0.3703703703703704,3.6221648237476805,5290.97,4040.175836820084,36.5118084246204,0
17366,200,3,1075.59,8.148409090909091,503,3.8106060606060606,358.53,120,31.5,63,United Kingdom,0.7575757575757576,6.945743765903309,1075.59,6134.22421875,23.485421664385726,1
17367,46,1,167.55,5.077272727272728,149,4.515151515151516,167.55,33,0.0,0,United Kingdom,0.0,2.9238859848484857,167.55,61155.75000000001,32.61311935862833,1
17368,67,11,1155.44,6.454972067039106,1307,7.301675977653631,105.04,139,46.0,464,United Kingdom,10.05586592178771,7.059638089259937,1155.44,906.9582795698925,32.40769552566899,0
17369,263,1,979.1999999999999,979.1999999999999,1152,1152.0,979.1999999999999,1,0.0,0,United Kingdom,0.0,0.0,979.1999999999999,357408.0,19.432300750104456,1
17371,169,4,329.11,5.06323076923077,169,2.6,82.2775,62,123.33333333333333,370,United Kingdom,0.0,6.278321490384615,329.11,323.7874663072776,25.415814635796483,1
17372,51,27,3699.05,6.725545454545455,1481,2.692727272727273,137.00185185185185,352,18.46153846153846,492,United Kingdom,2.181818181818182,7.041229798310978,3699.05,2738.6475659229213,35.18664585200194,0
17373,120,4,665.83,13.055490196078432,419,8.215686274509803,166.4575,44,111.66666666666667,336,United Kingdom,0.0,1.6346619607843138,665.83,721.1511869436202,28.43508167389317,0
17374,26,4,711.21,16.539767441860466,153,3.558139534883721,177.8025,34,58.333333333333336,176,United Kingdom,2.3255813953488373,6.423003875968993,711.21,1466.6194915254239,34.17753593195235,1
17375,7,4,660.55,7.6808139534883715,480,5.5813953488372094,165.1375,77,77.0,232,United Kingdom,0.0,6.236895704514366,660.55,1034.767167381974,35.333302429266986,0
17376,119,3,356.29,8.0975,193,4.386363636363637,118.76333333333334,37,105.0,211,United Kingdom,0.0,6.008011997885837,356.29,613.423820754717,28.371060347410477,1
17377,63,78,14715.57,10.254752613240418,5911,4.119163763066202,188.66115384615384,431,5.921052631578948,481,United Kingdom,1.3937282229965158,25.62810702452633,14715.57,11143.533298755186,40.43866842464028,0
17378,182,2,0.0,0.0,0,0.0,0.0,1,0.0,0,United Kingdom,50.0,0.0,0.0,0.0,24.395973428404943,1
17380,242,4,643.75,58.52272727272727,251,22.818181818181817,160.9375,5,32.666666666666664,100,United Kingdom,9.090909090909092,1.8015,643.75,2326.4232673267325,20.98515035387466,1
17381,11,25,29941.17,232.1020930232558,33745,261.5891472868217,1197.6468,49,13.833333333333334,344,United Kingdom,0.0,2.934761954941859,29941.17,31676.89,39.59731838929257,0
17382,243,7,836.88,52.305,432,27.0,119.55428571428571,14,22.0,133,United Kingdom,0.0,1.995322916666667,836.88,2279.561194029851,21.238560852530338,1
17383,261,1,110.69999999999999,55.349999999999994,12,6.0,110.69999999999999,2,0.0,0,United Kingdom,0.0,37.84499999999999,110.69999999999999,40405.49999999999,19.482660258311597,1
17384,27,2,398.8,49.85,76,9.5,199.4,7,248.0,248,United Kingdom,0.0,4.7855357142857144,398.8,584.5863453815261,33.89167492550007,1
17386,193,1,126.35000000000001,12.635000000000002,53,5.3,126.35000000000001,10,0.0,0,United Kingdom,0.0,0.42469444444444443,126.35000000000001,46117.75,23.635357145015025,0
17388,19,9,2179.01,51.88119047619048,2207,52.54761904761905,242.11222222222224,29,64.25,518,United Kingdom,0.0,6.18806457607433,2179.01,1532.4444123314065,35.22364332569417,0
17389,7,51,27783.27,95.14818493150685,11132,38.12328767123287,544.77,58,10.34,536,United Kingdom,4.10958904109589,423.99324244221646,27783.27,18884.34553072626,42.250334524019145,0
17390,228,1,149.3,12.441666666666668,49,4.083333333333333,149.3,12,0.0,0,United Kingdom,0.0,1.029602272727273,149.3,54494.50000000001,21.50050074469219,1
17392,114,3,585.92,8.370285714285714,450,6.428571428571429,195.30666666666664,66,71.5,143,United Kingdom,0.0,23.54592430641823,585.92,1485.1444444444444,28.695278755330033,1
17393,218,2,381.15,7.940625,238,4.958333333333333,190.575,45,77.0,77,United Kingdom,0.0,7.591348758865247,381.15,1783.5865384615383,22.22965532385008,1
17394,27,1,203.86999999999998,50.967499999999994,241,60.25,203.86999999999998,4,0.0,0,United Kingdom,0.0,18.980891666666665,203.86999999999998,74412.54999999999,33.776070655708565,1
17395,316,1,97.5,32.5,66,22.0,97.5,3,0.0,0,United Kingdom,0.0,2.083333333333333,97.5,35587.5,16.12381654235054,1
17396,179,9,1243.8,42.88965517241379,332,11.448275862068966,138.2,11,8.125,69,United Kingdom,20.689655172413794,1.850060098522168,1243.8,6485.528571428571,25.37838250469781,0
17397,224,1,516.87,11.486,441,9.8,516.87,44,0.0,0,United Kingdom,0.0,7.950210909090908,516.87,188657.55,21.77506333483215,1
17398,18,2,528.45,17.046774193548387,259,8.35483870967742,264.225,26,44.0,44,United Kingdom,0.0,13.807698279569893,528.45,4286.316666666667,34.45183494022549,0
17399,348,1,-25111.09,-25111.09,-1,-1.0,-25111.09,1,0.0,0,United Kingdom,100.0,0.0,-25111.09,-9165547.85,12.087912087912088,1
17400,18,7,3832.06,10.32900269541779,1698,4.576819407008086,547.4371428571428,278,85.0,512,United Kingdom,0.0,7.558200955780584,3832.06,2726.5144249512673,35.22223512641064,0
17401,349,1,114.85,9.570833333333333,34,2.8333333333333335,114.85,11,0.0,0,United Kingdom,0.0,6.022481060606061,114.85,41920.25,14.110597687918494,1
17402,41,17,2751.93,18.104802631578945,920,6.052631578947368,161.87823529411764,100,32.266666666666666,489,United Kingdom,1.9736842105263157,14.301863297316137,2751.93,2049.9070408163266,34.723886733420294,0
17403,258,1,118.95,9.15,77,5.923076923076923,118.95,13,0.0,0,United Kingdom,0.0,64.65730641025641,118.95,43416.75,19.66649191534159,1
17404,19,18,28191.62,149.16201058201057,32149,170.1005291005291,1566.201111111111,84,28.235294117647058,490,Sweden,2.1164021164021163,5.493665068107619,28191.62,20957.110590631364,38.267882593844526,0
17406,138,18,3874.0,15.620967741935484,1827,7.366935483870968,215.22222222222223,156,24.6875,402,United Kingdom,4.032258064516129,686.969189197793,3874.0,3508.709677419355,28.994219528983674,1
17407,219,1,552.9,24.039130434782606,426,18.52173913043478,552.9,23,0.0,0,United Kingdom,0.0,8.93068181818182,552.9,201808.5,22.08328982237211,1
17408,308,3,132.24,18.891428571428573,88,12.571428571428571,44.080000000000005,6,6.5,13,United Kingdom,14.285714285714285,18.21929523809524,132.24,3447.6857142857148,16.814091630431125,0
17409,56,9,7282.21,75.85635416666666,4025,41.927083333333336,809.1344444444444,42,59.75,480,United Kingdom,0.0,4.866667357456141,7282.21,5526.001351351351,33.38633015817026,0
17410,23,1,302.4,20.16,100,6.666666666666667,302.4,15,0.0,0,United Kingdom,0.0,4.224952380952381,302.4,110375.99999999999,34.02840976310613,1
17411,69,7,823.1700000000001,14.192586206896554,401,6.913793103448276,117.5957142857143,48,78.66666666666667,475,United Kingdom,13.793103448275861,5.1766250453720515,823.1700000000001,631.2122899159665,31.860138989557058,1
17412,4,16,3639.44,17.928275862068965,2147,10.576354679802956,227.465,144,35.666666666666664,541,United Kingdom,2.955665024630542,843.6599313076134,3639.44,2450.9143911439114,36.95654739962822,1
17413,212,2,560.14,56.013999999999996,302,30.2,280.07,10,165.0,165,United Kingdom,0.0,10.740306666666665,560.14,1231.6331325301203,22.610740782241066,1
17414,231,4,1471.52,98.10133333333333,4156,277.06666666666666,367.88,6,103.66666666666667,313,United Kingdom,0.0,0.040512380952380946,1471.52,1710.5248407643312,21.725077223424403,0
17416,5,20,13786.14,30.16660831509847,6476,14.170678336980306,689.307,279,29.0,527,United Kingdom,0.437636761487965,29.816640431494502,13786.14,9530.191477272727,38.131654078680604,0
17417,356,1,164.18,10.26125,76,4.75,164.18,16,0.0,0,United Kingdom,0.0,5.943300000000002,164.18,59925.700000000004,13.687322061354871,1
17418,131,2,373.99,15.582916666666668,371,15.458333333333334,186.995,24,63.0,63,United Kingdom,0.0,1.4379302536231884,373.99,2132.91171875,27.54041919848061,1
17419,57,14,3934.73,20.07515306122449,1979,10.096938775510203,281.0521428571429,140,32.92307692307692,433,United Kingdom,0.5102040816326531,10.875141496598639,3934.73,3309.16232718894,33.54628099757422,0
17420,181,6,475.7,16.40344827586207,232,8.0,79.28333333333333,24,6.5,27,United Kingdom,6.896551724137931,14.175775862068965,475.7,6201.089285714285,24.89432763662822,0
17421,194,3,1059.41,18.265689655172416,807,13.913793103448276,353.1366666666667,46,174.0,349,United Kingdom,0.0,2.563499243799153,1059.41,1104.813285714286,23.850385515852718,1
17422,25,14,2041.44,14.686618705035972,1508,10.848920863309353,145.81714285714287,95,23.846153846153847,317,United Kingdom,12.23021582733813,4.731888301532686,2041.44,2343.1622641509434,35.34349171700526,0
17423,14,3,852.6800000000001,29.402758620689657,621,21.413793103448278,284.2266666666667,28,93.0,187,United Kingdom,3.4482758620689653,2.1102241379310347,852.6800000000001,1655.4691489361703,34.82232000847902,1
17424,236,1,-176.96,-176.96,-1,-1.0,-176.96,1,0.0,0,United Kingdom,100.0,0.0,-176.96,-64590.4,20.985150235924717,1
17426,90,11,3777.99,16.14525641025641,2554,10.914529914529915,343.45363636363635,157,37.5,378,United Kingdom,5.128205128205128,13.923951461795237,3777.99,3638.4336411609497,31.220174342548148,0
17428,20,34,21013.98,36.54605217391304,12555,21.83478260869565,618.0582352941176,331,16.580645161290324,525,United Kingdom,2.4347826086956523,18.61729381124073,21013.98,14581.944296577947,39.205978493947434,0
17429,26,4,1016.9,13.74189189189189,916,12.378378378378379,254.225,67,69.66666666666667,210,United Kingdom,1.3513513513513513,5.357937893372825,1016.9,1759.0924170616115,34.202786810778996,0
17430,173,3,469.40999999999997,16.764642857142857,325,11.607142857142858,156.47,24,56.5,114,United Kingdom,0.0,4.6723951058201045,469.40999999999997,1489.8665217391303,25.08370109013559,1
17431,121,1,403.3,9.37906976744186,292,6.790697674418604,403.3,41,0.0,0,United Kingdom,0.0,3.1955248062015493,403.3,147204.5,28.05383841225749,1
17432,193,7,1363.23,6.031991150442478,801,3.5442477876106193,194.74714285714285,174,58.0,350,United Kingdom,0.0,6.859423616519175,1363.23,1417.603846153846,24.334541938565422,1
17433,193,1,266.8,6.841025641025642,120,3.076923076923077,266.8,39,0.0,0,United Kingdom,0.0,9.599018218623481,266.8,97382.0,23.646958721550742,1
17435,219,1,331.35,22.09,195,13.0,331.35,15,0.0,0,United Kingdom,0.0,27.922666666666654,331.35,120942.75000000001,22.0649891510906,1
17436,34,6,427.40999999999997,26.713124999999998,131,8.1875,71.235,5,100.6,505,United Kingdom,25.0,2.5583062500000002,427.40999999999997,308.3095849802371,33.86469771721069,1
17437,337,1,369.68,7.109230769230769,283,5.4423076923076925,369.68,52,0.0,0,United Kingdom,0.0,12.503399509803923,369.68,134933.2,14.864248116130453,1
17438,55,6,1412.6200000000001,19.35095890410959,550,7.534246575342466,235.4366666666667,49,78.4,394,United Kingdom,2.73972602739726,10.733180251141553,1412.6200000000001,1305.3324050632912,32.66402763287214,1
17439,463,1,325.74,40.7175,370,46.25,325.74,8,0.0,0,United Kingdom,0.0,8.443512499999999,325.74,118895.1,7.168310852637432,1
17440,47,4,260.61,52.122,195,39.0,65.1525,4,103.0,310,United Kingdom,20.0,2.13692,260.61,305.8606109324759,32.85826378562913,0
17441,540,1,293.35,13.96904761904762,245,11.666666666666666,293.35,21,0.0,0,United Kingdom,0.0,2.828059047619048,293.35,107072.75000000001,2.46478064402914,1
17442,28,17,3092.67,15.012961165048544,2147,10.422330097087379,181.92176470588237,146,27.25,441,United Kingdom,3.8834951456310676,7.482183509353536,3092.67,2553.901696832579,35.545683637350756,0
17443,27,1,534.24,534.24,504,504.0,534.24,1,0.0,0,Canada,0.0,0.0,534.24,194997.6,33.80336017397203,1
17445,438,1,-506.51,-506.51,-1,-1.0,-506.51,1,0.0,0,United Kingdom,100.0,0.0,-506.51,-184876.15,8.625816119922424,1
17446,118,1,68.10000000000001,13.620000000000001,102,20.4,68.10000000000001,5,0.0,0,United Kingdom,0.0,0.7999999999999998,68.10000000000001,24856.500000000004,28.20930010516366,0
17448,305,53,14450.01,12.787619469026549,11505,10.18141592920354,272.64169811320755,570,2.627450980392157,147,United Kingdom,1.3274336283185841,4.1321467274665515,14450.01,35636.84898648648,23.15505543680133,0
17449,42,9,3671.63,7.697337526205451,1968,4.1257861635220126,407.9588888888889,236,61.5,496,United Kingdom,0.0,5.846680755069323,3671.63,2696.468712273642,33.94278665396527,1
17450,0,22,98670.81999999999,454.70423963133635,31104,143.3364055299539,4485.0372727272725,98,11.285714285714286,245,United Kingdom,6.451612903225806,3544.665600260281,98670.81999999999,146401.82642276422,45.647629627690144,0
17452,411,1,-227.28,-227.28,-1,-1.0,-227.28,1,0.0,0,United Kingdom,100.0,0.0,-227.28,-82957.2,10.297232974511651,1
17454,0,11,1532.64,12.068031496062993,721,5.677165354330708,139.3309090909091,98,49.7,500,United Kingdom,0.7874015748031495,7.08814283214598,1532.64,1116.594011976048,36.52920742783706,1
17455,11,1,131.7,16.4625,66,8.25,131.7,8,0.0,0,United Kingdom,0.0,8.510714285714284,131.7,48070.49999999999,34.74691018161184,1
17456,173,2,975.5600000000001,16.259333333333334,508,8.466666666666667,487.78000000000003,59,90.0,90,United Kingdom,0.0,8.753356242937851,975.5600000000001,3912.9604395604397,25.026008057636076,1
17457,12,17,5458.95,85.29609375,2481,38.765625,321.11470588235295,23,30.529411764705884,527,United Kingdom,12.5,2.3854948412698427,5458.95,3773.7059659090905,36.71794619140296,0
17458,189,1,213.08,6.65875,112,3.5,213.08,32,0.0,0,United Kingdom,0.0,2.5245096774193545,213.08,77774.20000000001,23.88672153825723,1
17460,33,19,1937.1000000000001,13.836428571428572,883,6.307142857142857,101.95263157894738,90,25.0,460,United Kingdom,7.142857142857142,8.69166084275437,1937.1000000000001,1533.7125813449027,35.343984880401216,1
17462,92,1,463.40999999999997,33.10071428571428,155,11.071428571428571,463.40999999999997,14,0.0,0,United Kingdom,0.0,1.1978725274725277,463.40999999999997,169144.65,29.829255442699022,1
17463,41,5,1580.16,7.453584905660378,912,4.30188679245283,316.03200000000004,169,88.25,355,United Kingdom,0.4716981132075472,5.600670669766615,1580.16,1620.1078651685393,33.433065288959135,0
17464,330,3,526.58,16.455625,328,10.25,175.52666666666667,28,48.5,97,United Kingdom,6.25,3.9658737903225796,526.58,1961.2418367346938,15.503563912755872,0
17465,233,9,2533.64,17.59472222222222,1470,10.208333333333334,281.5155555555555,103,38.25,310,United Kingdom,1.3888888888888888,8.789841215034965,2533.64,2973.5646302250802,22.1882237254657,1
17467,203,1,102.6,25.65,20,5.0,102.6,4,0.0,0,United Kingdom,0.0,16.55583333333333,102.6,37449.0,23.022894715769507,1
17468,183,1,57.8,19.266666666666666,68,22.666666666666668,57.8,3,0.0,0,United Kingdom,0.0,0.0,57.8,21097.0,24.240195327096107,1
17469,12,17,3420.64,17.01810945273632,1629,8.104477611940299,201.21411764705883,138,32.0,518,United Kingdom,3.9800995024875623,8.815858268656719,3420.64,2405.652408477842,36.54957588546835,0
17470,25,9,2124.5099999999998,17.85302521008403,1939,16.294117647058822,236.05666666666664,89,35.75,290,United Kingdom,0.0,2.763763680387408,2124.5099999999998,2664.7634020618552,34.85284110164232,0
17471,282,1,321.65000000000003,16.928947368421053,153,8.052631578947368,321.65000000000003,19,0.0,0,United Kingdom,0.0,1.9208040935672512,321.65000000000003,117402.25000000001,18.21803405685988,1
17472,96,3,663.08,4.0679754601227,382,2.3435582822085887,221.02666666666667,137,170.0,340,United Kingdom,0.0,3.609242240399907,663.08,709.7483870967742,29.800553493572504,0
17473,209,3,592.15,16.91857142857143,267,7.628571428571429,197.38333333333333,33,27.0,54,United Kingdom,2.857142857142857,9.029084033613445,592.15,3929.722727272727,22.896037571607113,1
17474,407,1,1047.0,174.5,200,33.333333333333336,1047.0,6,0.0,0,United Kingdom,0.0,14.332416666666665,1047.0,366939.9750000006,10.646692435144308,1
17476,201,4,446.51,13.13264705882353,220,6.470588235294118,111.6275,29,114.33333333333333,344,United Kingdom,8.823529411764707,32.357740909090914,446.51,472.3946376811594,23.4719102620115,1
17477,420,5,1079.0,22.95744680851064,211,4.48936170212766,215.8,44,8.0,34,United Kingdom,6.382978723404255,15.000721091581866,1079.0,11252.428571428572,10.253694884366997,1
17478,216,2,1272.8,31.82,516,12.9,636.4,40,225.0,225,United Kingdom,0.0,6.2131763461538485,1272.8,2055.6283185840707,22.42540831685139,1
17479,440,1,389.26000000000005,21.625555555555557,266,14.777777777777779,389.26000000000005,18,0.0,0,United Kingdom,0.0,1.8851529411764707,389.26000000000005,142079.90000000002,8.57770919264892,1
17480,252,1,370.40999999999997,15.433749999999998,243,10.125,370.40999999999997,24,0.0,0,United Kingdom,0.0,3.3451374999999994,370.40999999999997,135199.65,20.053563605498642,1
17482,295,2,775.64,14.634716981132076,240,4.528301886792453,387.82,50,91.0,91,United Kingdom,0.0,9.561955805515238,775.64,3077.2673913043477,17.561386638855648,1
17483,222,1,177.69,25.384285714285713,74,10.571428571428571,177.69,7,0.0,0,United Kingdom,0.0,18.274595238095237,177.69,64856.85,21.869146207168054,0
17484,384,2,209.57,14.969285714285714,339,24.214285714285715,104.785,14,47.0,47,United Kingdom,0.0,12.108501648351648,209.57,1593.6052083333334,12.081172184897738,1
17485,546,1,-29.55,-4.925,-9,-1.5,-29.55,6,0.0,0,United Kingdom,100.0,3.6386666666666656,-29.55,-10785.75,2.071807803087387,1
17486,69,1,396.87,16.53625,191,7.958333333333333,396.87,24,0.0,0,United Kingdom,0.0,4.753224456521739,396.87,144857.55,31.227910450248885,1
17487,536,1,160.55,20.06875,37,4.625,160.55,8,0.0,0,United Kingdom,0.0,32.221250000000005,160.55,58600.75000000001,2.698011223836767,1
17488,449,1,336.5,18.694444444444443,136,7.555555555555555,336.5,18,0.0,0,United Kingdom,0.0,1.7637908496732024,336.5,122822.5,8.02390051448335,1
17489,20,1,208.56,13.035,232,14.5,208.56,16,0.0,0,United Kingdom,0.0,0.7735395833333334,208.56,76124.4,34.20380849063431,1
17490,196,2,658.18,16.4545,397,9.925,329.09,37,181.0,181,United Kingdom,0.0,6.157216346153846,658.18,1319.9763736263735,23.595640146821054,0
17491,68,10,3284.66,32.52138613861386,2218,21.96039603960396,328.466,70,36.111111111111114,329,United Kingdom,0.0,4.103400792079207,3284.66,3633.0330303030305,32.423022712132415,0
17492,56,3,1122.42,28.78,450,11.538461538461538,374.14000000000004,32,135.0,270,United Kingdom,0.0,12.807381511470986,1122.42,1511.7464944649448,32.28049874914502,1
17493,193,1,100.91000000000001,12.613750000000001,62,7.75,100.91000000000001,8,0.0,0,United Kingdom,0.0,3.6928696428571435,100.91000000000001,36832.15,23.63325572737837,1
17494,309,1,54.699999999999996,18.23333333333333,26,8.666666666666666,54.699999999999996,3,0.0,0,United Kingdom,0.0,24.123333333333335,54.699999999999996,19965.5,16.547631565815394,1
17495,193,2,261.51,10.058076923076923,129,4.961538461538462,130.755,21,5.0,5,United Kingdom,19.230769230769234,16.848656615384616,261.51,15908.525,23.746024239800906,1
17496,166,5,1385.89,18.728243243243245,671,9.067567567567568,277.178,55,83.5,335,United Kingdom,2.7027027027027026,89.17114039244726,1385.89,1505.505505952381,25.785760393382585,1
17497,198,2,287.25,41.035714285714285,59,8.428571428571429,143.625,7,220.0,220,United Kingdom,0.0,32.22285714285713,287.25,474.41742081447967,23.442900133055616,1
17499,97,3,1296.84,17.764931506849315,1077,14.753424657534246,432.28,66,135.5,271,United Kingdom,2.73972602739726,18.60529619482496,1296.84,1740.2448529411763,29.791853842955167,1
17501,28,2,288.6,16.033333333333335,160,8.88888888888889,144.3,18,0.0,0,United Kingdom,0.0,9.827026143790848,288.6,105339.00000000001,33.821522025473605,1
17504,14,19,9238.42,26.023718309859156,5212,14.68169014084507,486.23263157894735,244,25.38888888888889,463,United Kingdom,3.6619718309859155,10.046410379565526,9238.42,7267.291594827586,37.107046206189004,1
17505,13,4,1776.63,23.37671052631579,955,12.56578947368421,444.1575,65,132.66666666666666,399,United Kingdom,0.0,9.052862175438603,1776.63,1621.1748750000002,35.05919350148554,0
17507,69,2,605.58,6.881590909090909,359,4.079545454545454,302.79,79,47.0,47,United Kingdom,0.0,4.141253382967608,605.58,4604.931250000001,31.34465298792691,1
17508,88,9,4546.78,19.598189655172412,2880,12.413793103448276,505.19777777777773,199,55.875,451,Greece,0.43103448275862066,9.231141924167783,4546.78,3671.6254424778763,31.206773768804023,1
17510,228,1,206.07999999999998,13.738666666666665,208,13.866666666666667,206.07999999999998,15,0.0,0,United Kingdom,0.0,1.2842209523809525,206.07999999999998,75219.2,21.505190937043192,1
17511,14,61,115842.66,79.83643004824259,77192,53.199172984148866,1899.06,522,8.21311475409836,531,United Kingdom,10.406616126809096,7.775372616839742,115842.66,79478.51672932331,50.09196947619569,0
17512,8,16,3809.7000000000003,27.019148936170215,3910,27.73049645390071,238.10625000000002,80,34.8,528,United Kingdom,1.4184397163120568,2.4860713981762905,3809.7000000000003,2628.6209829867676,36.72641112424942,0
17513,216,2,645.6,53.800000000000004,186,15.5,322.8,12,70.0,70,United Kingdom,0.0,6.140208333333334,645.6,3318.929577464789,22.373599781406735,1
17514,477,1,313.35,7.287209302325582,149,3.4651162790697674,313.35,41,0.0,0,United Kingdom,0.0,2.930048726467331,313.35,114372.75000000001,6.31258654807344,0
17515,14,8,1534.86,9.082011834319527,504,2.9822485207100593,191.8575,90,48.714285714285715,344,United Kingdom,0.0,39.188659291349666,1534.86,1623.8373913043479,35.37618248887548,1
17516,25,4,634.63,4.407152777777778,415,2.8819444444444446,158.6575,115,53.333333333333336,161,United Kingdom,0.0,6.825666079059829,634.63,1429.876234567901,34.23226026333986,0
17517,116,1,153.94,13.994545454545454,102,9.272727272727273,153.94,11,0.0,0,United Kingdom,0.0,12.195536363636363,153.94,56188.1,28.338490859729607,1
17518,233,2,329.42,4.278181818181818,267,3.4675324675324677,164.71,71,195.0,195,United Kingdom,0.0,5.114965721120985,329.42,613.4607142857143,21.309631360365504,1
17519,14,14,3879.08,22.818117647058823,2556,15.035294117647059,277.07714285714286,125,40.53846153846154,532,United Kingdom,1.1764705882352942,50.75897919944311,3879.08,2656.4056285178235,36.166836771646665,0
17521,7,3,714.41,17.42463414634146,403,9.829268292682928,238.13666666666666,37,117.0,235,United Kingdom,0.0,20.47025024390244,714.41,1104.9137711864405,35.23824893360379,1
17522,14,2,248.42,19.10923076923077,210,16.153846153846153,124.21,11,11.0,11,United Kingdom,0.0,11.111523076923076,248.42,7556.108333333333,34.67290389587254,0
17524,169,4,508.9,11.30888888888889,290,6.444444444444445,127.225,37,25.333333333333332,76,United Kingdom,4.444444444444445,2.4910631313131315,508.9,2412.3181818181815,25.430665810202726,1
17525,167,3,1161.9,44.68846153846154,338,13.0,387.3,19,34.5,69,United Kingdom,0.0,4.8019846153846135,1161.9,6058.478571428572,25.507203134864,1
17526,12,14,3142.84,36.5446511627907,1221,14.19767441860465,224.48857142857145,61,42.666666666666664,517,United Kingdom,3.488372093023256,27.370107811217515,3142.84,2214.5494208494206,36.22812133868337,1
17527,14,2,251.55,31.44375,33,4.125,125.775,7,11.0,11,United Kingdom,12.5,18.318485714285714,251.55,7651.312500000001,34.67316244293239,0
17529,418,2,1240.25,15.125,790,9.634146341463415,620.125,78,87.0,87,United Kingdom,0.0,14.711361096055402,1240.25,5144.21875,10.090607260522342,1
17530,14,9,1788.8799999999999,5.170173410404624,1018,2.9421965317919074,198.76444444444442,271,58.22222222222222,527,United Kingdom,0.2890173410404624,9.258835373209358,1788.8799999999999,1236.6310606060606,35.49666776370433,1
17531,319,7,897.77,17.9554,325,6.5,128.25285714285715,45,36.0,219,United Kingdom,12.0,11.076836734693872,897.77,1489.4820454545454,16.603785902973186,0
17532,193,1,65.34,16.335,30,7.5,65.34,4,0.0,0,United Kingdom,0.0,2.466225,65.34,23849.100000000002,23.630317542420197,1
17533,242,1,34.8,34.8,24,24.0,34.8,1,0.0,0,United Kingdom,0.0,0.0,34.8,12701.999999999998,20.636341858568482,1
17534,259,4,1445.47,17.415301204819276,757,9.120481927710843,361.3675,69,66.66666666666667,200,United Kingdom,0.0,5.8161776079929455,1445.47,2624.858457711443,20.01352370862038,1
17535,88,1,164.4,12.646153846153847,136,10.461538461538462,164.4,13,0.0,0,United Kingdom,0.0,0.9452564102564103,164.4,60006.0,30.048756595408033,1
17536,228,2,288.33,22.179230769230767,195,15.0,144.165,13,262.0,262,United Kingdom,0.0,6.688635897435897,288.33,400.15380228136877,21.611487512679872,0
17537,111,1,620.75,10.345833333333333,369,6.15,620.75,60,0.0,0,United Kingdom,0.0,3.3376104802259894,620.75,226573.75,28.682301022172066,1
17539,425,7,997.3399999999999,6.784625850340135,696,4.73469387755102,142.47714285714284,133,17.833333333333332,109,United Kingdom,2.0408163265306123,112.21903825365763,997.3399999999999,3309.3554545454544,10.140704201874344,1
17540,124,5,1280.5,27.24468085106383,458,9.74468085106383,256.1,35,70.5,283,United Kingdom,0.0,1.7515078630897318,1280.5,1645.713028169014,28.34115743843139,1
17541,317,1,119.86,3.8664516129032256,44,1.4193548387096775,119.86,31,0.0,0,United Kingdom,0.0,8.40084989247312,119.86,43748.9,16.064613482022008,1
17542,77,3,340.85,5.32578125,323,5.046875,113.61666666666667,57,185.5,371,United Kingdom,0.0,4.583548784722222,340.85,334.43615591397855,30.93388752282161,1
17543,357,1,120.05,9.234615384615385,62,4.769230769230769,120.05,13,0.0,0,United Kingdom,0.0,6.555256410256409,120.05,43818.25,13.622626734569524,1
17544,198,3,944.82,10.736590909090909,410,4.659090909090909,314.94,80,0.0,0,United Kingdom,0.0,13.04911264367816,944.82,344859.30000000005,23.596719805969112,1
17545,198,3,767.54,6.449915966386555,345,2.899159663865546,255.84666666666666,112,93.5,187,United Kingdom,0.0,10.752093092152114,767.54,1490.1707446808512,23.582075964828125,1
17546,354,1,-648.05,-648.05,-1,-1.0,-648.05,1,0.0,0,United Kingdom,100.0,0.0,-648.05,-236538.24999999997,13.742329634436805,1
17547,180,4,692.35,19.231944444444444,213,5.916666666666667,173.0875,22,97.33333333333333,292,United Kingdom,13.88888888888889,34.89425396825394,692.35,862.4837883959044,24.77426863965225,1
17548,25,6,486.48,10.575652173913044,304,6.608695652173913,81.08,22,35.2,178,United Kingdom,26.08695652173913,1.7600525603864736,486.48,991.9843575418995,34.419027619640694,1
17550,5,10,2165.54,6.406923076923077,908,2.6863905325443787,216.554,250,52.111111111111114,472,United Kingdom,5.029585798816568,9.69038164539181,2165.54,1671.0826638477802,36.176734006968,1
17551,167,1,290.34,7.444615384615384,142,3.641025641025641,290.34,39,0.0,0,United Kingdom,0.0,3.0275973009446697,290.34,105974.09999999999,25.236204780989397,1
17552,180,12,2129.24,19.18234234234234,1364,12.288288288288289,177.43666666666664,64,23.0,255,United Kingdom,3.6036036036036037,4.984119672399674,2129.24,3035.83046875,25.688979813260513,1
17553,280,3,2270.0,567.5,1240,310.0,756.6666666666666,2,69.0,138,United Kingdom,0.0,3.0,2270.0,5960.791366906475,18.700078503627726,0
17555,142,4,760.88,3.6580769230769232,547,2.6298076923076925,190.22,174,83.33333333333333,251,United Kingdom,0.0,1.972475582961726,760.88,1102.068253968254,27.09983173591621,1
17556,13,2,300.67,21.476428571428574,184,13.142857142857142,150.335,13,173.0,173,United Kingdom,0.0,14.006536263736264,300.67,630.7158045977012,34.7382699581614,1
17557,540,1,34.0,34.0,4,4.0,34.0,1,0.0,0,United Kingdom,0.0,0.0,34.0,12410.0,2.4433575833346723,1
17558,201,1,259.17,9.25607142857143,54,1.9285714285714286,259.17,28,0.0,0,United Kingdom,0.0,9.909302645502645,259.17,94597.05,23.157927973065046,1
17559,320,1,167.62,13.968333333333334,270,22.5,167.62,12,0.0,0,United Kingdom,0.0,0.216460606060606,167.62,61181.3,15.885408413114227,1
17560,12,6,1526.9,33.19347826086957,1232,26.782608695652176,254.48333333333335,33,90.6,456,United Kingdom,0.0,7.282963140096618,1526.9,1219.5153172866521,35.29862011681082,0
17561,198,3,537.9,3.6842465753424656,237,1.6232876712328768,179.29999999999998,129,170.5,342,United Kingdom,0.0,4.596295536136043,537.9,572.4008746355685,23.563107036129924,1
17563,386,5,309.28000000000003,8.83657142857143,227,6.485714285714286,61.85600000000001,28,8.25,33,United Kingdom,17.142857142857142,5.908329915966387,309.28000000000003,3320.2117647058826,12.265815860097044,1
17565,394,1,131.83,4.394333333333334,67,2.2333333333333334,131.83,30,0.0,0,United Kingdom,0.0,4.317437816091955,131.83,48117.950000000004,11.364747537814743,1
17567,41,6,2370.67,17.959621212121213,1283,9.719696969696969,395.1116666666667,99,41.0,208,United Kingdom,0.7575757575757576,4.008036294240108,2370.67,4140.165311004785,33.59786619067048,0
17568,441,1,374.45,6.039516129032258,275,4.435483870967742,374.45,61,0.0,0,United Kingdom,0.0,1.638925145425701,374.45,136674.25,8.515435782730977,1
17569,140,1,344.14,11.866896551724137,159,5.482758620689655,344.14,29,0.0,0,United Kingdom,0.0,8.40733645320197,344.14,125611.09999999999,26.889000465066363,1
17570,189,2,0.0,0.0,0,0.0,0.0,1,0.0,0,United Kingdom,50.0,0.0,0.0,0.0,23.96862300105452,1
17571,85,3,563.54,5.692323232323232,364,3.676767676767677,187.84666666666666,95,132.0,264,United Kingdom,0.0,5.781495547309836,563.54,776.1966037735849,30.463881873002382,0
17572,46,8,577.6600000000001,20.630714285714287,288,10.285714285714286,72.20750000000001,14,69.0,486,United Kingdom,0.0,2.6725855820105813,577.6600000000001,432.9484599589323,33.343513044636374,1
17574,50,1,185.65,23.20625,77,9.625,185.65,8,0.0,0,United Kingdom,0.0,9.422683928571429,185.65,67762.25,32.37041422681896,1
17575,475,1,171.7,34.339999999999996,72,14.4,171.7,5,0.0,0,United Kingdom,0.0,24.098,171.7,62670.49999999999,6.422985970164419,1
17576,22,34,6475.3,10.133489827856025,3451,5.400625978090766,190.45000000000002,305,15.90625,522,United Kingdom,0.6259780907668232,11.710779760695836,6475.3,4519.090822179733,37.88294132130773,0
17577,453,2,348.75,16.607142857142858,179,8.523809523809524,174.375,20,23.0,23,United Kingdom,0.0,1.9666428571428571,348.75,5303.90625,7.8802146433032005,1
17578,26,9,1022.45,14.818115942028987,519,7.521739130434782,113.60555555555555,57,38.5,311,United Kingdom,5.797101449275362,6.319404731457801,1022.45,1196.1354166666667,34.70075769465454,0
17579,386,1,304.38,6.917727272727273,117,2.659090909090909,304.38,43,0.0,0,United Kingdom,0.0,40.12332743128965,304.38,111098.7,11.867401155665126,0
17580,60,5,541.02,5.755531914893617,223,2.372340425531915,108.204,78,41.75,169,United Kingdom,0.0,3.7813115534202697,541.02,1161.6017647058823,32.187278157193646,1
17581,14,35,9908.04,18.113418647166363,5143,9.402193784277879,283.0868571428572,295,15.696969696969697,530,United Kingdom,4.570383912248629,215.90745667878738,9908.04,6810.611299435029,38.754398557414326,0
17582,44,6,1429.95,11.625609756097562,601,4.8861788617886175,238.32500000000002,92,76.8,387,United Kingdom,0.8130081300813009,9.852105051312819,1429.95,1345.1849226804125,33.33700981258489,1
17583,368,1,135.95,19.42142857142857,55,7.857142857142857,135.95,7,0.0,0,United Kingdom,0.0,1.4061904761904767,135.95,49621.74999999999,12.952389449041762,1
17584,275,4,4067.12,45.697977528089886,2006,22.53932584269663,1016.78,73,71.66666666666667,216,United Kingdom,0.0,17.00294182839632,4067.12,6841.008294930875,19.25327861024489,0
17585,71,5,1469.56,5.973821138211382,1513,6.150406504065041,293.912,206,53.5,214,United Kingdom,0.0,7.284548028870081,1469.56,2494.834418604651,31.592427577323093,0
17586,427,1,167.4,20.925,68,8.5,167.4,8,0.0,0,United Kingdom,0.0,3.6764285714285707,167.4,61101.0,9.353033708120902,1
17587,436,1,176.71,4.207380952380952,67,1.5952380952380953,176.71,42,0.0,0,United Kingdom,0.0,8.737797909407666,176.71,64499.15,8.804352191618358,1
17588,40,7,2058.65,33.204032258064515,747,12.048387096774194,294.09285714285716,31,67.0,404,United Kingdom,6.451612903225806,7.864485060814385,2058.65,1855.3265432098765,33.732644984133756,0
17589,48,18,11879.49,10.512823008849557,7467,6.607964601769911,659.9716666666667,543,23.235294117647058,401,United Kingdom,0.8849557522123894,6.093209688580234,11879.49,10786.104104477612,35.15000166956185,0
17591,11,7,1751.97,10.81462962962963,843,5.203703703703703,250.28142857142856,93,80.66666666666667,487,United Kingdom,0.6172839506172839,20.304059799861964,1751.97,1310.3873975409838,35.4777640988933,0
17592,546,2,0.0,0.0,0,0.0,0.0,13,0.0,0,United Kingdom,50.0,1.068153846153846,0.0,0.0,2.1737512061827227,1
17593,160,10,4795.34,20.849304347826088,2866,12.460869565217392,479.534,163,42.111111111111114,382,United Kingdom,3.4782608695652173,6.440459139927853,4795.34,4569.971540469974,26.93120363622438,0
17594,62,3,1819.7,26.76029411764706,1038,15.264705882352942,606.5666666666667,52,174.5,350,United Kingdom,0.0,4.684571992976293,1819.7,1892.2806267806268,31.97179572913745,1
17596,56,9,2416.68,8.1096644295302,3885,13.036912751677852,268.52,188,59.0,475,United Kingdom,0.6711409395973155,3.935996235283484,2416.68,1853.1264705882354,32.98442329678313,0
17597,21,7,3425.29,25.56186567164179,2205,16.455223880597014,489.32714285714286,110,61.0,369,United Kingdom,4.477611940298507,25.31794480978566,3425.29,3379.0022972972974,35.00548456385545,1
17598,189,1,409.98,40.998000000000005,126,12.6,409.98,10,0.0,0,United Kingdom,0.0,5.150743333333335,409.98,149642.7,23.902986048188755,1
17599,272,3,44.55,8.91,9,1.8,14.85,3,6.0,12,United Kingdom,40.0,1.728,44.55,1250.826923076923,19.004650380412627,1
17601,47,2,413.08,5.737222222222222,295,4.097222222222222,206.54,69,141.0,141,United Kingdom,0.0,5.114937323943662,413.08,1061.7901408450705,32.67185327383263,1
17602,132,11,3005.56,6.449699570815451,2557,5.487124463519313,273.2327272727273,270,26.454545454545453,294,United Kingdom,1.0729613733905579,11.794033356407772,3005.56,3718.7437288135593,28.592266824629405,0
17603,75,7,724.3100000000001,7.171386138613862,437,4.326732673267327,103.47285714285715,95,76.66666666666667,462,United Kingdom,5.9405940594059405,5.593418811881186,724.3100000000001,571.0003239740821,31.485672501104176,0
17604,25,6,942.38,4.530673076923077,614,2.951923076923077,157.06333333333333,142,92.0,464,United Kingdom,0.0,2.4742458542363424,942.38,739.7176344086022,34.4566862792536,1
17605,398,1,160.75,12.365384615384615,71,5.461538461538462,160.75,13,0.0,0,United Kingdom,0.0,4.255480769230769,160.75,58673.75,11.122936169324097,1
17606,545,1,87.30000000000001,14.550000000000002,42,7.0,87.30000000000001,6,0.0,0,United Kingdom,0.0,0.42166666666666675,87.30000000000001,31864.500000000004,2.142510012362428,1
17607,184,1,333.81,15.173181818181819,269,12.227272727272727,333.81,22,0.0,0,United Kingdom,0.0,7.947133333333333,333.81,121840.65,24.20194449096326,1
17608,257,2,296.07,2.8744660194174756,299,2.9029126213592233,148.035,90,158.0,158,United Kingdom,0.0,0.7232106986483914,296.07,679.6575471698113,19.841675088631707,1
17609,110,11,1178.02,4.363037037037037,792,2.933333333333333,107.09272727272727,231,30.4,307,United Kingdom,1.1111111111111112,4.439613625223739,1178.02,1396.030194805195,29.784408073874697,1
17610,348,8,1410.29,8.34491124260355,873,5.165680473372781,176.28625,123,27.428571428571427,193,United Kingdom,8.875739644970414,7.703994723865877,1410.29,2653.380670103093,14.975172255584392,1
17611,9,22,6245.0,6.622481442205727,4137,4.387062566277836,283.8636363636364,639,25.095238095238095,537,United Kingdom,0.3181336161187699,5.226917898787122,6245.0,4236.849442379183,37.46353881760367,0
17612,14,26,3796.0,13.703971119133573,2146,7.747292418772563,146.0,158,20.52,524,United Kingdom,9.025270758122744,10.652975885522936,3796.0,2639.1238095238095,37.35400397391599,0
17613,2,8,2504.46,11.813490566037736,1459,6.882075471698113,313.0575,163,15.428571428571429,111,United Kingdom,0.4716981132075472,5.710525375570057,2504.46,8161.856250000001,36.18887498800543,0
17615,11,6,657.0,12.166666666666666,342,6.333333333333333,109.5,44,55.8,281,United Kingdom,1.8518518518518516,8.577810062893082,657.0,850.372340425532,35.28781391991557,0
17616,62,3,571.1999999999999,190.39999999999998,224,74.66666666666667,190.39999999999998,1,97.5,196,United Kingdom,0.0,0.0,571.1999999999999,1058.3147208121825,31.86866601532584,0
17617,366,2,227.14000000000001,11.357000000000001,220,11.0,113.57000000000001,20,12.0,12,United Kingdom,10.0,6.144278684210526,227.14000000000001,6377.392307692308,13.1815246166556,1
17618,56,12,3671.54,10.490114285714286,1709,4.882857142857143,305.96166666666664,196,39.27272727272727,436,United Kingdom,1.4285714285714286,11.853798844862869,3671.54,3066.6180778032035,33.386585827690475,1
17619,120,1,214.37,2.896891891891892,124,1.6756756756756757,214.37,71,0.0,0,United Kingdom,0.0,1.78472145501666,214.37,78245.05,28.09928230844537,1
17621,120,6,2595.0,46.339285714285715,894,15.964285714285714,432.5,52,23.2,119,United Kingdom,1.7857142857142856,6.2107245454545446,2595.0,7893.125,28.79344167504394,0
17622,404,3,1125.17,28.850512820512822,367,9.41025641025641,375.0566666666667,19,0.0,1,United Kingdom,2.564102564102564,7.159763967611337,1125.17,205343.52500000002,11.03530466168371,1
17623,217,6,1838.72,11.420621118012422,534,3.3167701863354035,306.4533333333333,108,62.8,315,United Kingdom,0.0,12.4510626552795,1838.72,2123.8379746835444,22.80911483611838,1
17624,26,3,1125.45,15.631250000000001,716,9.944444444444445,375.15000000000003,71,250.5,501,United Kingdom,0.0,14.61268167057903,1125.45,818.3052788844623,34.11225086741725,1
17625,65,5,4500.53,9.57559574468085,2698,5.740425531914894,900.106,343,116.25,467,United Kingdom,0.0,3.1471224701719342,4500.53,3510.028739316239,32.20909483883499,0
17626,410,1,254.0,14.11111111111111,202,11.222222222222221,254.0,18,0.0,0,United Kingdom,0.0,4.951779411764707,254.0,92710.0,10.398038156637606,1
17627,286,2,285.11,25.91909090909091,673,61.18181818181818,142.555,11,250.0,250,United Kingdom,9.090909090909092,4.8392800000000005,285.11,414.60219123505976,18.070317990455965,1
17629,22,6,1217.59,13.092365591397849,710,7.634408602150538,202.93166666666664,78,41.0,206,United Kingdom,1.0752688172043012,12.014446867695176,1217.59,2146.9582125603865,34.66256960500539,0
17630,40,1,335.5,17.657894736842106,112,5.894736842105263,335.5,19,0.0,0,United Kingdom,0.0,80.42583333333333,335.5,122457.5,32.993292881063795,0
17631,40,5,772.71,15.151176470588236,349,6.8431372549019605,154.542,49,124.0,497,United Kingdom,0.0,11.611138352941175,772.71,566.3436746987952,33.42741764282683,0
17632,525,2,-12.7,-6.35,-2,-1.0,-6.35,1,0.0,0,United Kingdom,100.0,0.0,-12.7,-4635.5,3.4547534314735664,1
17633,167,4,665.05,20.7828125,245,7.65625,166.2625,29,9.666666666666666,30,United Kingdom,3.125,7.097217741935484,665.05,7830.427419354839,25.565664374282576,0
17634,20,5,1811.29,10.59233918128655,455,2.6608187134502925,362.258,131,30.75,124,United Kingdom,0.0,10.597743825249399,1811.29,5288.9668,34.73420857802146,0
17635,232,4,1256.83,16.75773333333333,763,10.173333333333334,314.2075,60,55.0,166,United Kingdom,1.3333333333333335,17.537078630630635,1256.83,2746.96377245509,21.64629314694926,1
17638,455,2,842.4,280.8,432,144.0,421.2,2,74.0,74,United Kingdom,0.0,0.0,842.4,4099.679999999999,7.798891440084216,1
17639,84,6,615.17,7.7869620253164555,576,7.291139240506329,102.52833333333332,59,41.0,207,United Kingdom,0.0,7.322852807530021,615.17,1079.505048076923,30.827704184183222,1
17640,187,7,2485.93,39.45920634920635,1421,22.555555555555557,355.1328571428571,47,40.833333333333336,247,United Kingdom,3.1746031746031744,4.413988684075781,2485.93,3658.7276209677416,24.793580574546453,1
17641,546,1,-6.95,-6.95,-1,-1.0,-6.95,1,0.0,0,United Kingdom,100.0,0.0,-6.95,-2536.75,2.0736746285036007,1
17642,237,3,1112.2,16.355882352941176,1001,14.720588235294118,370.73333333333335,58,152.0,304,United Kingdom,0.0,4.480589464442494,1112.2,1330.9934426229509,21.22959349750195,0
17643,181,2,439.7,14.183870967741935,226,7.290322580645161,219.85,30,132.0,132,United Kingdom,0.0,8.708069892473118,439.7,1206.6954887218044,24.493343982176643,1
17644,11,17,3942.28,16.426166666666667,2150,8.958333333333334,231.89882352941177,117,28.0625,458,United Kingdom,5.0,8.58222587866109,3942.28,3134.9285403050108,36.65371492041725,0
17645,536,1,-9.9,-9.9,-2,-2.0,-9.9,1,0.0,0,United Kingdom,100.0,0.0,-9.9,-3613.5,2.6839315604653695,1
17646,27,16,3843.1600000000003,18.747121951219512,1299,6.336585365853659,240.19750000000002,124,33.2,504,United Kingdom,4.390243902439024,39.09475566714491,3843.1600000000003,2777.729504950495,35.56922385714899,1
17647,477,2,198.6,39.72,52,10.4,99.3,5,0.0,0,United Kingdom,0.0,31.302,198.6,72489.0,6.402610353489147,1
17648,0,4,1526.26,15.416767676767677,756,7.636363636363637,381.565,96,64.0,192,United Kingdom,0.0,11.609293898165333,1526.26,2886.4502590673574,35.832163008434684,0
17649,277,3,680.7,14.18125,318,6.625,226.9,45,1.0,2,United Kingdom,4.166666666666666,8.833635062056738,680.7,82818.5,18.75194790651295,0
17651,295,8,1745.92,17.11686274509804,962,9.431372549019608,218.24,85,5.428571428571429,39,United Kingdom,1.9607843137254901,7.896444962143275,1745.92,15931.52,18.23854950072629,0
17652,41,2,632.24,17.56222222222222,410,11.38888888888889,316.12,29,47.0,47,United Kingdom,0.0,3.7577911111111106,632.24,4807.658333333334,33.0562568904966,0
17654,85,1,117.55,5.343181818181818,41,1.8636363636363635,117.55,22,0.0,0,United Kingdom,0.0,6.722689393939393,117.55,42905.75,30.228036832949822,1
17655,18,7,1872.94,27.144057971014494,720,10.434782608695652,267.5628571428571,57,33.666666666666664,206,United Kingdom,2.898550724637681,44.392286231884064,1872.94,3302.527053140097,35.060406143693285,0
17657,238,1,126.0,18.0,60,8.571428571428571,126.0,7,0.0,0,United Kingdom,0.0,0.4400000000000001,126.0,45990.0,20.888075486749198,1
17658,19,1,317.59999999999997,35.288888888888884,216,24.0,317.59999999999997,9,0.0,0,United Kingdom,0.0,14.691111111111113,317.59999999999997,115923.99999999999,34.27386557130312,1
17659,7,7,1651.82,19.20720930232558,790,9.186046511627907,235.9742857142857,70,30.833333333333332,186,United Kingdom,1.1627906976744187,27.446231641586873,1651.82,3224.1406417112294,35.71369166320709,0
17660,545,1,163.47,3.715227272727273,138,3.1363636363636362,163.47,42,0.0,0,United Kingdom,0.0,2.9065152219873163,163.47,59666.55,2.148801874838224,0
17661,449,1,-54.0,-54.0,-8,-8.0,-54.0,1,0.0,0,United Kingdom,100.0,0.0,-54.0,-19710.0,7.991644084172228,1
17662,469,2,412.92,27.528000000000002,184,12.266666666666667,206.46,14,60.0,60,United Kingdom,0.0,8.313154285714287,412.92,2470.750819672131,6.908714294243745,1
17663,6,18,4075.63,20.5839898989899,1819,9.186868686868687,226.42388888888888,125,31.176470588235293,537,United Kingdom,4.040404040404041,43.27262643952211,4075.63,2765.064962825279,37.06948280921434,0
17664,20,3,887.78,14.796333333333333,863,14.383333333333333,295.9266666666667,51,203.5,407,United Kingdom,0.0,4.561255480225989,887.78,794.2149509803921,34.4589190037764,1
17665,301,1,563.1,29.63684210526316,690,36.31578947368421,563.1,19,0.0,0,United Kingdom,0.0,1.4371116959064325,563.1,205531.5,17.078027365791232,1
17666,285,3,1319.6399999999999,50.755384615384614,956,36.76923076923077,439.87999999999994,17,24.5,50,United Kingdom,0.0,2.031055384615385,1319.6399999999999,9444.482352941175,18.316325711538806,1
17667,19,10,3184.96,16.417319587628867,1870,9.639175257731958,318.496,136,48.77777777777778,443,United Kingdom,1.5463917525773196,8.812537794455427,3184.96,2618.266666666667,35.406240195001494,0
17669,18,6,4346.63,45.27739583333334,2481,25.84375,724.4383333333334,70,80.6,406,United Kingdom,0.0,2.413352587719298,4346.63,3898.0834152334155,35.16523761028301,0
17670,35,1,205.7,18.7,110,10.0,205.7,11,0.0,0,United Kingdom,0.0,4.187409090909091,205.7,75080.5,33.28782133060505,1
17671,12,4,1118.63,21.512115384615388,517,9.942307692307692,279.6575,40,56.666666666666664,171,United Kingdom,3.8461538461538463,14.018750377073903,1118.63,2373.836918604651,35.06589085793965,0
17672,85,7,3752.8,27.194202898550724,1708,12.376811594202898,536.1142857142858,128,67.0,404,United Kingdom,0.7246376811594203,101.32589927007295,3752.8,3382.1530864197534,31.125333930636675,1
17673,74,10,3314.47,8.586709844559586,2549,6.603626943005182,331.447,176,40.0,363,United Kingdom,0.2590673575129534,2.295875936343449,3314.47,3323.5756868131866,32.05918473811777,0
17674,176,1,300.66,27.332727272727276,349,31.727272727272727,300.66,11,0.0,0,United Kingdom,0.0,0.26979636363636367,300.66,109740.90000000001,24.687606693410327,1
17675,12,66,24350.07,37.577268518518515,10568,16.308641975308642,368.94045454545454,217,7.6461538461538465,524,United Kingdom,4.012345679012346,38.79266352371821,24350.07,16929.096285714284,43.15402927472628,0
17676,174,7,1339.25,14.880555555555556,935,10.38888888888889,191.32142857142858,57,41.666666666666664,253,United Kingdom,4.444444444444445,2.3195187141073657,1339.25,1924.5127952755906,25.49251228110593,0
17677,14,65,24214.84,45.602335216572506,14714,27.709981167608287,372.536,282,7.6875,521,United Kingdom,7.532956685499058,8.187502392069073,24214.84,16931.83256704981,42.92125627563765,0
17678,71,3,579.81,19.993448275862068,367,12.655172413793103,193.26999999999998,27,169.5,339,United Kingdom,3.4482758620689653,26.01821477832512,579.81,622.4430882352941,31.319926676797127,1
17679,329,9,1174.45,15.659333333333334,685,9.133333333333333,130.49444444444444,41,26.375,214,United Kingdom,32.0,1.3591343063063062,1174.45,1993.8337209302326,16.2151448364535,1
17680,191,3,278.1,27.810000000000002,58,5.8,92.7,9,63.0,127,United Kingdom,10.0,180.3266666666667,278.1,793.0195312500001,23.968997231483346,1
17681,405,6,529.6,35.306666666666665,354,23.6,88.26666666666667,13,25.8,131,United Kingdom,6.666666666666667,10.586288571428572,529.6,1464.4242424242427,11.223566257429319,1
17682,0,8,2698.36,17.297179487179488,1489,9.544871794871796,337.295,73,63.714285714285715,448,United Kingdom,0.0,4.639670752688169,2698.36,2193.544320712695,36.326991811353516,0
17683,193,3,819.01,17.804565217391303,781,16.97826086956522,273.00333333333333,41,83.5,168,United Kingdom,0.0,6.379222463768118,819.01,1768.8677514792898,23.89157784105951,1
17685,74,12,3796.84,29.6628125,2443,19.0859375,316.40333333333336,81,35.90909090909091,399,United Kingdom,1.5625,3.5874984190452768,3796.84,3464.6165,32.29803487147307,1
17686,8,6,5594.1,19.697535211267606,2328,8.19718309859155,932.35,209,66.4,333,United Kingdom,0.0,13.655914123077691,5594.1,6113.312874251498,35.87878285361387,0
17687,228,1,432.68,16.641538461538463,210,8.076923076923077,432.68,26,0.0,0,United Kingdom,0.0,4.952553846153847,432.68,157928.2,21.523908752942038,1
17688,182,2,286.5,14.325,108,5.4,143.25,19,19.0,19,United Kingdom,5.0,4.619052631578947,286.5,5228.625,24.419639157685705,1
17689,196,2,317.08,14.412727272727272,300,13.636363636363637,158.54,17,85.0,85,United Kingdom,0.0,0.29656103896103875,317.08,1345.7465116279068,23.567464299499353,1
17690,9,13,4356.55,20.263023255813955,1914,8.902325581395349,335.1192307692308,168,39.0,473,United Kingdom,0.0,85.37208920669418,4356.55,3354.7273206751056,36.412024993382545,0
17691,166,5,627.35,14.257954545454545,303,6.886363636363637,125.47,37,46.5,188,United Kingdom,2.272727272727273,6.746950317124736,627.35,1211.5489417989418,25.723102793771318,1
17692,28,13,2844.92,18.120509554140128,2222,14.152866242038217,218.84,88,26.083333333333332,320,United Kingdom,1.2738853503184715,3.2948594071533543,2844.92,3234.877881619938,35.127208819984,0
17694,319,2,1412.85,21.40681818181818,1309,19.833333333333332,706.425,45,51.0,51,United Kingdom,0.0,0.8264183916083914,1412.85,9917.120192307691,16.148820564073002,0
17695,196,4,955.2,35.37777777777778,1024,37.925925925925924,238.8,20,97.0,292,United Kingdom,3.7037037037037033,1.8407447293447297,955.2,1189.924914675768,23.81917983367657,0
17696,85,38,5668.7300000000005,19.02258389261745,4407,14.788590604026846,149.1771052631579,160,11.81081081081081,451,United Kingdom,8.389261744966444,4.93945922762299,5668.7300000000005,4577.624889380531,34.36817240876745,0
17697,44,1,338.95,17.839473684210525,93,4.894736842105263,338.95,19,0.0,0,United Kingdom,0.0,9.309736842105261,338.95,123716.75,32.74937761684966,1
17698,68,1,154.95,19.36875,93,11.625,154.95,8,0.0,0,United Kingdom,0.0,2.4469642857142864,154.95,56556.74999999999,31.26897721905601,1
17699,284,2,442.0,23.263157894736842,208,10.947368421052632,221.0,17,84.0,84,United Kingdom,0.0,7.510233918128656,442.0,1898.0,18.20537768067776,1
17700,14,15,5231.65,18.2287456445993,2695,9.390243902439025,348.77666666666664,211,37.642857142857146,532,United Kingdom,1.7421602787456445,64.36085169708343,5231.65,3582.649624765478,36.378065456253445,1
17701,60,1,417.95,17.414583333333333,109,4.541666666666667,417.95,24,0.0,0,United Kingdom,0.0,10.419112318840579,417.95,152551.75,31.779102268715974,1
17702,14,5,1631.87,13.829406779661015,1256,10.64406779661017,326.37399999999997,96,48.25,194,United Kingdom,7.627118644067797,7.3443906779661,1631.87,3054.525897435897,35.08568833298656,0
17703,226,1,296.1,12.873913043478263,307,13.347826086956522,296.1,23,0.0,0,United Kingdom,0.0,1.1361600790513833,296.1,108076.50000000001,21.634726971708247,0
17704,47,1,387.29,24.205625,175,10.9375,387.29,16,0.0,0,United Kingdom,0.0,5.746744999999999,387.29,141360.85,32.5702204576207,0
17705,23,5,617.68,14.706666666666665,567,13.5,123.53599999999999,37,89.75,361,United Kingdom,0.0,5.244161265969803,617.68,622.7988950276243,34.452462753940004,0
17706,97,25,9857.550000000001,22.871345707656616,4221,9.793503480278423,394.302,296,16.956521739130434,399,United Kingdom,5.56844547563805,12.78256476231585,9857.550000000001,8995.014375,32.688047994492926,0
17707,144,8,536.35,23.319565217391304,479,20.82608695652174,67.04375,10,56.0,396,United Kingdom,4.3478260869565215,1.0526679841897233,536.35,493.117758186398,27.357194736157656,0
17708,132,3,727.7,11.3703125,329,5.140625,242.5666666666667,55,49.0,98,United Kingdom,0.0,4.4226860863095245,727.7,2682.9343434343436,27.60808909481437,0
17709,278,4,533.56,16.168484848484848,278,8.424242424242424,133.39,31,43.666666666666664,132,United Kingdom,0.0,50.68187386363637,533.56,1464.2812030075188,18.778246143125003,0
17710,231,1,293.5,14.675,158,7.9,293.5,20,0.0,0,United Kingdom,0.0,16.651950263157897,293.5,107127.5,21.32926189893218,1
17711,97,1,220.53000000000003,16.963846153846156,107,8.23076923076923,220.53000000000003,13,0.0,0,United Kingdom,0.0,4.251276923076923,220.53000000000003,80493.45000000001,29.50394254642704,1
17713,190,4,1198.09,15.764342105263157,989,13.013157894736842,299.5225,55,55.333333333333336,166,United Kingdom,0.0,15.50934898245614,1198.09,2618.5799401197605,24.20554361702756,1
17714,128,9,1376.58,16.19505882352941,590,6.9411764705882355,152.95333333333332,69,23.875,192,United Kingdom,4.705882352941177,14.716307086834734,1376.58,2603.3766839378236,28.50290363058565,1
17715,8,2,489.59999999999997,244.79999999999998,576,288.0,244.79999999999998,1,392.0,392,United Kingdom,0.0,0.0,489.59999999999997,454.7175572519083,35.05912642827389,1
17716,57,17,11617.15,26.4627562642369,6521,14.854214123006834,683.3617647058824,261,29.9375,487,United Kingdom,0.9111617312072893,7.772090118679851,11617.15,8689.056864754097,34.479378589200024,0
17717,229,1,376.92,14.496923076923078,344,13.23076923076923,376.92,26,0.0,0,United Kingdom,0.0,6.62075753846154,376.92,137575.80000000002,21.458252754493387,1
17718,40,3,386.98,16.124166666666667,238,9.916666666666666,128.99333333333334,22,205.5,412,United Kingdom,4.166666666666666,9.49418188405797,386.98,342.00411622276033,33.196550253198204,1
17719,7,4,1665.61,18.303406593406592,1179,12.956043956043956,416.4025,64,18.0,56,United Kingdom,0.0,9.17589242979243,1665.61,10665.748245614033,35.41632329443599,0
17720,33,10,1949.5,19.112745098039216,1210,11.862745098039216,194.95,69,38.888888888888886,353,United Kingdom,2.941176470588235,20.35204640846437,1949.5,2010.0776836158193,34.4494867682336,0
17721,467,1,307.21000000000004,27.928181818181823,107,9.727272727272727,307.21000000000004,11,0.0,0,United Kingdom,0.0,7.538625454545453,307.21000000000004,112131.65000000001,6.922579976801681,1
17722,125,5,2796.36,20.11769784172662,2127,15.302158273381295,559.272,126,14.25,58,United Kingdom,3.597122302158273,8.380523240538006,2796.36,17299.51525423729,28.405321801072542,0
17723,8,3,848.8000000000001,121.25714285714287,304,43.42857142857143,282.93333333333334,6,87.0,175,United Kingdom,0.0,2.615714285714286,848.8000000000001,1760.2954545454547,35.18829987554864,0
17725,0,6,1216.63,17.63231884057971,665,9.63768115942029,202.77166666666668,53,14.4,74,United Kingdom,7.246376811594203,10.515705754475706,1216.63,5920.9326666666675,36.00559164932799,0
17726,203,8,1089.56,16.762461538461537,442,6.8,136.195,52,40.57142857142857,286,United Kingdom,1.5384615384615385,6.040377788461541,1089.56,1385.6773519163762,23.80093788148297,1
17728,212,3,1345.45,16.407926829268295,673,8.207317073170731,448.48333333333335,79,24.0,49,United Kingdom,3.6585365853658534,13.287729072568501,1345.45,9821.785000000002,22.77511214890089,1
17729,404,1,438.65000000000003,19.071739130434786,247,10.73913043478261,438.65000000000003,23,0.0,0,United Kingdom,0.0,11.357865612648222,438.65000000000003,160107.25,10.779591147411594,1
17730,41,13,3907.66,24.2711801242236,2607,16.19254658385093,300.58923076923077,109,29.083333333333332,355,United Kingdom,1.2422360248447204,3.891588827639751,3907.66,4006.4491573033706,34.421343426458286,0
17731,429,2,468.88,14.6525,214,6.6875,234.44,30,47.0,47,United Kingdom,0.0,3.9564144153225804,468.88,3565.4416666666666,9.35533919422368,0
17732,180,10,2144.17,17.15336,1052,8.416,214.417,90,12.555555555555555,115,United Kingdom,2.4,17.297817574193555,2144.17,6746.741810344828,25.491208099351358,1
17733,69,1,216.95000000000002,18.07916666666667,87,7.25,216.95000000000002,12,0.0,0,United Kingdom,0.0,18.747651515151514,216.95000000000002,79186.75,31.21304853746636,1
17734,41,4,854.67,16.435961538461537,385,7.403846153846154,213.6675,49,135.66666666666666,408,United Kingdom,0.0,13.378780505279037,854.67,762.7250611246944,33.27363522744966,0
17735,26,18,8616.97,18.02713389121339,5448,11.397489539748953,478.7205555555555,285,15.882352941176471,279,United Kingdom,1.0460251046025104,72.3242410796208,8616.97,11232.835892857142,36.223609417224935,0
17738,90,11,3061.93,17.496742857142856,2033,11.617142857142857,278.3572727272727,139,34.5,348,United Kingdom,0.5714285714285714,7.272007717569786,3061.93,3202.3050143266473,31.16102571389621,0
17739,4,15,6002.860000000001,49.20377049180328,1882,15.426229508196721,400.1906666666667,47,37.92857142857143,535,United Kingdom,1.639344262295082,4.6461552431919815,6002.860000000001,4087.768470149254,37.05227024503892,0
17740,197,6,426.9,47.43333333333333,222,24.666666666666668,71.14999999999999,5,61.2,308,United Kingdom,0.0,0.3727694444444444,426.9,504.2669902912621,23.91349563857453,1
17741,214,2,101.1,16.849999999999998,114,19.0,50.55,6,153.0,153,United Kingdom,0.0,0.2656666666666666,101.1,239.62012987012986,22.450722627439237,1
17742,140,10,2045.94,24.64987951807229,635,7.650602409638554,204.594,52,44.55555555555556,405,United Kingdom,0.0,66.09306091683806,2045.94,1839.3302955665026,27.925096459024832,0
17743,250,2,208.85,41.769999999999996,83,16.6,104.425,3,6.0,6,United Kingdom,40.0,0.6750000000000003,208.85,10890.035714285714,20.26182089152186,1
17744,58,6,1584.3799999999999,20.3125641025641,2064,26.46153846153846,264.06333333333333,64,25.6,130,United Kingdom,1.282051282051282,0.5540343656343659,1584.3799999999999,4414.493893129771,32.495065322885175,1
17745,285,2,600.34,21.440714285714286,164,5.857142857142857,300.17,27,78.0,78,United Kingdom,0.0,26.944117989417986,600.34,2773.722784810127,18.157406961946425,1
17746,42,7,873.4300000000001,21.83575,659,16.475,124.7757142857143,32,62.333333333333336,375,United Kingdom,10.0,10.788297179487175,873.4300000000001,847.8775265957448,33.51264225938742,1
17748,335,1,358.15,21.06764705882353,111,6.529411764705882,358.15,17,0.0,0,United Kingdom,0.0,13.00233455882353,358.15,130724.74999999999,14.985395826856726,1
17749,64,2,720.67,16.378863636363636,383,8.704545454545455,360.335,41,289.0,289,United Kingdom,0.0,15.521981131078226,720.67,907.0501724137931,31.659410060307838,0
17751,229,1,157.85999999999999,4.9331249999999995,147,4.59375,157.85999999999999,31,0.0,0,United Kingdom,0.0,6.465149899193549,157.85999999999999,57618.899999999994,21.44015776441924,1
17752,167,1,80.64,80.64,192,192.0,80.64,1,0.0,0,United Kingdom,0.0,0.0,80.64,29433.6,25.218882954007984,1
17753,272,5,379.56,5.422285714285715,122,1.7428571428571429,75.912,63,59.25,238,United Kingdom,1.4285714285714286,4.584037453416148,379.56,579.6627615062762,19.23132815123106,1
17754,68,12,2982.67,17.96789156626506,2831,17.05421686746988,248.55583333333334,137,42.27272727272727,467,United Kingdom,2.4096385542168677,1.4463537641474988,2982.67,2326.2276709401713,32.597082439139875,0
17755,232,1,-72.23,-7.223000000000001,-30,-3.0,-72.23,10,0.0,0,United Kingdom,100.0,11.71751222222222,-72.23,-26363.95,21.238001481268324,1
17756,183,3,728.75,8.675595238095237,399,4.75,242.91666666666666,54,8.5,18,United Kingdom,0.0,6.461833204245552,728.75,13999.67105263158,24.494622714300505,1
17757,11,43,5727.85,7.150873907615481,2934,3.662921348314607,133.2058139534884,287,11.285714285714286,492,United Kingdom,0.4993757802746567,5.966943205056175,5727.85,4240.700304259635,39.3882728474071,0
17758,16,7,2607.71,10.266574803149606,1809,7.122047244094488,372.53000000000003,230,51.142857142857146,360,United Kingdom,0.0,4.809126888363259,2607.71,2636.604293628809,35.243200394601864,0
17759,201,2,441.92,10.277209302325582,268,6.232558139534884,220.96,41,190.0,190,United Kingdom,0.0,6.313460575858248,441.92,844.5068062827226,23.272526139601265,0
17760,181,6,624.09,12.00173076923077,456,8.76923076923077,104.015,44,55.0,276,United Kingdom,1.9230769230769231,9.012297586726996,624.09,822.3568592057762,24.906585080146446,1
17762,264,1,129.75,7.632352941176471,129,7.588235294117647,129.75,16,0.0,0,United Kingdom,0.0,1.3444029411764702,129.75,47358.75,19.301083660302073,1
17763,71,5,51.15,2.5575,27,1.35,10.23,11,98.5,395,United Kingdom,30.0,7.113684210526316,51.15,47.14583333333333,31.475262805703125,1
17764,19,4,971.69,10.228315789473685,436,4.589473684210526,242.9225,76,174.66666666666666,525,United Kingdom,0.0,6.42047509518477,971.69,674.271577946768,34.626402761268054,1
17765,18,3,414.67,6.098088235294118,155,2.2794117647058822,138.22333333333333,60,118.5,237,United Kingdom,0.0,27.614125087796303,414.67,635.943487394958,34.54193887044888,0
17766,189,2,299.61,13.618636363636364,155,7.045454545454546,149.805,21,0.0,0,United Kingdom,0.0,6.089768831168832,299.61,109357.65000000001,23.99337165428247,1
17767,218,1,141.85,7.8805555555555555,70,3.888888888888889,141.85,18,0.0,0,United Kingdom,0.0,0.9605555555555556,141.85,51775.25,22.1103859636286,1
17768,195,5,1205.8799999999999,14.186823529411763,1216,14.305882352941177,241.176,69,116.33333333333333,350,United Kingdom,1.1764705882352942,6.6560950140056026,1205.8799999999999,1253.9777777777776,24.00043927588777,0
17769,86,11,3901.64,9.927837150127226,1805,4.592875318066158,354.69454545454545,243,40.6,411,United Kingdom,2.2900763358778624,7.794918446538925,3901.64,3456.5499999999997,31.47458843465613,0
17770,6,5,1143.27,30.086052631578948,365,9.605263157894736,228.654,33,20.5,83,United Kingdom,0.0,14.84215625889047,1143.27,4967.780357142858,35.53372904712324,1
17771,131,3,257.4,6.956756756756756,196,5.297297297297297,85.8,36,132.5,266,United Kingdom,0.0,10.981159159159155,257.4,351.876404494382,27.630291014570393,1
17772,200,1,187.3,4.071739130434783,58,1.2608695652173914,187.3,45,0.0,0,United Kingdom,0.0,5.978067632850242,187.3,68364.5,23.213041364085758,1
17773,322,2,575.37,10.461272727272727,254,4.618181818181818,287.685,48,175.0,175,United Kingdom,0.0,5.152450976430976,575.37,1193.2389204545455,15.896492108817933,1
17774,57,10,2282.69,7.292939297124601,1286,4.108626198083067,228.269,241,46.22222222222222,419,United Kingdom,0.9584664536741214,306.5460839354469,2282.69,1983.7663095238095,33.01180776145815,0
17775,62,1,56.4,18.8,72,24.0,56.4,3,0.0,0,United Kingdom,0.0,0.013333333333333327,56.4,20586.0,31.62713707010116,1
17776,194,3,323.81,3.9976543209876545,272,3.3580246913580245,107.93666666666667,74,168.0,336,United Kingdom,1.2345679012345678,6.866997777777779,323.81,350.71409495548966,23.789622826641803,1
17778,469,1,197.70000000000002,19.770000000000003,214,21.4,197.70000000000002,10,0.0,0,United Kingdom,0.0,2.2355555555555555,197.70000000000002,72160.5,6.791434011722376,1
17780,475,3,346.56,4.386835443037975,156,1.9746835443037976,115.52,76,8.5,17,United Kingdom,0.0,3.8623053554040894,346.56,7027.466666666667,6.63643488742504,1
17781,61,1,102.0,51.0,8,4.0,102.0,2,0.0,0,United Kingdom,0.0,0.0,102.0,37230.0,31.691953823141457,0
17782,190,2,679.02,23.41448275862069,538,18.551724137931036,339.51,29,0.0,0,United Kingdom,0.0,0.9459312807881775,679.02,247842.3,23.963661957443275,1
17783,55,2,205.9,3.812962962962963,137,2.537037037037037,102.95,54,264.0,264,United Kingdom,0.0,3.9942817610062904,205.9,283.59811320754716,32.16633911774493,1
17784,358,1,112.86,4.90695652173913,72,3.130434782608696,112.86,19,0.0,0,United Kingdom,0.0,6.457662845849802,112.86,41193.9,13.560982758707844,1
17785,253,2,271.44,7.143157894736842,160,4.2105263157894735,135.72,38,120.0,120,United Kingdom,0.0,7.043064366998576,271.44,818.8066115702479,20.083840823539855,1
17786,125,1,103.35,4.1339999999999995,52,2.08,103.35,24,0.0,0,United Kingdom,0.0,5.3793256666666665,103.35,37722.75,27.784861429845154,1
17787,112,3,1668.52,14.76566371681416,829,7.336283185840708,556.1733333333333,87,32.5,66,United Kingdom,0.0,4.609983043615676,1668.52,9089.698507462686,28.906804771040452,0
17789,89,2,397.15,13.694827586206896,199,6.862068965517241,198.575,27,379.0,379,United Kingdom,0.0,8.226871921182267,397.15,381.4730263157894,30.106434845620317,1
17790,6,15,1712.1200000000001,9.35584699453552,929,5.076502732240437,114.14133333333334,120,24.214285714285715,345,United Kingdom,0.0,6.0490019335855365,1712.1200000000001,1806.1381502890176,36.575742579294385,0
17792,275,2,368.35,7.0836538461538465,149,2.8653846153846154,184.175,45,11.0,11,United Kingdom,0.0,8.780795625942686,368.35,11203.979166666668,18.74874452694671,1
17794,494,2,147.3,21.042857142857144,46,6.571428571428571,73.65,7,1.0,1,United Kingdom,0.0,4.4623809523809514,147.3,26882.250000000004,5.360521787149094,1
17795,72,1,155.69,9.730625,155,9.6875,155.69,15,0.0,0,United Kingdom,0.0,0.792505,155.69,56826.85,31.024838100997712,0
17796,121,6,1160.49,5.831608040201005,329,1.6532663316582914,193.415,147,21.2,107,United Kingdom,0.0,5.368937485406831,1160.49,3922.026388888889,28.613896935772093,1
17797,203,5,1191.44,7.4465,588,3.675,238.288,131,81.75,329,United Kingdom,0.0,4.5201634866352185,1191.44,1317.8048484848484,23.51084600169038,0
17798,389,1,178.07,3.957111111111111,138,3.066666666666667,178.07,43,0.0,0,United Kingdom,0.0,1.7001037373737375,178.07,64995.549999999996,11.67381740090778,1
17799,50,19,4469.84,6.544421669106882,2657,3.890190336749634,235.25473684210527,398,26.5,484,United Kingdom,1.0248901903367496,6.862650578996415,4469.84,3363.900206185567,34.51534549762365,0
17800,25,3,354.85,13.648076923076925,222,8.538461538461538,118.28333333333335,18,58.0,116,United Kingdom,0.0,4.77813846153846,354.85,1107.0106837606838,34.1096471379481,0
17801,259,4,767.48,9.359512195121951,817,9.963414634146341,191.87,67,80.0,240,United Kingdom,1.2195121951219512,1.5934367359229147,767.48,1162.3659751037344,19.95751977216292,1
17802,180,13,3657.3,8.963970588235295,2006,4.916666666666667,281.33076923076925,248,29.166666666666668,354,United Kingdom,2.941176470588235,3.5821594540395982,3657.3,3760.322535211268,25.914704479827083,0
17803,200,1,184.66,6.839259259259259,98,3.6296296296296298,184.66,27,0.0,0,United Kingdom,0.0,5.744677207977208,184.66,67400.9,23.212823292444224,1
17804,184,4,378.68,4.116086956521739,193,2.097826086956522,94.67,83,120.33333333333333,362,United Kingdom,1.0869565217391304,5.747855470616339,378.68,380.766391184573,24.504158345527063,1
17805,418,1,414.72,414.72,648,648.0,414.72,1,0.0,0,United Kingdom,0.0,0.0,414.72,151372.80000000002,9.92291360544481,1
17807,203,3,437.87,4.9198876404494385,262,2.943820224719101,145.95666666666668,88,154.5,309,United Kingdom,0.0,6.154715653728292,437.87,515.5566129032258,23.249593963340512,1
17808,356,4,262.64,7.958787878787878,143,4.333333333333333,65.66,29,10.0,32,United Kingdom,0.0,8.862571590909091,262.64,2904.9575757575753,13.993962605036147,1
17809,25,15,7270.43,125.35224137931036,1518,26.17241379310345,484.69533333333334,33,36.642857142857146,519,United Kingdom,3.4482758620689653,39.439838384755014,7270.43,5103.2825961538465,35.87492391399781,0
17810,476,3,343.21,6.128749999999999,117,2.0892857142857144,114.40333333333332,51,7.5,15,United Kingdom,1.7857142857142856,34.786016331168845,343.21,7829.478125,6.575108106678328,1
17811,7,30,5627.66,8.09735251798561,2865,4.122302158273381,187.58866666666665,435,7.9655172413793105,245,United Kingdom,0.7194244604316548,7.05993969564405,5627.66,8349.983333333334,38.330664769296654,0
17812,176,4,405.48,4.770352941176471,242,2.847058823529412,101.37,79,53.333333333333336,162,United Kingdom,0.0,6.445295462184876,405.48,907.9766871165644,24.994772591500762,1
17814,183,2,1609.37,11.254335664335663,1435,10.034965034965035,804.685,112,47.0,47,United Kingdom,0.0,4.825984122919332,1609.37,12237.917708333332,24.46786198771291,1
17815,201,1,591.96,45.535384615384615,612,47.07692307692308,591.96,13,0.0,0,United Kingdom,0.0,0.15664102564102564,591.96,216065.40000000002,23.185417390333267,1
17816,77,4,80.86,2.0733333333333333,72,1.8461538461538463,20.215,36,151.33333333333334,454,United Kingdom,0.0,0.47250782726045903,80.86,64.86571428571429,31.011914083836842,1
17817,85,6,663.47,5.719568965517242,310,2.6724137931034484,110.57833333333333,97,28.6,145,United Kingdom,1.7241379310344827,323.61080620689654,663.47,1658.675,30.770643842938608,1
17818,545,1,124.78,2.970952380952381,86,2.0476190476190474,124.78,42,0.0,0,United Kingdom,0.0,1.4766878048780485,124.78,45544.7,2.14560596884914,1
17819,2,11,5141.4,62.699999999999996,1451,17.695121951219512,467.4,65,52.7,531,United Kingdom,1.2195121951219512,17.36188274616079,5141.4,3527.4642857142853,36.705201327374745,0
17820,167,2,163.66,3.7195454545454543,108,2.4545454545454546,81.83,42,14.0,14,United Kingdom,6.8181818181818175,10.561446934460887,163.66,3982.393333333333,25.325243133873453,0
17821,214,1,334.62,55.77,162,27.0,334.62,6,0.0,0,United Kingdom,0.0,1.910616666666667,334.62,122136.3,22.370509567805993,1
17822,228,5,2162.93,12.798402366863904,1375,8.136094674556213,432.58599999999996,152,35.0,140,United Kingdom,0.0,6.628846689208228,2162.93,5599.074113475177,22.064842361438732,1
17823,229,2,449.25,4.4925,252,2.52,224.625,88,0.0,0,United Kingdom,0.0,7.906736111111111,449.25,163976.25,21.563729909416406,1
17825,406,4,701.96,25.99851851851852,516,19.11111111111111,175.49,24,42.0,126,United Kingdom,0.0,2.5248256410256413,701.96,2017.4440944881892,10.977748656154816,1
17826,182,1,133.34,4.040606060606061,84,2.5454545454545454,133.34,33,0.0,0,United Kingdom,0.0,2.8201195075757575,133.34,48669.1,24.307485210798415,1
17827,50,6,1962.56,8.880361990950226,1298,5.873303167420814,327.0933333333333,191,75.4,379,United Kingdom,0.4524886877828055,4.710509925956396,1962.56,1885.0905263157895,33.014704573936264,1
17829,106,6,4680.42,27.211744186046513,2937,17.075581395348838,780.07,121,70.8,356,United Arab Emirates,0.5813953488372093,4.127543924248608,4680.42,4785.303361344538,29.82040425804037,1
17830,69,2,287.65000000000003,17.978125000000002,65,4.0625,143.82500000000002,15,27.0,27,United Kingdom,0.0,8.587572916666668,287.65000000000003,3749.7232142857147,31.318391049671305,1
17833,531,1,338.46000000000004,10.918064516129034,143,4.612903225806452,338.46000000000004,28,0.0,0,United Kingdom,0.0,6.507096129032257,338.46000000000004,123537.90000000001,3.017957410051609,1
17834,222,2,689.6700000000001,11.890862068965518,639,11.017241379310345,344.83500000000004,54,30.0,30,United Kingdom,0.0,52.103680490018164,689.6700000000001,8120.30806451613,22.01093972466799,1
17838,100,12,4522.09,21.131261682242993,2677,12.509345794392523,376.84083333333336,111,33.3,338,United Kingdom,0.9345794392523363,7.092790156202004,4522.09,4868.9169616519175,30.770641033424088,1
17840,251,1,175.9,3.5180000000000002,128,2.56,175.9,44,0.0,0,United Kingdom,0.0,2.5915234693877545,175.9,64203.5,20.09854657753509,1
17841,0,185,38612.88,5.577477971977466,19109,2.760219557995089,208.71827027027027,1769,2.620879120879121,544,United Kingdom,1.6322403582262026,13.463600107568697,38612.88,25860.002201834857,56.90557541725511,0
17842,410,1,430.69,23.927222222222223,89,4.944444444444445,430.69,18,0.0,0,United Kingdom,0.0,6.500750653594771,430.69,157201.85,10.412633262070825,1
17843,111,2,320.4,5.16774193548387,251,4.048387096774194,160.2,58,108.0,108,United Kingdom,0.0,5.181494896879959,320.4,1072.8990825688072,28.756993730364357,1
17845,363,4,596.09,12.68276595744681,195,4.148936170212766,149.0225,42,7.0,21,United Kingdom,0.0,13.764814246068456,596.09,9889.675000000001,13.59415611286432,1
17847,323,2,129.69,14.41,29,3.2222222222222223,64.845,9,129.0,129,United Kingdom,0.0,8.134327777777779,129.69,364.12961538461536,15.798627589736986,1
17848,57,26,3033.53,21.51439716312057,1249,8.858156028368795,116.67423076923077,92,18.84,484,United Kingdom,0.7092198581560284,55.630396018237136,3033.53,2282.9658762886597,34.665869119776616,0
17849,26,8,1063.76,21.275199999999998,224,4.48,132.97,24,59.285714285714285,416,United Kingdom,0.0,123.49949208163267,1063.76,931.1088729016786,34.60466753266508,1
17850,110,159,50407.770000000004,19.955570071258908,20876,8.264449722882027,317.03000000000003,104,2.688311688311688,432,United Kingdom,1.0688836104513064,7.58712823097606,50407.770000000004,42491.53822170901,48.57729607970856,1
17851,230,6,1552.35,6.691163793103448,933,4.021551724137931,258.72499999999997,185,62.2,313,United Kingdom,0.0,6.05860104493208,1552.35,1804.483280254777,21.991809051563113,1
17852,196,3,543.47,6.469880952380953,319,3.7976190476190474,181.15666666666667,62,171.0,342,United Kingdom,0.0,1.8866786574870908,543.47,578.3281341107871,23.68566725635254,1
17853,215,3,1596.29,15.202761904761905,625,5.9523809523809526,532.0966666666667,84,164.0,329,United Kingdom,0.0,9.630998040293042,1596.29,1765.5934848484849,22.612682075812796,1
17854,35,5,869.0,7.556521739130435,587,5.104347826086957,173.8,110,125.75,504,United Kingdom,0.0,5.86357874904653,869.0,628.0891089108911,33.740621780790725,0
17855,180,1,208.97,12.292352941176471,197,11.588235294117647,208.97,17,0.0,0,United Kingdom,0.0,5.362600735294117,208.97,76274.05,24.435832589811287,1
17856,41,5,1118.39,101.6718181818182,561,51.0,223.67800000000003,6,11.75,48,United Kingdom,18.181818181818183,10.672140000000002,1118.39,8330.864285714286,33.39492175035538,1
17857,14,11,9179.34,437.1114285714286,5716,272.1904761904762,834.4854545454546,12,42.9,434,United Kingdom,4.761904761904762,1.2588447619047618,9179.34,7702.204827586207,36.30614612668308,0
17858,69,26,9908.44,44.83457013574661,4826,21.83710407239819,381.0938461538462,107,18.48,472,United Kingdom,0.904977375565611,54.161535660222086,9908.44,7646.04778012685,34.501155852759084,0
17859,112,1,141.92000000000002,6.170434782608696,102,4.434782608695652,141.92000000000002,23,0.0,0,United Kingdom,0.0,2.356362450592886,141.92000000000002,51800.8,28.58169821713769,1
17860,176,4,717.39,4.428333333333334,696,4.296296296296297,179.3475,127,119.33333333333333,359,United Kingdom,0.0,2.6332190322828017,717.39,727.35375,25.02053726033134,1
17861,61,15,3426.89,8.901012987012987,2909,7.555844155844156,228.45933333333332,226,33.642857142857146,476,United Kingdom,1.0389610389610389,6.680631448863637,3426.89,2622.253354297694,33.35963418698175,0
17862,131,4,1254.89,12.675656565656567,440,4.444444444444445,313.7225,90,79.66666666666667,239,United Kingdom,0.0,10.999933209647496,1254.89,1908.4785416666668,27.81218906339005,1
17863,62,9,3572.38,20.649595375722544,3156,18.24277456647399,396.93111111111114,100,49.25,397,United Kingdom,0.0,3.7699736994219637,3572.38,3276.1776381909553,32.71358709568267,0
17864,83,3,522.57,7.158493150684932,656,8.986301369863014,174.19000000000003,57,75.5,151,United Kingdom,0.0,1.6790975266362254,522.57,1254.8555921052634,30.582597754513912,1
17865,5,45,19462.44,23.169571428571427,9456,11.257142857142858,432.4986666666666,326,12.022727272727273,541,United Kingdom,3.9285714285714284,8.786765804529205,19462.44,13106.624723247232,41.08809507791465,0
17866,292,2,805.3000000000001,47.37058823529412,361,21.235294117647058,402.65000000000003,15,240.0,240,United Kingdom,0.0,8.651727941176471,805.3000000000001,1219.6452282157677,17.746986823857373,0
17867,11,15,864.33,9.821931818181818,391,4.443181818181818,57.622,65,37.857142857142854,534,United Kingdom,23.863636363636363,52.70255339602926,864.33,589.6830841121496,36.200462366096666,0
17868,194,1,227.15,12.619444444444445,85,4.722222222222222,227.15,18,0.0,0,United Kingdom,0.0,7.862352941176469,227.15,82909.75,23.58263345573286,1
17869,23,5,696.42,10.241470588235293,469,6.897058823529412,139.284,65,82.5,331,United Kingdom,0.0,45.88045083406496,696.42,765.642469879518,34.45896690585473,0
17870,174,2,1213.8,404.59999999999997,476,158.66666666666666,606.9,2,14.0,14,United Kingdom,0.0,0.0,1213.8,29535.8,24.98463731017711,0
17871,12,5,1068.95,12.878915662650604,665,8.012048192771084,213.79000000000002,64,121.75,488,United Kingdom,0.0,10.344176285630322,1068.95,797.8870143149285,35.161289633701955,1
17872,189,1,235.87,15.724666666666668,176,11.733333333333333,235.87,15,0.0,0,United Kingdom,0.0,4.4024495238095245,235.87,86092.55,23.888604058223404,1
17873,48,18,5310.83,32.7829012345679,3306,20.40740740740741,295.0461111111111,62,28.11764705882353,482,United Kingdom,5.555555555555555,2.8625058967870585,5310.83,4013.3601449275366,34.607411340426246,0
17874,33,6,535.5,13.060975609756097,187,4.560975609756097,89.25,34,6.0,30,United Kingdom,2.4390243902439024,9.961147439024389,535.5,6305.08064516129,33.934676325129715,0
17875,496,1,167.1,6.426923076923076,98,3.769230769230769,167.1,25,0.0,0,United Kingdom,0.0,4.659576615384616,167.1,60991.5,5.140554714798332,1
17876,207,3,3424.02,856.005,1958,489.5,1141.34,3,137.5,275,United Kingdom,0.0,0.37442499999999984,3424.02,4528.142391304348,23.25205835261929,1
17878,203,2,999.48,17.847857142857144,613,10.946428571428571,499.74,56,0.0,0,United Kingdom,0.0,3.417410097402597,999.48,364810.2,23.196482087371226,1
17880,172,3,824.9200000000001,18.331555555555557,466,10.355555555555556,274.97333333333336,43,182.0,365,United Kingdom,0.0,3.931437373737374,824.9200000000001,822.6661202185794,25.174117306217425,1
17881,112,1,133.35000000000002,16.668750000000003,32,4.0,133.35000000000002,8,0.0,0,United Kingdom,0.0,2.315669642857143,133.35000000000002,48672.75000000001,28.58099031033163,1
17882,187,2,291.56,5.501132075471698,130,2.452830188679245,145.78,47,0.0,0,United Kingdom,0.0,5.39461937590711,291.56,106419.4,24.114806823081683,1
17883,54,5,427.53,8.382941176470588,148,2.9019607843137254,85.506,46,101.25,405,United Kingdom,1.9607843137254901,12.311733960784316,427.53,384.3557881773399,32.54420392099462,1
17884,119,22,2549.94,6.521585677749361,2461,6.294117647058823,115.90636363636364,287,18.863636363636363,423,United Kingdom,1.7902813299232736,3.2826999947537527,2549.94,2195.1134433962266,30.442809450661837,1
17886,18,6,1071.03,9.736636363636363,459,4.172727272727273,178.505,92,102.4,514,United Kingdom,0.9090909090909091,20.837632894078386,1071.03,759.0795145631067,34.89466356898438,1
17888,20,24,958.9,6.567808219178082,609,4.171232876712328,39.954166666666666,108,21.52173913043478,505,United Kingdom,19.863013698630137,4.989850259801608,958.9,691.6966403162055,36.55434596044083,0
17889,20,7,746.42,6.434655172413793,403,3.4741379310344827,106.63142857142857,97,67.33333333333333,406,United Kingdom,0.0,5.927296034482758,746.42,669.3938574938575,34.845252208855435,1
17890,130,2,586.89,6.449340659340659,402,4.417582417582418,293.445,88,38.0,38,United Kingdom,0.0,5.473743931623931,586.89,5492.6884615384615,27.619055415774557,1
17893,33,1,107.21,7.147333333333333,149,9.933333333333334,107.21,15,0.0,0,United Kingdom,0.0,7.064423809523809,107.21,39131.649999999994,33.40178589362363,1
17894,93,18,1996.9,5.531578947368422,810,2.2437673130193905,110.9388888888889,187,10.352941176470589,184,United Kingdom,2.21606648199446,5.723547463835026,1996.9,3939.82972972973,31.58641838292782,1
17897,175,9,1943.25,8.714125560538116,787,3.5291479820627805,215.91666666666666,175,25.75,208,United Kingdom,0.4484304932735426,12.773425617096912,1943.25,3393.714114832536,25.680359343471967,0
17898,15,3,246.96,5.88,185,4.404761904761905,82.32000000000001,41,179.5,359,United Kingdom,0.0,9.567581649245062,246.96,250.39000000000001,34.711235722158655,1
17901,329,2,149.7,49.9,14,4.666666666666667,74.85,3,0.0,0,United Kingdom,0.0,87.48,149.7,54640.49999999999,15.43398010735602,1
17902,354,1,216.39999999999998,9.016666666666666,526,21.916666666666668,216.39999999999998,24,0.0,0,United Kingdom,0.0,1.7287536231884058,216.39999999999998,78985.99999999999,13.81373570660697,1
17903,202,1,381.09000000000003,8.468666666666667,142,3.1555555555555554,381.09000000000003,44,0.0,0,United Kingdom,0.0,5.134529494949496,381.09000000000003,139097.85,23.106948856915196,1
17905,160,12,1763.48,12.506950354609929,1062,7.531914893617022,146.95666666666668,123,29.363636363636363,327,United Kingdom,0.7092198581560284,115.06720820668693,1763.48,1962.4091463414636,26.879768199561102,0
17906,55,1,72.9,6.075,26,2.1666666666666665,72.9,12,0.0,0,United Kingdom,0.0,18.8075,72.9,26608.500000000004,32.05585044521121,1
17907,448,1,291.76,22.443076923076923,1046,80.46153846153847,291.76,13,0.0,0,United Kingdom,0.0,5.638675641025642,291.76,106492.4,8.081254922032466,1
17908,181,7,1088.82,5.160284360189573,643,3.0473933649289098,155.54571428571427,178,58.166666666666664,351,United Kingdom,1.4218009478672986,14.973351419544123,1088.82,1129.0321022727273,25.04447561088018,1
17909,545,1,110.05,13.75625,35,4.375,110.05,8,0.0,0,United Kingdom,0.0,21.378392857142853,110.05,40168.25,2.14438922821282,1
17910,534,1,261.7,10.065384615384614,121,4.653846153846154,261.7,25,0.0,0,United Kingdom,0.0,3.1448653846153856,261.7,95520.5,2.828466628717862,1
17912,118,7,359.15,6.776415094339622,213,4.018867924528302,51.30714285714286,48,10.5,65,United Kingdom,3.7735849056603774,11.07815406386067,359.15,1986.2083333333333,28.83035660298763,1
17913,163,13,3238.69,7.37742596810934,1537,3.501138952164009,249.13,213,31.333333333333332,380,United Kingdom,0.0,4.082526272870058,3238.69,3102.6820209973753,26.917977120001975,1
17915,359,1,225.78,7.785517241379311,184,6.344827586206897,225.78,27,0.0,0,United Kingdom,0.0,6.338907881773399,225.78,82409.7,13.509260216507288,1
17916,436,2,43.87,2.3089473684210526,90,4.7368421052631575,21.935,15,104.0,104,United Kingdom,0.0,0.6047707602339183,43.87,152.50047619047618,8.89288171067215,1
17917,64,2,226.71,3.54234375,130,2.03125,113.355,57,106.0,106,United Kingdom,0.0,1.770960218253968,226.71,773.3565420560749,31.6186075345294,1
17918,308,3,396.39,9.909749999999999,352,8.8,132.13,34,2.0,4,United Kingdom,0.0,2.8159968589743585,396.39,28936.469999999998,16.835911185019302,1
17919,246,1,536.28,31.545882352941174,696,40.94117647058823,536.28,17,0.0,0,United Kingdom,0.0,0.5537242647058824,536.28,195742.19999999998,20.433565313913494,1
17920,8,44,20968.37,18.941616982836493,10805,9.760614272809395,476.5538636363636,478,12.0,533,United Kingdom,0.27100271002710025,5.809420861001259,20968.37,14332.312827715354,40.92983658415088,0
17921,74,9,1812.05,6.889923954372623,690,2.623574144486692,201.33888888888887,172,30.125,245,United Kingdom,0.7604562737642585,11.38132356253447,1812.05,2688.610772357724,31.835578009766753,0
17922,351,1,170.4,21.3,49,6.125,170.4,8,0.0,0,United Kingdom,0.0,6.416383928571428,170.4,62196.0,13.99308615660911,1
17923,90,3,497.0,165.66666666666666,140,46.666666666666664,165.66666666666666,2,130.5,262,United Kingdom,0.0,0.6933333333333338,497.0,689.7528517110267,30.153135171150538,1
17924,106,6,751.7,83.52222222222223,147,16.333333333333332,125.28333333333335,3,22.6,116,United Kingdom,44.44444444444444,2.3261111111111106,751.7,2345.0470085470088,29.49588061427107,1
17925,180,1,244.08,244.08,72,72.0,244.08,1,0.0,0,United Kingdom,0.0,0.0,244.08,89089.20000000001,24.43873277743798,1
17926,11,4,849.9300000000001,24.99794117647059,400,11.764705882352942,212.48250000000002,21,124.66666666666667,375,United Kingdom,0.0,5.384454634581104,849.9300000000001,825.0650265957448,35.10474552123146,0
17927,529,1,294.0,29.4,108,10.8,294.0,10,0.0,0,United Kingdom,0.0,1.8433611111111112,294.0,107310.0,3.1363850074612514,1
17928,54,2,206.96,9.855238095238096,128,6.095238095238095,103.48,21,325.0,325,United Kingdom,0.0,16.49961619047619,206.96,231.719018404908,32.22747673786318,1
17929,62,10,2674.1,205.7,386,29.692307692307693,267.40999999999997,5,59.125,476,United Kingdom,0.0,3.9293589743589727,2674.1,2046.219077568134,32.73888905515299,0
17930,47,11,2893.04,51.66142857142857,2348,41.92857142857143,263.00363636363636,25,40.0,406,United Kingdom,5.357142857142857,1.9825058441558452,2893.04,2594.4953316953315,33.772227536192894,0
17931,63,17,3159.75,9.239035087719298,1717,5.02046783625731,185.86764705882354,266,26.666666666666668,405,United Kingdom,1.7543859649122806,6.885686169847884,3159.75,2840.661945812808,33.41447250276321,0
17932,19,1,589.01,14.024047619047618,391,9.30952380952381,589.01,42,0.0,0,United Kingdom,0.0,9.027531707317076,589.01,214988.65,34.296284822905534,0
17933,440,1,114.69,8.192142857142857,63,4.5,114.69,12,0.0,0,United Kingdom,0.0,2.8634109890109896,114.69,41861.85,8.555028915899817,1
17934,214,1,344.90000000000003,17.245,150,7.5,344.90000000000003,20,0.0,0,United Kingdom,0.0,2.2789736842105257,344.90000000000003,125888.50000000001,22.371358725561688,1
17935,208,6,509.75,13.777027027027026,150,4.054054054054054,84.95833333333333,33,66.6,334,United Kingdom,5.405405405405405,6.417620120120121,509.75,555.3992537313433,23.248788616835068,0
17937,65,4,3327.48,114.74068965517242,1248,43.03448275862069,831.87,19,34.666666666666664,104,United Kingdom,0.0,8.30296871921182,3327.48,11566.954285714286,32.01269502585293,0
17938,228,1,144.29,4.97551724137931,53,1.8275862068965518,144.29,29,0.0,0,United Kingdom,0.0,4.487971921182267,144.29,52665.85,21.500086904190628,1
17940,7,17,26229.12,771.4447058823529,82732,2433.294117647059,1542.8894117647058,13,33.125,537,United Kingdom,17.647058823529413,222854.53530980393,26229.12,17794.84907063197,38.738872658382235,0
17941,398,3,1128.72,225.744,856,171.2,376.24,3,55.5,111,United Kingdom,0.0,0.66978,1128.72,3678.417857142857,11.40189826825963,0
17943,487,1,-165.03,-165.03,-3,-3.0,-165.03,1,0.0,0,United Kingdom,100.0,0.0,-165.03,-60235.95,5.66257036489105,1
17944,231,1,74.99,2.9995999999999996,84,3.36,74.99,24,0.0,0,United Kingdom,0.0,2.943946000000001,74.99,27371.35,21.311212340450023,1
17945,504,3,360.35,5.004861111111111,244,3.388888888888889,120.11666666666667,66,0.0,0,United Kingdom,0.0,6.238674158841944,360.35,131527.75,4.867122210888738,1
17946,41,2,149.57999999999998,7.478999999999999,75,3.75,74.78999999999999,18,26.0,26,United Kingdom,0.0,30.775868157894735,149.57999999999998,2022.0999999999997,33.01638777742626,1
17949,0,100,53409.549999999996,452.6233050847457,29397,249.1271186440678,534.0954999999999,40,5.298969072164948,545,United Kingdom,15.254237288135593,1355423.128914587,53409.549999999996,35704.18635531135,49.670111745766526,0
17950,173,7,937.18,6.993880597014925,455,3.3955223880597014,133.88285714285715,110,56.166666666666664,338,United Kingdom,0.7462686567164178,7.154404898440125,937.18,1009.0581120943953,25.520350196355242,1
17951,162,4,723.84,40.21333333333334,378,21.0,180.96,15,16.333333333333332,49,United Kingdom,5.555555555555555,8.614211764705882,723.84,5284.032,25.875770903701866,1
17952,186,4,788.46,8.045510204081634,477,4.86734693877551,197.115,85,54.333333333333336,163,United Kingdom,0.0,7.404078560908899,788.46,1754.804268292683,24.41590723754446,1
17953,348,1,159.17000000000002,7.958500000000001,98,4.9,159.17000000000002,20,0.0,0,United Kingdom,0.0,6.498222105263158,159.17000000000002,58097.05,14.175308709253803,1
17954,34,21,2565.21,5.099821073558648,2261,4.495029821073559,122.15285714285714,367,24.8,503,United Kingdom,2.3856858846918487,3.540686953181308,2565.21,1857.741369047619,35.5338234985542,0
17955,6,6,949.9,43.17727272727273,681,30.954545454545453,158.31666666666666,16,93.0,466,United Kingdom,0.0,12.249898917748919,949.9,742.4271948608138,35.617258612971575,1
17956,57,1,12.75,12.75,1,1.0,12.75,1,0.0,0,United Kingdom,0.0,0.0,12.75,4653.75,31.928781759005545,1
17958,536,1,465.42,16.04896551724138,200,6.896551724137931,465.42,29,0.0,0,United Kingdom,0.0,12.065385221674871,465.42,169878.30000000002,2.7231943682899087,0
17959,400,1,140.75,70.375,49,24.5,140.75,2,0.0,0,United Kingdom,0.0,716.3112500000001,140.75,51373.75,10.999183989333519,1
17960,330,2,61.300000000000004,5.572727272727273,19,1.7272727272727273,30.650000000000002,11,118.0,118,United Kingdom,0.0,4.680409090909092,61.300000000000004,188.02100840336138,15.36562795043015,0
17961,4,83,2428.24,4.471896869244935,1231,2.2670349907918967,29.25590361445783,431,6.182926829268292,542,United Kingdom,0.3683241252302026,34.17964845772768,2428.24,1632.2423572744012,43.52316544044897,0
17962,357,4,550.15,3.6433774834437083,504,3.337748344370861,137.5375,126,48.666666666666664,146,United Kingdom,1.3245033112582782,4.317741006622518,550.15,1366.0187074829932,13.956661702190312,0
17963,279,4,643.16,5.900550458715596,341,3.128440366972477,160.79,98,72.0,217,United Kingdom,0.0,13.871261247026837,643.16,1076.8504587155962,18.726249359314632,1
17964,180,1,261.76,7.478857142857143,195,5.571428571428571,261.76,35,0.0,0,United Kingdom,0.0,11.066773445378152,261.76,95542.4,24.44019319661314,1
17965,60,25,5608.04,8.614500768049155,3511,5.393241167434716,224.3216,479,19.25,472,United Kingdom,1.3824884792626728,7.631595218716773,5608.04,4327.557293868922,34.59587842704193,0
17966,69,6,1012.49,19.852745098039215,1697,33.27450980392157,168.74833333333333,37,85.6,429,United Kingdom,0.0,1.5883066666666668,1012.49,859.4391860465116,31.77627488198591,0
17967,179,2,223.42,3.6626229508196717,111,1.819672131147541,111.71,59,44.0,44,United Kingdom,0.0,4.677365027322404,223.42,1812.1844444444444,24.597578750249394,1
17968,181,4,590.4399999999999,4.6128124999999995,352,2.75,147.60999999999999,106,46.0,138,United Kingdom,0.0,1.3273208661417322,590.4399999999999,1550.4359712230216,24.70480051762138,1
17969,169,26,2132.54,10.059150943396226,962,4.537735849056604,82.02076923076923,108,14.52,372,United Kingdom,7.0754716981132075,16.442898515604032,2132.54,2086.801876675603,27.75383790023376,0
17970,19,1,562.79,19.40655172413793,513,17.689655172413794,562.79,27,0.0,0,United Kingdom,0.0,10.543244827586205,562.79,205418.34999999998,34.294118975011145,1
17971,356,1,161.94,7.711428571428572,62,2.9523809523809526,161.94,21,0.0,0,United Kingdom,0.0,4.677004761904762,161.94,59108.1,13.687137030871142,1
17972,49,1,135.19,4.506333333333333,36,1.2,135.19,30,0.0,0,United Kingdom,0.0,12.648883793103447,135.19,49344.35,32.427296145811404,1
17974,27,4,1199.17,5.57753488372093,774,3.6,299.7925,177,62.0,187,United Kingdom,0.0,4.377813053683982,1199.17,2328.1757978723404,34.1567927793136,1
17975,0,20,4892.09,15.383930817610063,1491,4.688679245283019,244.6045,154,15.157894736842104,298,United Kingdom,0.628930817610063,7.281124659246476,4892.09,5971.949331103679,37.702230109901116,0
17976,180,1,321.79,5.645438596491228,93,1.631578947368421,321.79,56,0.0,0,United Kingdom,0.0,5.558350563909772,321.79,117453.35,24.44515184837134,1
17977,194,2,1165.41,13.710705882352942,1576,18.541176470588237,582.705,83,14.0,14,United Kingdom,2.3529411764705883,5.2182941736694675,1165.41,28358.31,23.759638935109937,1
17978,173,4,1159.99,17.313283582089554,1297,19.35820895522388,289.9975,62,121.66666666666667,366,United Kingdom,0.0,16.278575260063324,1159.99,1153.6685286103543,25.24024748459728,1
17979,67,3,211.77,3.715263157894737,77,1.3508771929824561,70.59,53,0.0,0,United Kingdom,1.7543859649122806,8.809008333333335,211.77,77296.05,31.53372575169723,0
17980,12,3,764.02,13.403859649122806,545,9.56140350877193,254.67333333333332,40,94.0,188,United Kingdom,0.0,5.891740476190476,764.02,1475.4883597883597,34.93709655795076,0
17981,218,1,239.12,14.065882352941177,260,15.294117647058824,239.12,17,0.0,0,United Kingdom,0.0,3.866377941176469,239.12,87278.8,22.118420747178828,1
17982,488,1,138.18,10.62923076923077,117,9.0,138.18,13,0.0,0,United Kingdom,0.0,1.802842307692308,138.18,50435.700000000004,5.626566327489225,1
17983,203,1,171.71,7.154583333333334,108,4.5,171.71,23,0.0,0,United Kingdom,0.0,4.2372775362318835,171.71,62674.15,23.02860340180997,1
17984,200,4,999.51,5.152113402061856,841,4.335051546391752,249.8775,165,114.66666666666667,346,United Kingdom,0.0,5.438925305806311,999.51,1051.357780979827,23.578639723732625,0
17987,184,5,691.35,4.489285714285715,584,3.792207792207792,138.27,132,43.5,174,United Kingdom,1.948051948051948,3.4910280112044823,691.35,1441.9585714285715,24.629488280119674,0
17988,134,8,353.41,3.6062244897959186,157,1.6020408163265305,44.17625,92,57.42857142857143,405,United Kingdom,0.0,18.82703025457606,353.41,317.7208128078818,27.95258397313428,0
17989,187,1,207.32999999999998,7.149310344827586,300,10.344827586206897,207.32999999999998,26,0.0,0,United Kingdom,0.0,2.131088177339902,207.32999999999998,75675.45,24.008346693713847,1
17990,44,7,1522.5700000000002,26.25120689655173,765,13.189655172413794,217.51000000000002,40,82.0,495,United Kingdom,1.7241379310344827,2.724100695704779,1522.5700000000002,1120.4396169354839,33.44416298023777,1
17991,33,3,300.3,7.902631578947369,93,2.4473684210526314,100.10000000000001,37,182.5,366,United Kingdom,0.0,15.29386578947368,300.3,298.66348773841963,33.6167406616514,1
17992,197,1,252.88,4.863076923076923,130,2.5,252.88,49,0.0,0,United Kingdom,0.0,4.01609592760181,252.88,92301.2,23.401608645058744,1
17993,425,1,225.99,3.7665,108,1.8,225.99,60,0.0,0,United Kingdom,0.0,3.500368898305084,225.99,82486.35,9.47997353381111,1
17994,81,11,1896.8899999999999,6.8727898550724635,1881,6.815217391304348,172.44454545454545,212,34.4,347,United Kingdom,1.0869565217391304,8.445327472990781,1896.8899999999999,1989.5541666666666,31.61424058711201,0
17995,89,3,495.48,17.08551724137931,263,9.068965517241379,165.16,28,52.0,105,United Kingdom,0.0,7.61238866995074,495.48,1706.133962264151,30.214059675800925,1
17996,187,3,482.33,7.1989552238805965,587,8.761194029850746,160.77666666666667,63,83.0,166,United Kingdom,0.0,12.242648665762097,482.33,1054.1943113772454,24.230067464831972,1
17998,188,4,601.74,10.198983050847458,531,9.0,150.435,57,119.0,358,United Kingdom,1.694915254237288,41.48712226767972,601.74,611.7969359331477,24.278383502979057,1
17999,174,2,338.41,4.177901234567901,161,1.9876543209876543,169.205,77,12.0,12,United Kingdom,0.0,8.2044112345679,338.41,9501.51153846154,24.912327562340867,1
18000,372,1,124.25,20.708333333333332,109,18.166666666666668,124.25,6,0.0,0,United Kingdom,0.0,8.649696666666667,124.25,45351.25,12.707222750975603,1
18001,257,4,509.01,6.7867999999999995,512,6.826666666666667,127.2525,69,95.33333333333333,287,United Kingdom,0.0,3.7484456576576584,509.01,645.0994791666667,20.058269524115754,1
18002,183,4,244.37,4.610754716981132,71,1.3396226415094339,61.0925,52,118.0,355,United Kingdom,0.0,23.263553991291726,244.37,250.54789325842697,24.55411401181378,1
18003,184,1,353.51,15.37,297,12.91304347826087,353.51,23,0.0,0,United Kingdom,0.0,1.6585086956521737,353.51,129031.15,24.203571767985355,1
18004,170,1,157.92,4.268108108108108,75,2.027027027027027,157.92,32,0.0,0,United Kingdom,0.0,7.045309159159161,157.92,57640.799999999996,25.042116322546516,1
18006,189,3,524.83,12.800731707317075,175,4.2682926829268295,174.94333333333336,36,170.0,340,United Kingdom,0.0,7.799381951219511,524.83,561.7681818181819,24.111477965749064,1
18007,200,1,215.22,4.3044,246,4.92,215.22,46,0.0,0,United Kingdom,0.0,6.711530163265306,215.22,78555.3,23.215347636900834,1
18008,11,21,19708.3,209.6627659574468,7761,82.56382978723404,938.4904761904761,75,24.45,499,United Kingdom,0.0,15.758872489132917,19708.3,14387.058999999997,38.354043757769105,1
18009,43,14,2065.48,11.1047311827957,635,3.413978494623656,147.53428571428572,146,31.615384615384617,417,United Kingdom,3.763440860215054,11.089727093868063,2065.48,1803.588995215311,34.246576391688485,1
18010,64,1,174.8,12.485714285714286,60,4.285714285714286,174.8,14,0.0,0,United Kingdom,0.0,29.527087912087907,174.8,63802.00000000001,31.51481713071253,1
18011,181,2,410.79,6.520476190476191,125,1.9841269841269842,205.395,63,194.0,194,United Kingdom,0.0,8.855565898617513,410.79,768.9146153846153,24.490955932495993,1
18012,531,1,115.3,8.86923076923077,63,4.846153846153846,115.3,13,0.0,0,United Kingdom,0.0,76.55144102564101,115.3,42084.5,2.999523748109919,1
18016,123,4,795.75,9.252906976744185,298,3.4651162790697674,198.9375,68,121.33333333333333,365,United Kingdom,0.0,5.300554035567715,795.75,793.575819672131,28.262663258799382,0
18017,118,2,330.0,165.0,200,100.0,165.0,1,120.0,120,United Kingdom,0.0,0.0,330.0,995.4545454545454,28.330436290801348,0
18018,7,4,72.0,3.4285714285714284,14,0.6666666666666666,18.0,16,73.33333333333333,221,United Kingdom,19.047619047619047,38.72522571428571,72.0,118.37837837837839,35.284686495695645,0
18020,351,2,129.28,9.234285714285715,43,3.0714285714285716,64.64,12,0.0,0,United Kingdom,14.285714285714285,16.251364835164832,129.28,47187.2,14.089192013148525,1
18021,317,2,216.41,6.7628125,168,5.25,108.205,32,2.0,2,United Kingdom,0.0,8.256663608870968,216.41,26329.883333333335,16.172091279050363,1
18022,193,4,894.53,3.4273180076628353,608,2.3295019157088124,223.6325,203,53.0,160,United Kingdom,0.0,3.7330311170055994,894.53,2027.9717391304346,23.99731849921606,1
18023,348,1,-3248.86,-3248.86,-1,-1.0,-3248.86,1,0.0,0,United Kingdom,100.0,0.0,-3248.86,-1185833.9000000001,13.893795566633536,1
18025,187,6,1177.72,10.515357142857143,1053,9.401785714285714,196.28666666666666,83,47.4,239,United Kingdom,0.0,3.8580715572715576,1177.72,1791.1158333333335,24.586016154340694,1
18026,308,2,2074.07,122.00411764705883,530,31.176470588235293,1037.035,12,4.0,4,United Kingdom,0.0,10.06719338235294,2074.07,151407.11000000002,16.87498992153999,1
18028,391,1,192.05,48.0125,133,33.25,192.05,4,0.0,0,United Kingdom,0.0,1.9799999999999998,192.05,70098.25,11.552872067273086,1
18029,450,1,433.77,24.098333333333333,253,14.055555555555555,433.77,18,0.0,0,United Kingdom,0.0,2.2819398692810453,433.77,158326.05,7.970885236983514,1
18031,186,1,451.3,7.163492063492064,298,4.73015873015873,451.3,49,0.0,0,United Kingdom,0.0,3.1675419354838716,451.3,164724.5,24.089549382940614,1
18032,142,1,73.5,14.7,42,8.4,73.5,5,0.0,0,United Kingdom,0.0,0.17075000000000004,73.5,26827.5,26.744544695592612,1
18034,183,1,335.52,3.226153846153846,392,3.769230769230769,335.52,97,0.0,0,United Kingdom,0.0,1.33854255974608,335.52,122464.79999999999,24.26313580296296,1
18035,193,2,546.34,68.2925,550,68.75,273.17,8,0.0,0,United Kingdom,0.0,0.20658392857142857,546.34,199414.1,23.76955202224781,1
18036,53,9,1252.32,4.6211070110701105,591,2.180811808118081,139.14666666666665,199,59.125,475,United Kingdom,0.0,6.999828252015855,1252.32,960.2873949579832,33.07139397366684,0
18037,33,14,158.22,5.103870967741935,35,1.1290322580645162,11.301428571428572,30,39.0,513,United Kingdom,0.0,25.275565591397854,158.22,112.35466926070038,34.69953180558169,0
18038,364,1,141.48,5.239999999999999,80,2.962962962962963,141.48,25,0.0,0,United Kingdom,0.0,15.80211794871795,141.48,51640.2,13.197046487248718,1
18039,182,4,548.22,3.469746835443038,555,3.5126582278481013,137.055,137,88.33333333333333,266,United Kingdom,0.0,3.6408542005966305,548.22,749.4393258426966,24.640262962364563,1
18040,53,1,239.0,19.916666666666668,96,8.0,239.0,12,0.0,0,United Kingdom,0.0,2.3309242424242433,239.0,87235.0,32.19167090809156,1
18041,21,32,6390.28,10.357017828200972,5665,9.181523500810373,199.69625,344,15.064516129032258,481,United Kingdom,0.48622366288492713,4.800546104422311,6390.28,4839.11244813278,37.73796350914109,0
18042,349,1,116.1,12.899999999999999,36,4.0,116.1,9,0.0,0,United Kingdom,0.0,8.007499999999999,116.1,42376.5,14.110700941536649,1
18043,14,2,421.59,4.533225806451613,229,2.4623655913978495,210.795,87,160.0,160,United Kingdom,0.0,7.158347078073871,421.59,955.7785714285714,34.687208239117034,1
18044,6,14,2300.22,16.913382352941174,1074,7.897058823529412,164.30142857142854,103,27.23076923076923,362,United Kingdom,0.0,16.832521307189545,2300.22,2312.8933884297517,36.524818854001005,0
18046,457,1,189.63,7.293461538461538,44,1.6923076923076923,189.63,26,0.0,0,United Kingdom,0.0,58.42332815384616,189.63,69214.95,7.523368138964311,1
18047,189,2,326.09,3.9287951807228914,130,1.5662650602409638,163.045,74,0.0,0,United Kingdom,0.0,10.240649074346162,326.09,119022.84999999999,23.995558978929434,1
18048,11,3,394.93,6.693728813559322,256,4.338983050847458,131.64333333333335,56,145.0,290,United Kingdom,0.0,4.743677498538864,394.93,495.35893470790376,34.967658716661425,1
18049,245,2,500.92,5.757701149425287,402,4.620689655172414,250.46,82,153.0,153,United Kingdom,0.0,6.23547602245389,500.92,1187.2454545454545,20.59119702417542,1
18050,167,2,412.06,17.915652173913042,250,10.869565217391305,206.03,22,33.0,33,United Kingdom,0.0,12.741517391304347,412.06,4423.585294117647,25.345761692872895,1
18051,442,8,2275.98,39.24103448275862,1657,28.56896551724138,284.4975,41,13.142857142857142,96,United Kingdom,5.172413793103448,2.9184602540834854,2275.98,8564.254639175257,9.307975016638027,1
18052,372,1,10877.18,679.82375,17766,1110.375,10877.18,16,0.0,0,United Kingdom,0.0,0.12818499999999997,10877.18,366939.9750000006,13.595445893575798,1
18053,292,4,230.7,16.478571428571428,101,7.214285714285714,57.675,13,14.0,43,United Kingdom,14.285714285714285,7.094464285714286,230.7,1913.7613636363637,17.898528175789,1
18054,200,1,176.5,16.045454545454547,96,8.727272727272727,176.5,11,0.0,0,United Kingdom,0.0,2.5936363636363637,176.5,64422.5,23.212149252824915,1
18055,11,11,6711.78,20.338727272727272,2190,6.636363636363637,610.1618181818181,227,20.4,209,United Kingdom,0.9090909090909091,13.631202582665562,6711.78,11665.712857142857,36.28546871142479,0
18056,96,3,539.75,17.411290322580644,331,10.67741935483871,179.91666666666666,28,165.0,330,United Kingdom,3.225806451612903,39.599661290322594,539.75,595.1925981873112,29.79036607859102,1
18057,201,3,1188.46,8.869104477611941,970,7.2388059701492535,396.15333333333336,121,148.5,297,United Kingdom,0.0,9.348462619234652,1188.46,1455.6640939597316,23.433694992040444,1
18058,349,2,603.9,46.45384615384615,306,23.53846153846154,301.95,11,126.0,126,United Kingdom,0.0,1.3260256410256412,603.9,1735.6181102362204,14.250497121047019,1
18060,216,2,1185.46,15.806133333333333,902,12.026666666666667,592.73,74,156.0,156,United Kingdom,0.0,10.149717009009008,1185.46,2756.0057324840764,22.41819378004377,1
18061,14,24,5146.52,50.45607843137255,3109,30.480392156862745,214.43833333333336,26,22.52173913043478,528,United Kingdom,0.9803921568627451,7.770534003106198,5146.52,3551.001512287335,37.266555859902425,0
18062,28,8,1288.77,25.7754,777,15.54,161.09625,43,53.285714285714285,377,United Kingdom,6.0,9.432427102040819,1288.77,1244.4472222222223,34.50115388786152,0
18063,198,2,186.60000000000002,62.20000000000001,48,16.0,93.30000000000001,2,242.0,242,United Kingdom,0.0,2.2058333333333326,186.60000000000002,280.283950617284,23.434586151721906,1
18064,43,14,4021.98,63.84095238095238,2411,38.26984126984127,287.2842857142857,48,33.38461538461539,441,United Kingdom,6.349206349206349,6.566075627240142,4021.98,3321.318325791855,34.40818895482219,0
18065,27,24,4591.78,18.818770491803278,1692,6.934426229508197,191.32416666666666,155,21.91304347826087,510,United Kingdom,1.639344262295082,12.664630209809086,4591.78,3279.842857142857,36.4270819365441,0
18066,194,2,1122.4,26.102325581395352,427,9.930232558139535,561.2,35,28.0,28,United Kingdom,0.0,15.11768095238095,1122.4,14126.758620689656,23.756086184616517,1
18068,97,1,101.69999999999999,101.69999999999999,6,6.0,101.69999999999999,1,0.0,0,United Kingdom,0.0,0.0,101.69999999999999,37120.49999999999,29.49412684447091,1
18069,43,9,3124.7400000000002,4.515520231213873,2318,3.3497109826589595,347.1933333333334,465,51.375,414,United Kingdom,0.1445086705202312,3.6080442926394705,3124.7400000000002,2748.2653012048195,33.83656189592968,0
18070,477,2,307.75,30.775,85,8.5,153.875,10,61.0,61,United Kingdom,10.0,3.410694444444446,307.75,1811.7540322580646,6.4116264594263015,1
18071,65,6,1169.68,16.474366197183098,678,9.549295774647888,194.9466666666667,52,95.2,477,United Kingdom,0.0,7.537594969818916,1169.68,893.165690376569,32.03345947517618,1
18073,4,2,241.08,48.216,196,39.2,120.54,4,0.0,0,United Kingdom,0.0,15.242829999999998,241.08,87994.20000000001,35.28279820112735,0
18074,181,2,1019.44,23.707906976744187,361,8.395348837209303,509.72,37,131.0,131,United Kingdom,0.0,9.625003875968995,1019.44,2818.9060606060607,24.54123218424725,1
18075,12,26,4257.16,15.593992673992673,2411,8.831501831501832,163.73692307692306,139,11.2,294,United Kingdom,8.791208791208792,15.372078024671396,4257.16,5267.333559322034,37.5141972468542,0
18076,188,1,151.49,18.93625,164,20.5,151.49,8,0.0,0,United Kingdom,0.0,2.4018285714285716,151.49,55293.850000000006,23.942684087033637,1
18077,34,11,2373.7599999999998,11.144413145539906,1856,8.713615023474178,215.79636363636362,95,50.0,506,United Kingdom,0.0,1.1636782133049866,2373.7599999999998,1708.9199211045363,34.52298429877593,0
18078,25,4,725.53,9.93876712328767,370,5.068493150684931,181.3825,65,136.33333333333334,410,United Kingdom,0.0,6.228318036529681,725.53,644.3271289537713,34.239768866451975,1
18079,46,2,2203.61,52.466904761904765,5226,124.42857142857143,1101.805,38,252.0,252,United Kingdom,0.0,2.1429979094076654,2203.61,3179.121146245059,32.88080629561246,0
18080,50,1,841.4999999999999,841.4999999999999,330,330.0,841.4999999999999,1,0.0,0,United Kingdom,0.0,0.0,841.4999999999999,307147.49999999994,32.424589335191676,1
18083,205,1,463.53,11.588249999999999,268,6.7,463.53,36,0.0,0,United Kingdom,0.0,13.576937179487182,463.53,169188.44999999998,22.930608456389468,1
18084,109,4,85.55,9.505555555555555,17,1.8888888888888888,21.3875,7,28.666666666666668,87,United Kingdom,33.33333333333333,13.162777777777778,85.55,354.8380681818182,29.058699537810195,1
18085,138,4,1341.8500000000001,21.642741935483873,507,8.17741935483871,335.46250000000003,42,99.0,298,United Kingdom,0.0,2.5638716287678474,1341.8500000000001,1638.044314381271,27.39202178374732,1
18086,82,1,101.34,14.477142857142857,106,15.142857142857142,101.34,7,0.0,0,United Kingdom,0.0,1.2900333333333334,101.34,36989.1,30.40984802317979,1
18087,98,19,13803.619999999999,151.68813186813185,7715,84.78021978021978,726.5063157894737,44,24.444444444444443,448,United Kingdom,4.395604395604396,6.222346471306471,13803.619999999999,11221.20556792873,32.355939812059,0
18089,254,1,428.45,42.845,95,9.5,428.45,9,0.0,0,United Kingdom,0.0,31.375666666666664,428.45,156384.25,19.936257755396618,1
18090,229,1,321.9,5.96111111111111,307,5.685185185185185,321.9,47,0.0,0,United Kingdom,0.0,2.175431726065689,321.9,117493.49999999999,21.453707943236747,1
18091,401,1,360.85,14.434000000000001,539,21.56,360.85,25,0.0,0,United Kingdom,0.0,5.730391666666663,360.85,131710.25,10.95631482536791,1
18092,35,13,9617.95,121.74620253164558,6157,77.9367088607595,739.8423076923077,26,41.75,507,United Kingdom,1.2658227848101267,4.819552547874067,9617.95,6910.534940944883,35.25933027532279,0
18093,102,7,3440.61,68.8122,2750,55.0,491.5157142857143,36,53.5,324,United Kingdom,4.0,2.453609959183673,3440.61,3864.0696923076925,30.06169509514459,0
18094,26,11,5082.52,51.338585858585866,3514,35.494949494949495,462.04727272727274,47,50.4,509,United Kingdom,5.05050505050505,4.291522778808491,5082.52,3637.489803921569,35.235136203743785,0
18095,120,5,2303.09,47.98104166666667,1623,33.8125,460.61800000000005,37,71.25,286,United Kingdom,0.0,4.922997163120567,2303.09,2929.016898954704,28.669826576541624,1
18096,250,3,808.81,4.147743589743589,621,3.1846153846153844,269.6033333333333,154,35.0,70,United Kingdom,0.0,5.327531625693898,808.81,4157.96690140845,20.410881811681904,1
18097,13,10,3415.88,31.62851851851852,2136,19.77777777777778,341.588,77,56.888888888888886,517,United Kingdom,1.8518518518518516,10.488676869158878,3415.88,2406.9424710424714,35.79161522170504,0
18098,204,1,527.94,6.138837209302326,215,2.5,527.94,85,0.0,0,United Kingdom,0.0,9.69962024623803,527.94,192698.1,22.996978969875737,1
18100,358,1,451.56,15.052,440,14.666666666666666,451.56,30,0.0,0,United Kingdom,0.0,8.379935747126439,451.56,164819.4,13.58896035908269,1
18101,182,3,399.61,5.791449275362319,160,2.318840579710145,133.20333333333335,62,149.5,300,United Kingdom,0.0,10.248592114236994,399.61,484.5769102990034,24.528484858647357,0
18102,14,107,378426.02,543.7155459770115,131387,188.7744252873563,3536.6917757009346,312,4.98019801980198,532,United Kingdom,1.293103448275862,18974.84905642192,378426.02,259147.27448405253,76.35922949355785,0
18103,357,1,105.8,10.58,23,2.3,105.8,10,0.0,0,United Kingdom,0.0,24.173583333333337,105.8,38617.0,13.621449643322576,1
18106,137,6,1441.06,7.5448167539267015,506,2.649214659685864,240.17666666666665,126,72.6,364,United Kingdom,0.0,7.15799351887572,1441.06,1441.06,27.660271853087355,1
18107,250,1,165.88,4.365263157894737,65,1.7105263157894737,165.88,38,0.0,0,United Kingdom,0.0,10.67478975817923,165.88,60546.2,20.158768957582033,1
18108,56,4,842.46,17.193061224489796,259,5.285714285714286,210.615,43,162.33333333333334,488,United Kingdom,4.081632653061225,6.92302525510204,842.46,628.8300613496933,32.35687573035663,1
18109,2,27,3937.57,9.53406779661017,1436,3.476997578692494,145.83592592592592,183,12.192307692307692,332,United Kingdom,2.663438256658596,14.974773973295095,3937.57,4315.955105105106,38.19780128585648,0
18110,219,1,193.48000000000002,5.5280000000000005,97,2.7714285714285714,193.48000000000002,29,0.0,0,United Kingdom,0.0,3.10182319327731,193.48000000000002,70620.20000000001,22.05360069002275,1
18111,391,2,398.9,13.296666666666665,228,7.6,199.45,27,6.0,6,United Kingdom,10.0,24.212891954022993,398.9,20799.785714285714,11.669460963567298,1
18112,226,2,420.67,11.685277777777777,188,5.222222222222222,210.335,34,133.0,133,United Kingdom,0.0,7.154796428571427,420.67,1145.8548507462688,21.744519301841127,0
18113,176,1,76.32000000000001,76.32000000000001,72,72.0,76.32000000000001,1,0.0,0,United Kingdom,0.0,0.0,76.32000000000001,27856.800000000003,24.6690755600531,1
18114,98,1,220.1,7.860714285714286,55,1.9642857142857142,220.1,28,0.0,0,United Kingdom,0.0,25.76797288359788,220.1,80336.5,29.442856966132336,1
18115,505,1,9.700000000000001,3.233333333333334,3,1.0,9.700000000000001,3,0.0,0,United Kingdom,0.0,5.585833333333333,9.700000000000001,3540.5000000000005,4.578102469749907,1
18116,42,12,1970.93,3.7328219696969698,1097,2.077651515151515,164.24416666666667,304,15.636363636363637,177,United Kingdom,0.0,5.020073308032893,1970.93,4041.513764044944,34.10081137393705,1
18118,14,22,3854.47,4.306670391061452,1965,2.195530726256983,175.2031818181818,343,7.9523809523809526,175,United Kingdom,0.5586592178770949,6.439694517890847,3854.47,7993.645170454545,36.960823814909965,0
18119,175,1,180.7,6.23103448275862,124,4.275862068965517,180.7,29,0.0,0,United Kingdom,0.0,6.905767241379309,180.7,65955.5,24.738747711233433,1
18120,22,1,111.15,6.538235294117648,31,1.8235294117647058,111.15,17,0.0,0,United Kingdom,0.0,5.899981617647057,111.15,40569.75,34.07366202057872,1
18123,321,1,92.2,4.190909090909091,34,1.5454545454545454,92.2,22,0.0,0,United Kingdom,0.0,7.2802331168831165,92.2,33653.0,15.818128441759264,1
18124,280,1,102.65,5.1325,47,2.35,102.65,20,0.0,0,United Kingdom,0.0,2.590167368421053,102.65,37467.25,18.32204414505953,1
18125,9,4,932.25,5.516272189349112,690,4.0828402366863905,233.0625,146,37.666666666666664,114,United Kingdom,0.591715976331361,3.4787934488588315,932.25,2958.8804347826085,35.23364551360869,1
18127,211,1,209.05,9.954761904761906,63,3.0,209.05,21,0.0,0,United Kingdom,0.0,3.8519999999999994,209.05,76303.25,22.54328730549096,0
18128,345,1,399.29,9.506904761904762,216,5.142857142857143,399.29,42,0.0,0,United Kingdom,0.0,2.799401161440186,399.29,145740.85,14.378293499436781,1
18129,51,1,112.55000000000001,8.039285714285715,48,3.4285714285714284,112.55000000000001,13,0.0,0,United Kingdom,0.0,8.741057692307693,112.55000000000001,41080.75000000001,32.30332589417929,1
18131,439,1,222.95999999999998,55.739999999999995,552,138.0,222.95999999999998,4,0.0,0,United Kingdom,0.0,0.573225,222.95999999999998,81380.4,8.62502239233985,1
18132,312,1,220.13,3.5504838709677418,212,3.4193548387096775,220.13,60,0.0,0,United Kingdom,0.0,2.844084505552617,220.13,80347.45,16.378146379506106,1
18133,19,2,715.4999999999999,357.74999999999994,0,0.0,357.74999999999994,2,1.0,1,United Kingdom,50.0,0.14045,715.4999999999999,130578.74999999999,34.406235750595904,1
18134,406,2,445.0,15.892857142857142,128,4.571428571428571,222.5,27,96.0,96,United Kingdom,0.0,10.447261904761902,445.0,1674.484536082474,10.75751804125388,1
18135,200,8,547.3100000000001,27.365500000000004,400,20.0,68.41375000000001,16,34.142857142857146,241,United Kingdom,15.0,12.45896289473684,547.3100000000001,825.488223140496,23.939296645078212,0
18136,14,8,1348.23,15.320795454545454,753,8.556818181818182,168.52875,73,34.42857142857143,244,United Kingdom,6.8181818181818175,5.808472400731451,1348.23,2008.5875510204082,35.3607663106707,1
18137,359,2,145.99,5.034137931034483,59,2.0344827586206895,72.995,26,0.0,0,United Kingdom,0.0,8.037332758620689,145.99,53286.350000000006,13.60217181911551,1
18138,103,1,152.65,19.08125,38,4.75,152.65,8,0.0,0,United Kingdom,0.0,13.846026785714285,152.65,55717.25,29.13203509564647,1
18140,281,1,536.41,9.933518518518518,395,7.314814814814815,536.41,49,0.0,0,West Indies,0.0,5.079883612858142,536.41,195789.65,18.296823915537644,1
18141,168,4,838.57,19.05840909090909,420,9.545454545454545,209.6425,38,75.66666666666667,228,United Kingdom,4.545454545454546,5.355353911205075,838.57,1336.5853711790394,25.51894756749009,1
18142,19,2,280.38,28.038,291,29.1,140.19,9,4.0,4,United Kingdom,10.0,2.908516666666667,280.38,20467.74,34.37029357913118,0
18144,20,14,3609.85,53.086029411764706,1584,23.294117647058822,257.8464285714286,49,38.69230769230769,510,United Kingdom,0.0,12.117037313432832,3609.85,2578.464285714286,35.778297228053944,0
18145,12,10,3754.27,15.077389558232932,3336,13.397590361445783,375.427,158,58.0,526,United Kingdom,0.4016064257028112,4.274073691540354,3754.27,2600.2059772296016,35.88061727623265,1
18146,28,1,76.65,19.1625,27,6.75,76.65,4,0.0,0,United Kingdom,0.0,3.0,76.65,27977.250000000004,33.70451185441732,0
18148,454,1,112.85000000000001,11.285,63,6.3,112.85000000000001,9,0.0,0,United Kingdom,0.0,5.4463655555555555,112.85000000000001,41190.25,7.700176071873039,1
18149,23,6,1491.56,16.759101123595507,839,9.426966292134832,248.59333333333333,54,83.6,420,United Kingdom,0.0,2.761651813074565,1491.56,1293.1577197149643,34.62415025896771,1
18150,9,1,227.57999999999998,16.255714285714284,140,10.0,227.57999999999998,14,0.0,0,United Kingdom,0.0,2.8915999999999995,227.57999999999998,83066.7,34.8769302692388,0
18151,97,6,1513.14,17.594651162790697,736,8.55813953488372,252.19000000000003,78,70.6,355,United Kingdom,1.1627906976744187,40.10344968536251,1513.14,1551.393539325843,30.108228311727,0
18152,454,1,426.69,42.669,75,7.5,426.69,10,0.0,0,United Kingdom,0.0,20.62028444444444,426.69,155741.85,7.72610016429005,1
18153,467,1,246.22,14.483529411764707,200,11.764705882352942,246.22,17,0.0,0,United Kingdom,0.0,0.5119617647058825,246.22,89870.3,6.917542026264741,1
18154,196,3,533.41,20.51576923076923,371,14.26923076923077,177.8033333333333,22,50.5,102,United Kingdom,0.0,2.3192395384615385,533.41,1890.2393203883494,23.68483627123364,1
18155,99,1,113.93,14.24125,91,11.375,113.93,8,0.0,0,United Kingdom,0.0,3.684326785714286,113.93,41584.450000000004,29.373036955770797,0
18156,177,1,186.88,3.7376,68,1.36,186.88,50,0.0,0,United Kingdom,0.0,2.281183836734694,186.88,68211.2,24.617158075021464,1
18157,379,1,213.9,8.556000000000001,145,5.8,213.9,25,0.0,0,United Kingdom,0.0,13.445760999999996,213.9,78073.5,12.287277673119137,1
18159,109,1,530.15,23.05,139,6.043478260869565,530.15,23,0.0,0,United Kingdom,0.0,19.920889328063232,530.15,193504.75,28.79691732202843,1
18160,8,2,684.37,15.208222222222222,372,8.266666666666667,342.185,41,185.0,185,United Kingdom,0.0,7.986655252525253,684.37,1342.9841397849461,35.07521499404008,1
18161,60,3,730.73,18.268250000000002,470,11.75,243.57666666666668,31,62.5,126,United Kingdom,0.0,13.45241435897436,730.73,2100.129527559055,32.00394377718917,0
18162,540,1,371.51,8.076304347826087,332,7.217391304347826,371.51,45,0.0,0,United Kingdom,0.0,1.5696773429951691,371.51,135601.15,2.4712368862650353,1
18163,368,2,639.34,16.824736842105263,430,11.31578947368421,319.67,33,23.0,23,United Kingdom,13.157894736842104,14.99708477951636,639.34,9723.295833333334,13.093473407677743,1
18166,431,1,175.5,17.55,90,9.0,175.5,10,0.0,0,United Kingdom,0.0,1.8667777777777783,175.5,64057.5,9.109502547366292,1
18168,12,21,3237.15,8.6324,1885,5.026666666666666,154.15,209,27.63157894736842,532,United Kingdom,5.866666666666666,6.335414521212114,3237.15,2216.810037523452,36.932429030601135,0
18170,25,7,2201.9,22.241414141414143,894,9.030303030303031,314.5571428571429,50,79.83333333333333,483,United Kingdom,0.0,14.34162308802309,2201.9,1660.5237603305786,34.66022876452505,0
18171,42,7,1652.74,25.041515151515153,674,10.212121212121213,236.1057142857143,58,77.83333333333333,469,United Kingdom,1.5151515151515151,73.29118620046621,1652.74,1283.5108510638297,33.57701552111792,0
18172,19,46,13507.97,34.63582051282051,5613,14.392307692307693,293.65152173913043,151,11.674418604651162,517,United Kingdom,2.8205128205128207,226.82620239997354,13507.97,9518.164189189189,39.84104025342728,0
18173,7,4,2318.36,59.445128205128206,1538,39.43589743589744,579.59,31,137.33333333333334,413,United Kingdom,0.0,5.4485271255060725,2318.36,2043.964734299517,35.4702423338357,1
18174,411,1,58.5,58.5,30,30.0,58.5,1,0.0,0,United Kingdom,0.0,0.0,58.5,21352.5,10.320839229708353,1
18175,483,1,176.1,25.157142857142855,70,10.0,176.1,7,0.0,0,United Kingdom,0.0,17.95333333333333,176.1,64276.5,5.934948934499832,1
18176,161,2,448.65,13.595454545454544,279,8.454545454545455,224.325,30,4.0,4,United Kingdom,9.090909090909092,8.500388257575759,448.65,32751.449999999997,25.715084499083847,1
18177,12,8,1561.3,22.627536231884058,886,12.840579710144928,195.1625,57,86.0,519,United Kingdom,1.4492753623188406,1.0130058823529409,1561.3,1095.9125,35.500466631506775,0
18178,27,13,5573.52,17.202222222222222,3556,10.975308641975309,428.7323076923077,190,36.166666666666664,439,United Kingdom,0.9259259259259258,9.0067120743034,5573.52,4623.488181818182,35.413649139028756,0
18179,60,6,1857.54,25.445753424657532,1180,16.164383561643834,309.59,70,81.8,410,United Kingdom,0.0,5.296039497716895,1857.54,1649.6401459854014,32.39552900745288,1
18181,208,6,799.76,5.753669064748201,374,2.6906474820143886,133.29333333333332,119,83.5,335,United Kingdom,1.4388489208633095,6.149846095297676,799.76,868.7869047619047,23.2727442822756,1
18182,271,1,291.13,29.113,167,16.7,291.13,10,0.0,0,United Kingdom,0.0,2.802928888888889,291.13,106262.45,18.88706368806972,1
18183,26,6,600.52,13.648181818181818,362,8.227272727272727,100.08666666666666,36,11.0,56,United Kingdom,15.909090909090908,9.477239482029596,600.52,3845.435087719298,34.367397592682,1
18185,57,1,304.25,17.897058823529413,183,10.764705882352942,304.25,17,0.0,0,United Kingdom,0.0,15.214411764705883,304.25,111051.25,31.95286050275892,1
18186,530,1,329.58,29.96181818181818,338,30.727272727272727,329.58,11,0.0,0,United Kingdom,0.0,6.140845454545454,329.58,120296.7,3.078273957398309,1
18187,431,3,682.19,12.63314814814815,304,5.62962962962963,227.39666666666668,48,3.5,8,United Kingdom,11.11111111111111,12.684625471698107,682.19,27666.594444444447,9.350361583116387,1
18188,98,5,1691.3,21.40886075949367,881,11.151898734177216,338.26,65,82.75,333,United Kingdom,1.2658227848101267,3.131466082440766,1691.3,1848.2769461077844,29.96239229480291,1
18189,71,4,939.44,15.657333333333334,619,10.316666666666666,234.86,54,120.33333333333333,362,United Kingdom,3.3333333333333335,5.008543361581922,939.44,944.6159779614326,31.449135643316524,1
18190,0,6,735.6700000000001,17.108604651162793,489,11.372093023255815,122.61166666666668,34,104.6,525,United Kingdom,2.3255813953488373,9.111298006644516,735.6700000000001,510.49344106463883,35.96586296117834,1
18191,69,2,529.4,35.29333333333333,332,22.133333333333333,264.7,15,215.0,215,United Kingdom,0.0,8.449238095238096,529.4,894.5879629629629,31.338360299422174,1
18193,174,3,942.74,17.140727272727272,799,14.527272727272727,314.24666666666667,50,37.5,76,United Kingdom,1.8181818181818181,24.515680269360278,942.74,4468.8324675324675,25.061749457149972,0
18194,246,5,3188.2000000000003,151.81904761904764,1142,54.38095238095238,637.6400000000001,16,59.75,241,United Kingdom,0.0,6.342246190476191,3188.2000000000003,4808.648760330579,21.050631532204942,1
18195,195,1,101.16,20.232,60,12.0,101.16,5,0.0,0,United Kingdom,0.0,4.41512,101.16,36923.4,23.511176256001878,1
18196,98,3,1221.34,5.654351851851851,848,3.925925925925926,407.1133333333333,160,171.0,342,United Kingdom,0.0,5.072967407407406,1221.34,1299.6766763848395,29.724567263368638,1
18197,321,2,221.4,20.12727272727273,162,14.727272727272727,110.7,9,62.0,62,United Kingdom,18.181818181818183,1.568909090909091,221.4,1282.7142857142858,15.928303223293787,1
18198,11,11,3174.46,36.07340909090909,2612,29.681818181818183,288.5872727272727,48,12.9,133,United Kingdom,1.1363636363636365,3.2870004179728323,3174.46,8646.85,35.99327584057168,0
18199,483,2,342.2,16.295238095238094,98,4.666666666666667,171.1,20,7.0,7,United Kingdom,4.761904761904762,9.82808333333333,342.2,15612.875,6.048171762842244,1
18201,530,1,447.53000000000003,16.575185185185187,191,7.074074074074074,447.53000000000003,27,0.0,0,United Kingdom,0.0,14.144614814814814,447.53000000000003,163348.45,3.0880169688072634,1
18202,7,3,1396.99,20.543970588235293,581,8.544117647058824,465.66333333333336,55,55.5,111,United Kingdom,0.0,12.505485250219492,1396.99,4552.690625,35.29463201734711,1
18203,189,3,332.1,8.3025,68,1.7,110.7,30,174.0,349,United Kingdom,0.0,16.136411282051284,332.1,346.33285714285716,24.095557909887702,0
18204,0,1,540.98,6.1475,387,4.3977272727272725,540.98,84,0.0,0,United Kingdom,0.0,4.432528095611286,540.98,197457.7,35.45226856583277,0
18206,361,1,314.65999999999997,16.561052631578946,246,12.947368421052632,314.65999999999997,19,0.0,0,United Kingdom,0.0,0.39381520467836256,314.65999999999997,114850.9,13.394501839672346,1
18207,301,3,505.12,14.856470588235295,300,8.823529411764707,168.37333333333333,31,2.0,5,United Kingdom,8.823529411764707,19.36517869875223,505.12,30728.133333333335,17.272243025091186,1
18208,373,1,360.08,21.181176470588234,82,4.823529411764706,360.08,17,0.0,0,United Kingdom,0.0,24.49089926470588,360.08,131429.19999999998,12.665652930540835,1
18210,75,2,289.85,19.323333333333334,163,10.866666666666667,144.925,14,115.0,115,United Kingdom,0.0,6.330880952380953,289.85,912.0280172413794,30.952272409738892,1
18211,86,1,137.9,17.2375,56,7.0,137.9,8,0.0,0,United Kingdom,0.0,12.542098214285714,137.9,50333.5,30.1686677408033,0
18212,134,2,514.37,11.18195652173913,158,3.4347826086956523,257.185,40,351.0,351,United Kingdom,0.0,8.875174299516909,514.37,533.3666193181817,27.36886480966353,1
18213,44,1,232.48000000000002,15.498666666666669,232,15.466666666666667,232.48000000000002,15,0.0,0,United Kingdom,0.0,2.021726666666667,232.48000000000002,84855.20000000001,32.74058288666982,1
18214,338,5,1480.99,23.886935483870968,790,12.741935483870968,296.198,38,5.25,23,United Kingdom,6.451612903225806,5.36518500793231,1480.99,22523.389583333334,15.293005428041191,1
18215,208,5,1924.65,24.995454545454546,1012,13.142857142857142,384.93,49,55.25,222,United Kingdom,1.2987012987012987,6.980627853725215,1924.65,3150.2118834080716,23.266160964733075,1
18217,321,4,281.05,21.61923076923077,219,16.846153846153847,70.2625,7,4.0,12,United Kingdom,30.76923076923077,3.383356410256411,281.05,7891.019230769231,16.132235461076448,1
18218,14,6,1086.1399999999999,26.49121951219512,990,24.146341463414632,181.0233333333333,25,90.2,453,United Kingdom,7.317073170731707,2.5087112195121954,1086.1399999999999,873.2182819383258,35.14011194292086,1
18219,22,13,2189.7400000000002,16.588939393939395,1094,8.287878787878787,168.44153846153847,71,42.833333333333336,517,United Kingdom,1.5151515151515151,9.426511745315755,2189.7400000000002,1542.9635135135138,35.439389421850976,0
18220,27,11,1771.7,55.365625,1258,39.3125,161.06363636363636,17,50.1,504,United Kingdom,21.875,9.456511189516128,1771.7,1280.5356435643564,34.90060282745001,1
18221,19,3,571.5,15.039473684210526,318,8.368421052631579,190.5,31,89.0,178,United Kingdom,7.894736842105263,7.626008250355618,571.5,1165.3491620111731,34.49384342134682,0
18223,7,38,9870.2,19.77995991983968,4796,9.61122244488978,259.7421052631579,163,14.027027027027026,536,United Kingdom,12.024048096192384,6.296445214927847,9870.2,6708.795158286779,39.47713075392259,0
18224,71,1,158.95000000000002,15.895000000000001,69,6.9,158.95000000000002,10,0.0,0,United Kingdom,0.0,3.3721111111111117,158.95000000000002,58016.75000000001,31.086157447483917,1
18225,4,25,8855.76,21.442518159806294,4931,11.939467312348668,354.23040000000003,217,22.041666666666668,538,United Kingdom,3.631961259079903,6.799184652906748,8855.76,5996.943228200372,38.282952918444686,0
18226,6,30,8765.15,22.360076530612243,5853,14.931122448979592,292.1716666666667,250,14.862068965517242,446,United Kingdom,3.571428571428571,25.841097186700765,8765.15,7157.225391498881,38.650880585882796,0
18227,25,3,93.75,13.392857142857142,21,3.0,31.25,6,132.5,266,United Kingdom,14.285714285714285,19544.46726190476,93.75,128.16011235955057,34.08807952218822,1
18229,6,16,5732.31,67.43894117647059,1133,13.329411764705883,358.269375,41,35.13333333333333,537,United Kingdom,0.0,15.183364761904759,5732.31,3889.020724907063,37.00732439738787,0
18230,15,7,2654.1600000000003,25.768543689320392,1330,12.912621359223301,379.16571428571433,42,52.5,318,United Kingdom,1.9417475728155338,2.745159242337713,2654.1600000000003,3036.8915360501574,35.308087360102505,0
18231,0,30,6821.37,17.626279069767442,2900,7.493540051679586,227.379,218,16.93103448275862,506,United Kingdom,1.03359173126615,9.636308025063267,6821.37,4910.848224852071,38.8566190978678,1
18232,0,2,370.98,15.457500000000001,170,7.083333333333333,185.49,24,4.0,4,United Kingdom,0.0,9.54089981884058,370.98,27081.54,35.5377285613261,0
18233,133,1,440.0,440.0,4,4.0,440.0,1,0.0,0,United Kingdom,0.0,0.0,440.0,160600.0,27.32426920588574,1
18234,359,1,179.6,5.986666666666666,80,2.6666666666666665,179.6,30,0.0,0,United Kingdom,0.0,3.818117816091955,179.6,65554.0,13.50544561483823,1
18235,25,1,430.46000000000004,14.84344827586207,332,11.448275862068966,430.46000000000004,29,0.0,0,United Kingdom,0.0,4.49711354679803,430.46000000000004,157117.90000000002,33.91688776767859,0
18236,48,7,1036.31,18.180877192982454,345,6.052631578947368,148.0442857142857,50,60.0,362,United Kingdom,0.0,10.043266040100251,1036.31,1042.019696969697,33.159796252546904,0
18238,323,1,270.92,19.351428571428574,114,8.142857142857142,270.92,14,0.0,0,United Kingdom,0.0,4.187026373626375,270.92,98885.8,15.710791108968243,1
18239,26,6,1712.26,17.836041666666667,844,8.791666666666666,285.37666666666667,85,40.2,204,United Kingdom,0.0,7.192192094298251,1712.26,3048.6580487804877,34.45923053463869,1
18241,25,6,1261.83,15.772874999999999,659,8.2375,210.30499999999998,66,79.4,399,United Kingdom,1.25,7.625870316455698,1261.83,1151.419875,34.48307377390889,0
18242,4,6,2066.8,23.486363636363638,1412,16.045454545454547,344.4666666666667,68,99.8,501,United Kingdom,0.0,6.813407928422152,2066.8,1502.752988047809,35.83161790796412,1
18243,222,1,515.78,19.837692307692308,221,8.5,515.78,26,0.0,0,United Kingdom,0.0,4.895346615384615,515.78,188259.69999999998,21.897073419777243,1
18244,238,2,568.64,29.928421052631577,856,45.05263157894737,284.32,19,72.0,72,United Kingdom,0.0,1.1433701754385963,568.64,2843.2000000000003,21.024141319542924,1
18245,19,20,4975.46,13.093315789473685,4313,11.35,248.773,275,24.705882352941178,429,United Kingdom,1.3157894736842104,5.9375686960144405,4975.46,4223.355581395349,36.54916555326631,0
18246,41,2,395.62,131.87333333333333,118,39.333333333333336,197.81,2,376.0,376,United Kingdom,0.0,0.06453333333333335,395.62,383.02732095490717,33.03671139359463,1
18247,217,6,721.43,15.349574468085105,305,6.48936170212766,120.23833333333333,28,43.8,221,United Kingdom,21.27659574468085,13.813565032377427,721.43,1186.1349099099098,22.716823448097088,1
18250,109,2,342.92,15.587272727272728,198,9.0,171.46,21,9.0,9,United Kingdom,4.545454545454546,13.067993290043292,342.92,12516.58,28.880954069649132,1
18251,253,8,21964.14,238.74065217391305,31815,345.8152173913044,2745.5175,77,38.42857142857143,272,United Kingdom,0.0,0.9646049092212136,21964.14,29365.974725274726,22.472735558926004,1
18252,356,6,938.92,22.900487804878047,692,16.878048780487806,156.48666666666665,35,36.0,182,United Kingdom,2.4390243902439024,12.943290243902439,938.92,1872.7092896174863,14.248830265668348,0
18253,450,1,317.88,45.41142857142857,128,18.285714285714285,317.88,7,0.0,0,United Kingdom,0.0,8.777128571428573,317.88,116026.2,7.961312387537276,1
18254,389,1,267.9,16.74375,188,11.75,267.9,16,0.0,0,United Kingdom,0.0,0.44815625000000003,267.9,97783.49999999999,11.681237618922756,1
18255,264,1,199.85,15.373076923076923,127,9.76923076923077,199.85,13,0.0,0,United Kingdom,0.0,1.3743743589743591,199.85,72945.25,19.306874123208114,1
18256,162,2,60.599999999999994,4.328571428571428,110,7.857142857142857,30.299999999999997,10,32.0,32,United Kingdom,28.57142857142857,0.23503736263736266,60.599999999999994,670.2727272727273,25.62198038481424,1
18257,8,12,2893.57,14.39587064676617,1610,8.009950248756219,241.13083333333336,163,41.18181818181818,458,United Kingdom,4.975124378109453,7.450225990049748,2893.57,2300.987037037037,36.25272618424156,0
18258,272,8,2040.97,38.5088679245283,1973,37.22641509433962,255.12125,30,15.142857142857142,108,United Kingdom,5.660377358490567,11.500255370101597,2040.97,6834.440825688073,19.66707288890662,1
18259,174,5,1979.6000000000001,39.592000000000006,676,13.52,395.92,36,90.75,365,United Kingdom,0.0,2.385327551020408,1979.6000000000001,1974.1912568306013,25.346402069489177,1
18260,8,31,9309.97,22.930960591133005,5031,12.391625615763546,300.3216129032258,205,17.0,524,United Kingdom,4.679802955665025,427.87505937845873,9309.97,6472.6458095238095,38.67328666033874,0
18262,201,2,428.06,14.760689655172413,370,12.758620689655173,214.03,27,209.0,209,United Kingdom,0.0,1.4900381773399012,428.06,744.0090476190476,23.27138126348318,0
18263,60,1,307.59999999999997,20.506666666666664,328,21.866666666666667,307.59999999999997,15,0.0,0,United Kingdom,0.0,0.5287123809523809,307.59999999999997,112273.99999999999,31.76998703930539,0
18264,306,1,603.25,16.756944444444443,241,6.694444444444445,603.25,36,0.0,0,United Kingdom,0.0,15.89270634920635,603.25,220186.25,16.776093566756018,1
18266,242,1,251.1,17.935714285714287,138,9.857142857142858,251.1,14,0.0,0,United Kingdom,0.0,1.731428571428571,251.1,91651.5,20.654208864653747,1
18267,467,2,252.87,12.6435,131,6.55,126.435,18,13.0,13,United Kingdom,15.0,4.191804210526318,252.87,6592.682142857142,7.017593823075505,1
18268,399,6,1451.22,21.03217391304348,702,10.173913043478262,241.87,36,27.0,137,United Kingdom,4.3478260869565215,8.44442864450128,1451.22,3838.371739130435,11.665995103379714,0
18269,166,2,138.9,17.3625,70,8.75,69.45,7,8.0,8,United Kingdom,12.5,2.276964285714286,138.9,5633.166666666667,25.38424794725513,1
18270,48,3,229.15,17.626923076923077,145,11.153846153846153,76.38333333333334,12,95.5,192,United Kingdom,15.384615384615385,17.3924358974359,229.15,433.36658031088086,32.69511254995519,1
18271,417,2,680.85,32.42142857142857,319,15.19047619047619,340.425,19,121.0,121,United Kingdom,0.0,1.3156857142857146,680.85,2036.9692622950822,10.105449262376391,1
18272,20,7,2249.29,18.589173553719007,1609,13.297520661157025,321.32714285714286,94,71.83333333333333,432,United Kingdom,4.958677685950414,3.235794999999998,2249.29,1896.0527713625868,34.96939362094679,0
18273,65,2,204.0,102.0,80,40.0,102.0,1,332.0,332,United Kingdom,0.0,0.0,204.0,223.6036036036036,31.55568156174472,1
18275,386,2,741.85,39.044736842105266,417,21.94736842105263,370.925,19,152.0,152,United Kingdom,0.0,2.719343274853802,741.85,1769.7728758169937,12.003039931494172,1
18276,193,7,1297.31,15.630240963855421,1055,12.710843373493976,185.32999999999998,69,56.666666666666664,343,United Kingdom,3.614457831325301,6.621886423743755,1297.31,1376.50625,24.329096755758485,1
18277,126,7,1001.0,16.683333333333334,376,6.266666666666667,143.0,49,29.166666666666668,176,United Kingdom,6.666666666666667,135.20496225988705,1001.0,2064.2090395480227,28.394974782436552,1
18278,212,1,240.3,16.02,74,4.933333333333334,240.3,15,0.0,0,United Kingdom,0.0,6.758380952380951,240.3,87709.5,22.484818584894736,1
18279,327,1,231.33999999999997,17.795384615384613,630,48.46153846153846,231.33999999999997,13,0.0,0,United Kingdom,0.0,0.0858025641025641,231.33999999999997,84439.09999999999,15.46332144220279,1
18280,85,3,472.45000000000005,14.764062500000001,192,6.0,157.48333333333335,28,57.5,116,United Kingdom,6.25,10.980884576612906,472.45000000000005,1473.882478632479,30.45635757534031,1
18281,385,1,120.32,12.032,92,9.2,120.32,10,0.0,0,United Kingdom,0.0,3.507632222222222,120.32,43916.799999999996,11.913247327949335,0
18283,8,11,1134.89,2.5851708428246014,648,1.4760820045558087,103.1718181818182,240,45.2,457,United Kingdom,0.0,2.5253421703539614,1134.89,904.4429039301311,36.007951638140156,0
18284,237,2,436.68,15.05793103448276,493,17.0,218.34,28,2.0,2,United Kingdom,3.4482758620689653,98.6724578817734,436.68,53129.4,21.074291102631765,1
18285,468,1,427.0,35.583333333333336,145,12.083333333333334,427.0,12,0.0,0,United Kingdom,0.0,190.0477272727273,427.0,155855.0,6.871424916486497,1
18286,284,3,1188.43,16.97757142857143,592,8.457142857142857,396.1433333333334,67,123.0,247,United Kingdom,4.285714285714286,46.43323571428569,1188.43,1749.1006048387096,18.366537446798542,1
18287,9,6,3105.89,27.007739130434782,1913,16.63478260869565,517.6483333333333,94,106.8,536,United Kingdom,0.8695652173913043,23.094306895499624,3105.89,2111.0797951582867,35.612199444383435,1
